Distance_m,RSSI_dBm,Timestamp
0.15,-51,1770628280.5154000
0.15,-51,1770628280.5155100
0.15,-51,1770628280.5156000
0.15,-51,1770628280.5156800
0.15,-51,1770628280.5157700
0.15,-51,1770628280.515860
0.15,-51,1770628280.5160700
0.15,-51,1770628280.5161500
0.15,-51,1770628280.5162200
0.15,-51,1770628280.516280
0.15,-51,1770628280.5163500
0.15,-51,1770628280.5164100
0.15,-51,1770628280.5164700
0.15,-51,1770628280.5165400
0.15,-51,1770628280.5166000
0.15,-51,1770628280.5166600
0.15,-51,1770628280.5167300
0.15,-51,1770628280.5168000
0.15,-51,1770628280.5168600
0.15,-51,1770628280.516920
0.15,-51,1770628280.5169900
0.15,-51,1770628280.5170500
0.15,-51,1770628280.5171100
0.15,-51,1770628280.5171800
0.15,-52,1770628280.5172400
0.15,-51,1770628280.5173000
0.15,-51,1770628280.5173700
0.15,-51,1770628280.5174300
0.15,-52,1770628280.517490
0.15,-51,1770628280.517560
0.15,-50,1770628280.5176200
0.15,-51,1770628280.5177000
0.15,-51,1770628280.5177600
0.15,-51,1770628280.5178300
0.15,-51,1770628280.51789
0.15,-50,1770628280.5179500
0.15,-51,1770628280.5180200
0.15,-51,1770628280.5180800
0.15,-51,1770628280.5181400
0.15,-52,1770628280.5182100
0.15,-52,1770628280.5182700
0.15,-52,1770628280.5183300
0.15,-53,1770628280.5184000
0.15,-55,1770628280.5184600
0.15,-56,1770628280.5185200
0.15,-56,1770628280.518590
0.15,-56,1770628280.5186500
0.15,-56,1770628280.518720
0.15,-56,1770628280.5187800
0.15,-56,1770628280.5188400
0.15,-56,1770628280.5189100
0.15,-56,1770628280.5189700
0.15,-56,1770628280.5190300
0.15,-56,1770628280.5191000
0.15,-56,1770628280.5191600
0.15,-56,1770628280.5192200
0.15,-56,1770628280.5192800
0.15,-56,1770628280.5193500
0.15,-55,1770628280.5195100
0.15,-55,1770628280.5196000
0.15,-54,1770628280.5197000
0.15,-55,1770628280.5197700
0.15,-56,1770628280.5198300
0.15,-56,1770628280.5198900
0.15,-55,1770628280.5199700
0.15,-55,1770628280.520130
0.15,-55,1770628280.5202000
0.15,-56,1770628280.5202700
0.15,-56,1770628280.520330
0.15,-55,1770628280.5204
0.15,-55,1770628280.5204600
0.15,-55,1770628280.520530
0.15,-55,1770628280.5205900
0.15,-55,1770628280.5206500
0.15,-55,1770628280.5207800
0.15,-55,1770628280.5208400
0.15,-55,1770628280.520970
0.15,-55,1770628280.521050
0.15,-55,1770628280.5211500
0.15,-55,1770628280.521230
0.15,-55,1770628280.5213200
0.15,-55,1770628280.5214000
0.15,-55,1770628280.5215100
0.15,-55,1770628280.5216100
0.15,-55,1770628280.5217500
0.15,-55,1770628280.5218400
0.15,-55,1770628280.5219200
0.15,-55,1770628280.5220000
0.15,-55,1770628280.5220800
0.15,-55,1770628280.5221600
0.15,-55,1770628280.5222400
0.15,-55,1770628280.5223200
0.15,-55,1770628280.5224000
0.15,-55,1770628280.522490
0.15,-55,1770628280.5225800
0.15,-55,1770628280.5227100
0.15,-55,1770628280.5228000
0.15,-55,1770628280.5228800
0.15,-57,1770628280.5229800
0.15,-55,1770628280.5230700
0.15,-55,1770628280.6223900
0.15,-56,1770628280.7172800
0.15,-56,1770628280.8262700
0.15,-55,1770628280.9172700
0.15,-56,1770628281.01791
0.15,-56,1770628281.1176700
0.15,-56,1770628281.216600
0.15,-56,1770628281.317280
0.15,-56,1770628281.4169400
0.15,-56,1770628281.5169700
0.15,-56,1770628281.6170900
0.15,-56,1770628281.718000
0.15,-56,1770628281.8171800
0.15,-56,1770628281.917900
0.15,-56,1770628282.0169900
0.15,-56,1770628282.1171300
0.15,-56,1770628282.2164700
0.15,-56,1770628282.3188000
0.15,-56,1770628282.4206600
0.15,-56,1770628282.5193100
0.15,-56,1770628282.6170700
0.15,-56,1770628282.7205600
0.15,-56,1770628282.8173900
0.15,-56,1770628282.9220400
0.15,-56,1770628283.0188200
0.15,-56,1770628283.1180100
0.15,-56,1770628283.21726
0.15,-56,1770628283.319040
0.15,-56,1770628283.4178000
0.15,-56,1770628283.5178100
0.15,-56,1770628283.617880
0.15,-56,1770628283.7185500
0.15,-56,1770628283.8198000
0.15,-56,1770628283.9197300
0.15,-56,1770628284.0176200
0.15,-56,1770628284.11804
0.15,-56,1770628284.2194200
0.15,-56,1770628284.3197700
0.15,-56,1770628284.4235200
0.15,-56,1770628284.5249800
0.15,-56,1770628284.6225000
0.15,-56,1770628284.72126
0.15,-56,1770628284.8229100
0.15,-56,1770628284.921790
0.15,-56,1770628285.025630
0.15,-56,1770628285.1238600
0.15,-56,1770628285.2243300
0.15,-60,1770628285.322580
0.15,-56,1770628285.4229800
0.15,-56,1770628285.5276400
0.15,-56,1770628285.6276300
0.15,-56,1770628285.7225500
0.15,-56,1770628285.8257300
0.15,-56,1770628285.925430
0.15,-56,1770628286.0347100
0.15,-56,1770628286.123340
0.15,-56,1770628286.2227300
0.15,-56,1770628286.3238200
0.15,-56,1770628286.4240500
0.15,-56,1770628286.5243100
0.15,-56,1770628286.6247800
0.15,-56,1770628286.724580
0.15,-56,1770628286.8253000
0.15,-56,1770628286.9263400
0.15,-56,1770628287.025520
0.15,-56,1770628287.1267700
0.15,-56,1770628287.2245400
0.15,-56,1770628287.3262900
0.15,-56,1770628287.425410
0.15,-56,1770628287.524660
0.15,-56,1770628287.6254200
0.15,-56,1770628287.7252200
0.15,-56,1770628287.8253200
0.15,-56,1770628287.9253000
0.15,-56,1770628288.0256300
0.15,-56,1770628288.1252400
0.15,-56,1770628288.2247500
0.15,-56,1770628288.3257700
0.15,-56,1770628288.4258300
0.15,-56,1770628288.525030
0.15,-56,1770628288.6254200
0.15,-56,1770628288.7261600
0.15,-56,1770628288.8269200
0.15,-56,1770628288.9272600
0.15,-56,1770628289.0279500
0.15,-56,1770628289.1298300
0.15,-56,1770628289.2297500
0.15,-56,1770628289.3295000
0.15,-56,1770628289.429380
0.15,-56,1770628289.529460
0.15,-56,1770628289.6311100
0.15,-56,1770628289.7306000
0.15,-56,1770628289.8314400
0.15,-56,1770628289.9316800
0.15,-56,1770628290.0328200
0.15,-56,1770628290.1317600
0.15,-55,1770628290.2316600
0.15,-55,1770628290.3317500
0.15,-56,1770628290.4318900
0.15,-56,1770628290.5316600
0.15,-56,1770628290.6327400
0.15,-56,1770628290.7318200
0.15,-56,1770628290.8328600
0.15,-56,1770628290.932390
0.15,-56,1770628291.0328300
0.15,-56,1770628291.1324200
0.15,-56,1770628291.2337100
0.15,-56,1770628291.3325800
0.15,-56,1770628291.4346900
0.15,-56,1770628291.534720
0.15,-56,1770628291.635440
0.15,-55,1770628291.7354300
0.15,-56,1770628291.8377500
0.15,-56,1770628291.93981
0.15,-56,1770628292.0356300
0.15,-56,1770628292.1357200
0.15,-56,1770628292.234660
0.15,-56,1770628292.3368300
0.15,-56,1770628292.4358800
0.15,-56,1770628292.5358300
0.15,-56,1770628292.6356800
0.15,-56,1770628292.7357600
0.15,-56,1770628292.8353300
0.15,-56,1770628292.9360400
0.15,-56,1770628293.0364300
0.15,-56,1770628293.1399500
0.15,-56,1770628293.2373200
0.15,-56,1770628293.335890
0.15,-56,1770628293.435940
0.15,-56,1770628293.5353200
0.15,-56,1770628293.6349100
0.15,-57,1770628293.7353700
0.15,-56,1770628293.8349300
0.15,-56,1770628293.9356800
0.15,-56,1770628294.0368700
0.15,-56,1770628294.135640
0.15,-56,1770628294.2364600
0.15,-56,1770628294.3363900
0.15,-56,1770628294.436650
0.15,-56,1770628294.5368700
0.15,-56,1770628294.636960
0.15,-56,1770628294.7370500
0.15,-56,1770628294.839740
0.15,-56,1770628294.9367700
0.15,-56,1770628295.0363800
0.15,-56,1770628295.139610
0.15,-56,1770628295.2370900
0.15,-56,1770628295.3394900
0.15,-56,1770628295.4360600
0.15,-56,1770628295.535480
0.15,-56,1770628295.636020
0.15,-56,1770628295.7359200
0.15,-56,1770628295.8367900
0.15,-56,1770628295.9356000
0.15,-56,1770628296.0378800
0.15,-56,1770628296.1361400
0.15,-56,1770628296.2376000
0.15,-56,1770628296.3359400
0.15,-56,1770628296.43714
0.15,-56,1770628296.5355700
0.15,-56,1770628296.6370800
0.15,-56,1770628296.7373000
0.15,-56,1770628296.836710
0.15,-56,1770628296.938700
0.15,-56,1770628297.0387800
0.15,-56,1770628297.1400700
0.15,-56,1770628297.23897
0.15,-56,1770628297.3405600
0.15,-56,1770628297.4405300
0.15,-56,1770628297.541160
0.15,-56,1770628297.6409300
0.15,-56,1770628297.7425500
0.15,-56,1770628297.8417500
0.15,-56,1770628297.9433300
0.15,-56,1770628298.0416100
0.15,-56,1770628298.142830
0.15,-56,1770628298.2415300
0.15,-56,1770628298.3430100
0.15,-56,1770628298.4413900
0.15,-56,1770628298.5414200
0.15,-56,1770628298.6417200
0.15,-56,1770628298.7415400
0.15,-56,1770628298.8427900
0.15,-56,1770628298.9428500
0.15,-56,1770628299.0430500
0.15,-56,1770628299.14342
0.15,-56,1770628299.2427300
0.15,-56,1770628299.3440000
0.15,-56,1770628299.4444900
0.15,-56,1770628299.5447800
0.15,-56,1770628299.6452400
0.15,-56,1770628299.7440100
0.15,-56,1770628299.8448200
0.15,-56,1770628299.9443100
0.15,-56,1770628300.044030
0.15,-56,1770628300.1447500
0.15,-56,1770628300.2458000
0.15,-56,1770628300.3448500
0.15,-56,1770628300.4446400
0.15,-56,1770628300.5439500
0.15,-56,1770628300.6457400
0.15,-56,1770628300.74434
0.15,-56,1770628300.8447900
0.15,-56,1770628300.9438500
0.15,-56,1770628301.045490
0.15,-56,1770628301.145640
0.15,-56,1770628301.2451300
0.15,-56,1770628301.3444000
0.15,-56,1770628301.4445200
0.15,-56,1770628301.5453200
0.15,-56,1770628301.644780
0.15,-56,1770628301.745720
0.15,-56,1770628301.8437100
0.15,-56,1770628301.9437500
0.15,-56,1770628302.0459100
0.15,-56,1770628302.1443600
0.15,-56,1770628302.2453300
0.15,-56,1770628302.3441500
0.15,-56,1770628302.4438200
0.15,-56,1770628302.5444200
0.15,-56,1770628302.644640
0.15,-56,1770628302.7454200
0.15,-56,1770628302.845240
0.15,-56,1770628302.9458700
0.15,-56,1770628303.04477
0.15,-56,1770628303.146240
0.15,-56,1770628303.2451400
0.15,-56,1770628303.3462600
0.15,-56,1770628303.4459000
0.15,-56,1770628303.5456500
0.15,-56,1770628303.6469
0.15,-56,1770628303.7468900
0.15,-56,1770628303.8466700
0.15,-56,1770628303.947860
0.15,-56,1770628304.0486300
0.15,-56,1770628304.1475400
0.15,-55,1770628304.2487300
0.15,-56,1770628304.3486900
0.15,-56,1770628304.446970
0.15,-56,1770628304.5482800
0.15,-56,1770628304.6477500
0.15,-56,1770628304.7485400
0.15,-56,1770628304.8486700
0.15,-55,1770628304.9466300
0.15,-56,1770628305.048670
0.15,-56,1770628305.1492700
0.15,-56,1770628305.2492800
0.15,-56,1770628305.3479200
0.15,-56,1770628305.4492300
0.15,-56,1770628305.5497700
0.15,-56,1770628305.6493300
0.15,-56,1770628305.7505800
0.15,-56,1770628305.8507700
0.15,-56,1770628305.9499400
0.15,-56,1770628306.0498800
0.15,-56,1770628306.1503600
0.15,-56,1770628306.2499100
0.15,-56,1770628306.3504300
0.15,-56,1770628306.449850
0.15,-56,1770628306.550660
0.15,-56,1770628306.6499100
0.15,-56,1770628306.750380
0.15,-56,1770628306.8524000
0.15,-56,1770628306.950020
0.15,-56,1770628307.0508600
0.15,-56,1770628307.1506500
0.15,-56,1770628307.2509200
0.15,-56,1770628307.349780
0.15,-56,1770628307.450730
0.15,-55,1770628307.5502500
0.15,-56,1770628307.6503100
0.15,-56,1770628307.7502900
0.15,-56,1770628307.849940
0.15,-56,1770628307.9507600
0.15,-56,1770628308.0507400
0.15,-56,1770628308.150660
0.15,-56,1770628308.2497700
0.15,-56,1770628308.3506200
0.15,-56,1770628308.4500500
0.15,-56,1770628308.551760
0.15,-56,1770628308.6508300
0.15,-56,1770628308.7511900
0.15,-56,1770628308.8497600
0.15,-56,1770628308.9508400
0.15,-56,1770628309.0508500
0.15,-56,1770628309.1505200
0.15,-56,1770628309.2508800
0.15,-56,1770628309.3521200
0.15,-55,1770628309.452990
0.15,-55,1770628309.553180
0.15,-56,1770628309.6528200
0.15,-56,1770628309.7537300
0.15,-57,1770628309.85276
0.15,-56,1770628309.9538100
0.15,-56,1770628310.0527900
0.15,-56,1770628310.1528700
0.15,-56,1770628310.253130
0.15,-56,1770628310.3536400
0.15,-56,1770628310.453940
0.15,-56,1770628310.5537400
0.15,-55,1770628310.6538200
0.15,-56,1770628310.753290
0.15,-56,1770628310.8567400
0.15,-56,1770628310.9538500
0.15,-56,1770628311.053780
0.15,-56,1770628311.1529500
0.15,-56,1770628311.2523400
0.15,-56,1770628311.35357
0.15,-56,1770628311.4537300
0.15,-56,1770628311.554450
0.15,-56,1770628311.653650
0.15,-56,1770628311.7550300
0.15,-56,1770628311.853690
0.15,-56,1770628311.9546500
0.15,-56,1770628312.0550900
0.15,-56,1770628312.1542400
0.15,-56,1770628312.2539600
0.15,-56,1770628312.3546000
0.15,-56,1770628312.454690
0.15,-56,1770628312.5544300
0.15,-56,1770628312.6539100
0.15,-56,1770628312.7531800
0.15,-56,1770628312.854610
0.15,-56,1770628312.955030
0.15,-56,1770628313.053920
0.15,-56,1770628313.1546800
0.15,-56,1770628313.2548100
0.15,-56,1770628313.3538600
0.15,-56,1770628313.453910
0.15,-56,1770628313.5532100
0.15,-56,1770628313.654710
0.15,-56,1770628313.754000
0.15,-56,1770628313.8544000
0.15,-56,1770628313.9540700
0.15,-56,1770628314.053510
0.15,-56,1770628314.1534200
0.15,-56,1770628314.2531900
0.15,-56,1770628314.3546900
0.15,-56,1770628314.4540100
0.15,-56,1770628314.5545900
0.15,-56,1770628314.6547300
0.15,-56,1770628314.754400
0.15,-56,1770628314.8541500
0.15,-56,1770628314.9547700
0.15,-56,1770628315.0540800
0.15,-56,1770628315.154590
0.15,-56,1770628315.2537400
0.15,-56,1770628315.3551400
0.15,-56,1770628315.4536200
0.15,-56,1770628315.5539800
0.15,-56,1770628315.6545900
0.15,-56,1770628315.7554900
0.15,-56,1770628315.853840
0.15,-56,1770628315.9546400
0.15,-56,1770628316.0540700
0.15,-56,1770628316.1549600
0.15,-56,1770628316.2538200
0.15,-56,1770628316.3538800
0.15,-56,1770628316.453850
0.15,-56,1770628316.5547000
0.15,-56,1770628316.6539400
0.15,-56,1770628316.7544000
0.15,-56,1770628316.8580500
0.15,-56,1770628316.9548300
0.15,-56,1770628317.0537600
0.15,-56,1770628317.1547700
0.15,-56,1770628317.2541200
0.15,-56,1770628317.354000
0.15,-56,1770628317.4543400
0.15,-56,1770628317.5541700
0.15,-56,1770628317.6546700
0.15,-56,1770628317.7544400
0.15,-56,1770628317.853820
0.15,-56,1770628317.9547300
0.15,-56,1770628318.0550800
0.15,-56,1770628318.155340
0.15,-56,1770628318.2545500
0.15,-56,1770628318.355710
0.15,-56,1770628318.4544500
0.15,-56,1770628318.5548900
0.15,-56,1770628318.655160
0.15,-56,1770628318.754850
0.15,-56,1770628318.8548900
0.15,-56,1770628318.955660
0.15,-56,1770628319.05436
0.15,-56,1770628319.1558600
0.15,-56,1770628319.2566500
0.15,-56,1770628319.3551200
0.15,-56,1770628319.4544500
0.15,-56,1770628319.5548700
0.15,-56,1770628319.6540900
0.15,-56,1770628319.7556600
0.15,-56,1770628319.8555900
0.15,-56,1770628319.9557600
0.15,-56,1770628320.0539900
0.15,-56,1770628320.1553800
0.15,-57,1770628320.255870
0.15,-56,1770628320.3551400
0.15,-56,1770628320.4558100
0.15,-56,1770628320.5557100
0.2,-56,1770628333.6372300
0.2,-56,1770628333.6373500
0.2,-56,1770628333.6374500
0.2,-56,1770628333.637550
0.2,-56,1770628333.6376500
0.2,-56,1770628333.6377500
0.2,-56,1770628333.6378500
0.2,-56,1770628333.6379400
0.2,-56,1770628333.6380400
0.2,-56,1770628333.638200
0.2,-56,1770628333.6383100
0.2,-55,1770628333.638380
0.2,-56,1770628333.63844
0.2,-56,1770628333.6385000
0.2,-56,1770628333.638570
0.2,-56,1770628333.6386300
0.2,-56,1770628333.638690
0.2,-56,1770628333.638760
0.2,-55,1770628333.638820
0.2,-55,1770628333.638880
0.2,-56,1770628333.638950
0.2,-56,1770628333.6390100
0.2,-56,1770628333.6390800
0.2,-56,1770628333.6391400
0.2,-56,1770628333.6392000
0.2,-56,1770628333.6392700
0.2,-56,1770628333.63933
0.2,-56,1770628333.6393900
0.2,-56,1770628333.6394600
0.2,-56,1770628333.6395200
0.2,-56,1770628333.639580
0.2,-56,1770628333.6396400
0.2,-56,1770628333.6397100
0.2,-56,1770628333.6397800
0.2,-56,1770628333.63984
0.2,-56,1770628333.639920
0.2,-56,1770628333.639980
0.2,-56,1770628333.6400500
0.2,-56,1770628333.6401100
0.2,-55,1770628333.640170
0.2,-55,1770628333.6402300
0.2,-55,1770628333.6403000
0.2,-56,1770628333.6403600
0.2,-56,1770628333.6404200
0.2,-56,1770628333.6404900
0.2,-56,1770628333.6405500
0.2,-56,1770628333.6406100
0.2,-56,1770628333.640670
0.2,-55,1770628333.6407400
0.2,-55,1770628333.6408000
0.2,-56,1770628333.6408600
0.2,-56,1770628333.6409300
0.2,-56,1770628333.6409900
0.2,-56,1770628333.6410500
0.2,-56,1770628333.641120
0.2,-56,1770628333.641180
0.2,-56,1770628333.6412400
0.2,-56,1770628333.641310
0.2,-56,1770628333.6413700
0.2,-56,1770628333.641430
0.2,-56,1770628333.6415000
0.2,-56,1770628333.641560
0.2,-55,1770628333.6416200
0.2,-55,1770628333.6416800
0.2,-55,1770628333.6417400
0.2,-56,1770628333.6418100
0.2,-56,1770628333.64187
0.2,-57,1770628333.641940
0.2,-57,1770628333.6420100
0.2,-58,1770628333.6420700
0.2,-57,1770628333.6422600
0.2,-55,1770628333.6423200
0.2,-55,1770628333.6423900
0.2,-54,1770628333.642450
0.2,-54,1770628333.6425100
0.2,-54,1770628333.6425900
0.2,-53,1770628333.6426600
0.2,-53,1770628333.6427500
0.2,-54,1770628333.6428100
0.2,-54,1770628333.6428700
0.2,-54,1770628333.6429300
0.2,-54,1770628333.6430000
0.2,-54,1770628333.6430600
0.2,-53,1770628333.6431200
0.2,-53,1770628333.6431900
0.2,-54,1770628333.6433100
0.2,-54,1770628333.6433700
0.2,-54,1770628333.6437000
0.2,-54,1770628333.6437900
0.2,-55,1770628333.6438800
0.2,-54,1770628333.6439900
0.2,-54,1770628333.6440900
0.2,-55,1770628333.6441700
0.2,-54,1770628333.6442700
0.2,-54,1770628333.6444000
0.2,-55,1770628333.6445100
0.2,-54,1770628333.6446100
0.2,-54,1770628333.6447100
0.2,-54,1770628333.64481
0.2,-54,1770628333.644900
0.2,-54,1770628333.644980
0.2,-54,1770628333.6450700
0.2,-54,1770628333.645180
0.2,-55,1770628333.6452800
0.2,-55,1770628333.6453600
0.2,-54,1770628333.6454600
0.2,-54,1770628333.6456000
0.2,-54,1770628333.6456600
0.2,-55,1770628333.6457300
0.2,-55,1770628333.6458300
0.2,-54,1770628333.645890
0.2,-54,1770628333.6459600
0.2,-54,1770628333.6460200
0.2,-54,1770628333.6461100
0.2,-54,1770628333.6461800
0.2,-54,1770628333.6462400
0.2,-54,1770628333.6463000
0.2,-54,1770628333.6463700
0.2,-54,1770628333.6464300
0.2,-55,1770628333.6464900
0.2,-54,1770628333.646560
0.2,-54,1770628333.6466200
0.2,-54,1770628333.6466800
0.2,-54,1770628333.6467500
0.2,-55,1770628333.6468100
0.2,-55,1770628333.6468700
0.2,-54,1770628333.646930
0.2,-54,1770628333.6470000
0.2,-54,1770628333.64706
0.2,-54,1770628333.647120
0.2,-54,1770628333.6708200
0.2,-54,1770628333.7715400
0.2,-54,1770628333.8702500
0.2,-54,1770628333.971460
0.2,-54,1770628334.070830
0.2,-54,1770628334.171640
0.2,-54,1770628334.2719500
0.2,-54,1770628334.3700800
0.2,-54,1770628334.472580
0.2,-55,1770628334.5703200
0.2,-55,1770628334.671880
0.2,-55,1770628334.7721700
0.2,-55,1770628334.8711700
0.2,-54,1770628334.9709200
0.2,-54,1770628335.0715400
0.2,-54,1770628335.1716500
0.2,-55,1770628335.271610
0.2,-55,1770628335.3719500
0.2,-55,1770628335.4709200
0.2,-55,1770628335.5726500
0.2,-55,1770628335.6708000
0.2,-55,1770628335.772490
0.2,-55,1770628335.8710600
0.2,-55,1770628335.971630
0.2,-55,1770628336.0720200
0.2,-55,1770628336.1715600
0.2,-55,1770628336.2709600
0.2,-55,1770628336.3711500
0.2,-55,1770628336.470580
0.2,-55,1770628336.571970
0.2,-55,1770628336.6715700
0.2,-55,1770628336.7709000
0.2,-54,1770628336.874080
0.2,-54,1770628336.9716100
0.2,-54,1770628337.0710800
0.2,-54,1770628337.1708300
0.2,-54,1770628337.2725000
0.2,-54,1770628337.3719000
0.2,-55,1770628337.471940
0.2,-55,1770628337.570640
0.2,-54,1770628337.6726900
0.2,-55,1770628337.771600
0.2,-55,1770628337.871900
0.2,-55,1770628337.9704100
0.2,-55,1770628338.070730
0.2,-55,1770628338.171060
0.2,-55,1770628338.2729900
0.2,-55,1770628338.3729900
0.2,-55,1770628338.4726300
0.2,-55,1770628338.5714300
0.2,-55,1770628338.6714000
0.2,-55,1770628338.7729900
0.2,-55,1770628338.8719700
0.2,-54,1770628338.973480
0.2,-55,1770628339.0716800
0.2,-55,1770628339.171720
0.2,-55,1770628339.2726800
0.2,-55,1770628339.3726400
0.2,-55,1770628339.4722500
0.2,-55,1770628339.5725800
0.2,-54,1770628339.672230
0.2,-55,1770628339.7726700
0.2,-55,1770628339.872720
0.2,-55,1770628339.9726800
0.2,-55,1770628340.072760
0.2,-55,1770628340.1725700
0.2,-55,1770628340.2730000
0.2,-54,1770628340.3744300
0.2,-53,1770628340.473510
0.2,-55,1770628340.5723100
0.2,-55,1770628340.673240
0.2,-55,1770628340.7720200
0.2,-55,1770628340.8737200
0.2,-54,1770628340.973120
0.2,-55,1770628341.0756700
0.2,-54,1770628341.1727800
0.2,-54,1770628341.273620
0.2,-55,1770628341.3729000
0.2,-54,1770628341.4738400
0.2,-54,1770628341.5748700
0.2,-55,1770628341.6732300
0.2,-55,1770628341.7735200
0.2,-54,1770628341.872740
0.2,-55,1770628341.9736100
0.2,-55,1770628342.073250
0.2,-55,1770628342.1733500
0.2,-54,1770628342.2733800
0.2,-54,1770628342.372500
0.2,-54,1770628342.4735200
0.2,-55,1770628342.5733500
0.2,-55,1770628342.673240
0.2,-55,1770628342.773600
0.2,-55,1770628342.8734800
0.2,-54,1770628342.9736400
0.2,-54,1770628343.0737000
0.2,-55,1770628343.172990
0.2,-55,1770628343.2732200
0.2,-55,1770628343.3727400
0.2,-55,1770628343.4745900
0.2,-55,1770628343.5745900
0.2,-54,1770628343.6736200
0.2,-55,1770628343.7732000
0.2,-55,1770628343.8736700
0.2,-55,1770628343.973280
0.2,-55,1770628344.0736000
0.2,-54,1770628344.1737100
0.2,-54,1770628344.2724200
0.2,-55,1770628344.3754100
0.2,-55,1770628344.4727500
0.2,-55,1770628344.5735200
0.2,-55,1770628344.6737100
0.2,-54,1770628344.772680
0.2,-55,1770628344.8737000
0.2,-55,1770628344.9736700
0.2,-55,1770628345.0740600
0.2,-54,1770628345.1738900
0.2,-55,1770628345.273230
0.2,-55,1770628345.3735600
0.2,-55,1770628345.4736900
0.2,-55,1770628345.5738900
0.2,-55,1770628345.6737100
0.2,-55,1770628345.7745900
0.2,-54,1770628345.8737900
0.2,-54,1770628345.9736400
0.2,-55,1770628346.07232
0.2,-54,1770628346.172430
0.2,-55,1770628346.2734500
0.2,-54,1770628346.3746400
0.2,-55,1770628346.47315
0.2,-55,1770628346.5736000
0.2,-55,1770628346.673270
0.2,-55,1770628346.772930
0.2,-55,1770628346.8732700
0.2,-54,1770628346.973380
0.2,-54,1770628347.0727900
0.2,-55,1770628347.1739500
0.2,-54,1770628347.2726800
0.2,-55,1770628347.3731200
0.2,-55,1770628347.4738700
0.2,-55,1770628347.5732300
0.2,-54,1770628347.6732600
0.2,-54,1770628347.7737900
0.2,-54,1770628347.8730800
0.2,-54,1770628347.9736000
0.2,-54,1770628348.0724700
0.2,-54,1770628348.173260
0.2,-54,1770628348.2726900
0.2,-55,1770628348.3736600
0.2,-54,1770628348.47358
0.2,-54,1770628348.572590
0.2,-54,1770628348.6736100
0.2,-54,1770628348.7730500
0.2,-54,1770628348.8732
0.2,-54,1770628348.9741000
0.2,-54,1770628349.0739700
0.2,-54,1770628349.177230
0.2,-54,1770628349.2731500
0.2,-54,1770628349.3739000
0.2,-54,1770628349.4749
0.2,-54,1770628349.5736000
0.2,-54,1770628349.674600
0.2,-54,1770628349.7749700
0.2,-54,1770628349.8742900
0.2,-54,1770628349.9745700
0.2,-55,1770628350.0732100
0.2,-54,1770628350.1745000
0.2,-54,1770628350.273810
0.2,-54,1770628350.373850
0.2,-55,1770628350.475650
0.2,-54,1770628350.5755800
0.2,-54,1770628350.6759800
0.2,-54,1770628350.7757000
0.2,-54,1770628350.8777500
0.2,-54,1770628350.9776900
0.2,-55,1770628351.078740
0.2,-55,1770628351.1785900
0.2,-54,1770628351.279110
0.2,-55,1770628351.377800
0.2,-55,1770628351.4779900
0.2,-54,1770628351.578130
0.2,-54,1770628351.6786200
0.2,-55,1770628351.778270
0.2,-54,1770628351.8785400
0.2,-54,1770628351.9779300
0.2,-54,1770628352.0787000
0.2,-54,1770628352.178610
0.2,-54,1770628352.2781900
0.2,-54,1770628352.378960
0.2,-54,1770628352.480390
0.2,-54,1770628352.5805500
0.2,-54,1770628352.6802900
0.2,-54,1770628352.7815300
0.2,-54,1770628352.881660
0.2,-54,1770628352.9805900
0.2,-54,1770628353.0817300
0.2,-54,1770628353.1812500
0.2,-55,1770628353.280800
0.2,-54,1770628353.3807300
0.2,-54,1770628353.4808600
0.2,-55,1770628353.5815700
0.2,-55,1770628353.6809700
0.2,-54,1770628353.781410
0.2,-54,1770628353.8812000
0.2,-54,1770628353.9826700
0.2,-54,1770628354.0810100
0.2,-54,1770628354.1805400
0.2,-54,1770628354.282670
0.2,-54,1770628354.3813800
0.2,-54,1770628354.481550
0.2,-54,1770628354.5822100
0.2,-54,1770628354.6807900
0.2,-54,1770628354.7812300
0.2,-54,1770628354.8809900
0.2,-54,1770628354.981240
0.2,-54,1770628355.0826100
0.2,-54,1770628355.1818700
0.2,-54,1770628355.283100
0.2,-54,1770628355.3826000
0.2,-54,1770628355.4823100
0.2,-54,1770628355.582070
0.2,-54,1770628355.6827500
0.2,-54,1770628355.7826000
0.2,-54,1770628355.8834800
0.2,-54,1770628355.98143
0.2,-54,1770628356.082340
0.2,-54,1770628356.1825700
0.2,-54,1770628356.2818200
0.2,-54,1770628356.3822400
0.2,-54,1770628356.4826500
0.2,-54,1770628356.581700
0.2,-54,1770628356.6825500
0.2,-54,1770628356.7827800
0.2,-54,1770628356.8827300
0.2,-54,1770628356.983610
0.2,-54,1770628357.0820700
0.2,-54,1770628357.1827500
0.2,-55,1770628357.282070
0.2,-54,1770628357.3832000
0.2,-54,1770628357.4836600
0.2,-54,1770628357.5827300
0.2,-54,1770628357.6838200
0.2,-55,1770628357.7840000
0.2,-55,1770628357.8849000
0.2,-54,1770628357.985180
0.2,-54,1770628358.0866500
0.2,-54,1770628358.1866200
0.2,-54,1770628358.2871100
0.2,-55,1770628358.3867100
0.2,-54,1770628358.4881200
0.2,-54,1770628358.5886700
0.2,-54,1770628358.6886000
0.2,-54,1770628358.7878600
0.2,-54,1770628358.888160
0.2,-55,1770628358.9886500
0.2,-55,1770628359.0884700
0.2,-54,1770628359.1888700
0.2,-54,1770628359.2885600
0.2,-54,1770628359.38766
0.2,-54,1770628359.4886700
0.2,-54,1770628359.5888100
0.2,-54,1770628359.6895700
0.2,-55,1770628359.7915100
0.2,-54,1770628359.8893400
0.2,-54,1770628359.9908200
0.2,-55,1770628360.088420
0.2,-54,1770628360.189920
0.2,-54,1770628360.2887100
0.2,-55,1770628360.39039
0.2,-55,1770628360.4887800
0.2,-54,1770628360.5888200
0.2,-55,1770628360.689710
0.2,-54,1770628360.7892600
0.2,-55,1770628360.8892300
0.2,-55,1770628360.9895600
0.2,-54,1770628361.0897300
0.2,-54,1770628361.1905800
0.2,-54,1770628361.2905600
0.2,-54,1770628361.3895400
0.2,-54,1770628361.4898500
0.2,-54,1770628361.589670
0.2,-54,1770628361.6891000
0.2,-54,1770628361.7897700
0.2,-54,1770628361.8901900
0.2,-54,1770628361.989950
0.2,-54,1770628362.091870
0.2,-54,1770628362.1924800
0.2,-54,1770628362.2905000
0.2,-54,1770628362.3916600
0.2,-54,1770628362.491410
0.2,-54,1770628362.592600
0.2,-54,1770628362.6926200
0.2,-54,1770628362.793640
0.2,-54,1770628362.8933400
0.2,-54,1770628362.993720
0.2,-54,1770628363.0934500
0.2,-54,1770628363.194320
0.2,-54,1770628363.2938500
0.2,-54,1770628363.3950900
0.2,-54,1770628363.4943200
0.2,-54,1770628363.594540
0.2,-54,1770628363.693610
0.2,-54,1770628363.7954900
0.2,-54,1770628363.894630
0.2,-54,1770628363.9956200
0.2,-54,1770628364.0943700
0.2,-54,1770628364.1955700
0.2,-54,1770628364.2938000
0.2,-54,1770628364.3957400
0.2,-54,1770628364.4937700
0.2,-54,1770628364.5948800
0.2,-54,1770628364.6940400
0.2,-53,1770628364.7953100
0.2,-54,1770628364.895290
0.2,-54,1770628364.9946000
0.2,-54,1770628365.0965500
0.2,-54,1770628365.1964600
0.2,-54,1770628365.2971900
0.2,-54,1770628365.3976800
0.2,-54,1770628365.4975500
0.2,-54,1770628365.5974800
0.2,-54,1770628365.6985900
0.2,-54,1770628365.7965000
0.2,-54,1770628365.8980300
0.2,-54,1770628365.9968900
0.2,-54,1770628366.0980900
0.2,-54,1770628366.198550
0.2,-54,1770628366.2986300
0.2,-54,1770628366.398700
0.2,-54,1770628366.4998700
0.2,-54,1770628366.5991900
0.2,-54,1770628366.698780
0.2,-54,1770628366.8006600
0.2,-54,1770628366.8996700
0.2,-53,1770628367.001600
0.2,-53,1770628367.1014400
0.2,-54,1770628367.2023900
0.2,-54,1770628367.3022800
0.2,-54,1770628367.4033300
0.2,-54,1770628367.503220
0.2,-54,1770628367.6043200
0.2,-54,1770628367.702790
0.2,-54,1770628367.8027400
0.2,-54,1770628367.9039100
0.2,-54,1770628368.0037200
0.2,-54,1770628368.1030200
0.2,-54,1770628368.2045900
0.2,-54,1770628368.3030400
0.2,-54,1770628368.4046100
0.2,-54,1770628368.5041900
0.2,-54,1770628368.603760
0.2,-54,1770628368.7037000
0.2,-54,1770628368.803950
0.2,-54,1770628368.9057400
0.2,-54,1770628369.0054400
0.2,-54,1770628369.1075500
0.2,-54,1770628369.2069900
0.2,-54,1770628369.3069700
0.2,-54,1770628369.40646
0.2,-54,1770628369.5068700
0.2,-54,1770628369.6055100
0.2,-54,1770628369.7075300
0.2,-54,1770628369.8064400
0.2,-54,1770628369.9057000
0.2,-54,1770628370.0055700
0.2,-54,1770628370.1069200
0.2,-54,1770628370.2075600
0.2,-54,1770628370.3062300
0.2,-54,1770628370.406590
0.2,-54,1770628370.507860
0.2,-54,1770628370.607320
0.25,-54,1770628379.1925300
0.25,-54,1770628379.1926400
0.25,-54,1770628379.192730
0.25,-54,1770628379.192940
0.25,-54,1770628379.1930500
0.25,-54,1770628379.1931700
0.25,-54,1770628379.193270
0.25,-54,1770628379.1933800
0.25,-54,1770628379.193490
0.25,-54,1770628379.1935900
0.25,-54,1770628379.1937000
0.25,-54,1770628379.193810
0.25,-54,1770628379.193910
0.25,-54,1770628379.194010
0.25,-54,1770628379.194110
0.25,-54,1770628379.1942100
0.25,-54,1770628379.194310
0.25,-54,1770628379.1944100
0.25,-54,1770628379.1945100
0.25,-54,1770628379.1946200
0.25,-54,1770628379.1947200
0.25,-54,1770628379.1948100
0.25,-54,1770628379.194920
0.25,-54,1770628379.1950200
0.25,-54,1770628379.195120
0.25,-54,1770628379.1952400
0.25,-54,1770628379.1953400
0.25,-54,1770628379.1954400
0.25,-54,1770628379.1955400
0.25,-54,1770628379.1956400
0.25,-54,1770628379.1957400
0.25,-54,1770628379.195840
0.25,-54,1770628379.195940
0.25,-54,1770628379.1961500
0.25,-54,1770628379.196250
0.25,-54,1770628379.1963400
0.25,-54,1770628379.1964300
0.25,-53,1770628379.1965300
0.25,-53,1770628379.1966300
0.25,-54,1770628379.1967200
0.25,-54,1770628379.1968200
0.25,-54,1770628379.196910
0.25,-54,1770628379.1970100
0.25,-54,1770628379.197200
0.25,-54,1770628379.1972800
0.25,-54,1770628379.197340
0.25,-54,1770628379.1974400
0.25,-54,1770628379.1975
0.25,-54,1770628379.197560
0.25,-54,1770628379.1976300
0.25,-55,1770628379.1976900
0.25,-54,1770628379.197760
0.25,-54,1770628379.197820
0.25,-54,1770628379.197880
0.25,-54,1770628379.1979500
0.25,-54,1770628379.1980100
0.25,-54,1770628379.1980700
0.25,-54,1770628379.1981400
0.25,-54,1770628379.198200
0.25,-54,1770628379.198270
0.25,-54,1770628379.1983300
0.25,-54,1770628379.198390
0.25,-54,1770628379.198460
0.25,-54,1770628379.1985900
0.25,-54,1770628379.1986700
0.25,-54,1770628379.1987600
0.25,-55,1770628379.1988300
0.25,-55,1770628379.1988900
0.25,-55,1770628379.198960
0.25,-55,1770628379.1990200
0.25,-55,1770628379.199120
0.25,-54,1770628379.1992000
0.25,-55,1770628379.1992600
0.25,-55,1770628379.1993200
0.25,-55,1770628379.199390
0.25,-55,1770628379.1994500
0.25,-54,1770628379.1995100
0.25,-55,1770628379.1995800
0.25,-55,1770628379.1996400
0.25,-54,1770628379.199710
0.25,-55,1770628379.1997700
0.25,-55,1770628379.1998300
0.25,-55,1770628379.1999000
0.25,-55,1770628379.1999600
0.25,-55,1770628379.200020
0.25,-55,1770628379.2218700
0.25,-55,1770628379.3218000
0.25,-55,1770628379.4207800
0.25,-55,1770628379.5216900
0.25,-54,1770628379.6216600
0.25,-55,1770628379.722490
0.25,-55,1770628379.8212000
0.25,-55,1770628379.9213500
0.25,-55,1770628380.0217100
0.25,-55,1770628380.121040
0.25,-54,1770628380.2215300
0.25,-55,1770628380.321480
0.25,-54,1770628380.4216100
0.25,-54,1770628380.5221700
0.25,-54,1770628380.6240700
0.25,-55,1770628380.72341
0.25,-55,1770628380.824630
0.25,-54,1770628380.9238700
0.25,-55,1770628381.0255900
0.25,-55,1770628381.124970
0.25,-54,1770628381.2248800
0.25,-54,1770628381.3256000
0.25,-54,1770628381.4267100
0.25,-54,1770628381.5255700
0.25,-54,1770628381.62625
0.25,-54,1770628381.7270400
0.25,-55,1770628381.8257700
0.25,-55,1770628381.9267400
0.25,-55,1770628382.0270600
0.25,-55,1770628382.12669
0.25,-54,1770628382.2262200
0.25,-54,1770628382.3259100
0.25,-55,1770628382.4255800
0.25,-54,1770628382.5266300
0.25,-54,1770628382.6266000
0.25,-54,1770628382.7257900
0.25,-55,1770628382.8265700
0.25,-54,1770628382.9257700
0.25,-55,1770628383.0260700
0.25,-55,1770628383.1256900
0.25,-54,1770628383.2267500
0.25,-55,1770628383.326640
0.25,-54,1770628383.425740
0.25,-55,1770628383.5258100
0.25,-55,1770628383.625790
0.25,-55,1770628383.725580
0.25,-54,1770628383.825900
0.25,-55,1770628383.9271200
0.25,-55,1770628384.02715
0.25,-55,1770628384.1278000
0.25,-55,1770628384.2277200
0.25,-55,1770628384.3280000
0.25,-55,1770628384.4296700
0.25,-55,1770628384.5286600
0.25,-55,1770628384.628650
0.25,-55,1770628384.728740
0.25,-55,1770628384.8279400
0.25,-54,1770628384.9279700
0.25,-54,1770628385.027950
0.25,-54,1770628385.1288200
0.25,-55,1770628385.229710
0.25,-55,1770628385.3279800
0.25,-54,1770628385.4277
0.25,-55,1770628385.5284800
0.25,-55,1770628385.627970
0.25,-55,1770628385.7288800
0.25,-55,1770628385.8290900
0.25,-54,1770628385.9278300
0.25,-55,1770628386.02926
0.25,-54,1770628386.1293800
0.25,-55,1770628386.2277100
0.25,-54,1770628386.3296600
0.25,-54,1770628386.4276000
0.25,-54,1770628386.5287400
0.25,-54,1770628386.6316500
0.25,-57,1770628386.7288100
0.25,-54,1770628386.8287300
0.25,-55,1770628386.9302200
0.25,-55,1770628387.0295200
0.25,-55,1770628387.1301700
0.25,-55,1770628387.2287300
0.25,-55,1770628387.3291500
0.25,-55,1770628387.42906
0.25,-55,1770628387.5298200
0.25,-55,1770628387.631530
0.25,-55,1770628387.730490
0.25,-54,1770628387.8298500
0.25,-54,1770628387.931530
0.25,-54,1770628388.0306400
0.25,-54,1770628388.1324100
0.25,-54,1770628388.230570
0.25,-55,1770628388.3308700
0.25,-55,1770628388.4302000
0.25,-54,1770628388.5307600
0.25,-54,1770628388.6305200
0.25,-55,1770628388.731400
0.25,-55,1770628388.831470
0.25,-54,1770628388.9298200
0.25,-55,1770628389.0314400
0.25,-55,1770628389.130770
0.25,-55,1770628389.231480
0.25,-54,1770628389.3308300
0.25,-55,1770628389.4307900
0.25,-55,1770628389.5298100
0.25,-55,1770628389.6315000
0.25,-55,1770628389.7306400
0.25,-54,1770628389.8310200
0.25,-55,1770628389.9349900
0.25,-55,1770628390.0299700
0.25,-55,1770628390.1325900
0.25,-54,1770628390.231050
0.25,-54,1770628390.3306200
0.25,-55,1770628390.4307900
0.25,-55,1770628390.5300000
0.25,-54,1770628390.6312700
0.25,-54,1770628390.7319200
0.25,-55,1770628390.8297600
0.25,-54,1770628390.9316200
0.25,-54,1770628391.0307700
0.25,-54,1770628391.133160
0.25,-55,1770628391.2315000
0.25,-54,1770628391.3304700
0.25,-55,1770628391.4313800
0.25,-54,1770628391.530730
0.25,-55,1770628391.6312600
0.25,-55,1770628391.7308300
0.25,-55,1770628391.8309500
0.25,-54,1770628391.9315900
0.25,-55,1770628392.0325400
0.25,-55,1770628392.1326700
0.25,-55,1770628392.2327300
0.25,-55,1770628392.3338500
0.25,-55,1770628392.4355400
0.25,-54,1770628392.5346800
0.25,-54,1770628392.6355900
0.25,-55,1770628392.7355100
0.25,-55,1770628392.835460
0.25,-54,1770628392.9359000
0.25,-55,1770628393.0362800
0.25,-55,1770628393.135590
0.25,-54,1770628393.2358100
0.25,-54,1770628393.3361900
0.25,-55,1770628393.4367700
0.25,-55,1770628393.5362300
0.25,-55,1770628393.63669
0.25,-55,1770628393.7363700
0.25,-54,1770628393.8365600
0.25,-54,1770628393.937470
0.25,-55,1770628394.0368400
0.25,-54,1770628394.1375700
0.25,-55,1770628394.2376500
0.25,-54,1770628394.3367400
0.25,-54,1770628394.4368000
0.25,-55,1770628394.536190
0.25,-55,1770628394.6367000
0.25,-55,1770628394.7361200
0.25,-54,1770628394.8366800
0.25,-55,1770628394.9375300
0.25,-55,1770628395.0384900
0.25,-55,1770628395.1385400
0.25,-55,1770628395.236730
0.25,-54,1770628395.3388100
0.25,-54,1770628395.4378000
0.25,-55,1770628395.5383000
0.25,-55,1770628395.6385600
0.25,-55,1770628395.7385500
0.25,-55,1770628395.8382300
0.25,-55,1770628395.936770
0.25,-55,1770628396.0386300
0.25,-55,1770628396.1376500
0.25,-55,1770628396.238460
0.25,-55,1770628396.3378900
0.25,-54,1770628396.4393900
0.25,-55,1770628396.5394900
0.25,-54,1770628396.6396900
0.25,-54,1770628396.7399000
0.25,-54,1770628396.8389200
0.25,-55,1770628396.9400500
0.25,-55,1770628397.0405200
0.25,-55,1770628397.140590
0.25,-55,1770628397.2409600
0.25,-55,1770628397.3393200
0.25,-55,1770628397.4444500
0.25,-55,1770628397.5403600
0.25,-55,1770628397.6397100
0.25,-55,1770628397.740370
0.25,-55,1770628397.8399900
0.25,-54,1770628397.9415900
0.25,-54,1770628398.0410200
0.25,-55,1770628398.1425900
0.25,-55,1770628398.240760
0.25,-54,1770628398.3421000
0.25,-54,1770628398.440400
0.25,-54,1770628398.5424900
0.25,-55,1770628398.6411400
0.25,-55,1770628398.7406700
0.25,-55,1770628398.841430
0.25,-54,1770628398.941540
0.25,-54,1770628399.0419500
0.25,-54,1770628399.1418100
0.25,-54,1770628399.2415900
0.25,-55,1770628399.3398700
0.25,-55,1770628399.4413900
0.25,-55,1770628399.5415100
0.25,-55,1770628399.6406400
0.25,-55,1770628399.7421700
0.25,-55,1770628399.8424900
0.25,-55,1770628399.9426500
0.25,-55,1770628400.0417300
0.25,-54,1770628400.1427100
0.25,-54,1770628400.2418700
0.25,-54,1770628400.3426000
0.25,-54,1770628400.4428300
0.25,-55,1770628400.54166
0.25,-55,1770628400.6418900
0.25,-55,1770628400.7422400
0.25,-55,1770628400.8421400
0.25,-55,1770628400.9418000
0.25,-55,1770628401.0415300
0.25,-55,1770628401.1424200
0.25,-54,1770628401.2428200
0.25,-54,1770628401.3431900
0.25,-54,1770628401.4421600
0.25,-55,1770628401.5424900
0.25,-55,1770628401.642430
0.25,-55,1770628401.741720
0.25,-54,1770628401.8423100
0.25,-55,1770628401.9418400
0.25,-55,1770628402.0427200
0.25,-55,1770628402.1436600
0.25,-55,1770628402.2438500
0.25,-55,1770628402.3439100
0.25,-55,1770628402.4427900
0.25,-55,1770628402.5427300
0.25,-55,1770628402.6436200
0.25,-55,1770628402.7440500
0.25,-54,1770628402.8430100
0.25,-54,1770628402.943310
0.25,-55,1770628403.0439200
0.25,-55,1770628403.144770
0.25,-55,1770628403.2446600
0.25,-55,1770628403.3449100
0.25,-55,1770628403.444830
0.25,-55,1770628403.545640
0.25,-55,1770628403.6447000
0.25,-55,1770628403.7448100
0.25,-54,1770628403.8451600
0.25,-54,1770628403.9452200
0.25,-55,1770628404.0449600
0.25,-54,1770628404.1456100
0.25,-55,1770628404.244660
0.25,-55,1770628404.3445400
0.25,-54,1770628404.4455300
0.25,-55,1770628404.5446900
0.25,-55,1770628404.6457100
0.25,-55,1770628404.7455100
0.25,-55,1770628404.8447700
0.25,-55,1770628404.9455600
0.25,-54,1770628405.0456200
0.25,-55,1770628405.1457500
0.25,-55,1770628405.2444800
0.25,-55,1770628405.3456700
0.25,-55,1770628405.4448800
0.25,-55,1770628405.5461800
0.25,-55,1770628405.6455700
0.25,-55,1770628405.7455600
0.25,-55,1770628405.846370
0.25,-55,1770628405.9454500
0.25,-55,1770628406.0457000
0.25,-55,1770628406.1455800
0.25,-55,1770628406.2450200
0.25,-54,1770628406.3450000
0.25,-55,1770628406.4448300
0.25,-54,1770628406.5458000
0.25,-54,1770628406.6466000
0.25,-54,1770628406.745400
0.25,-54,1770628406.8458500
0.25,-54,1770628406.9458900
0.25,-54,1770628407.0468100
0.25,-55,1770628407.1459000
0.25,-55,1770628407.2454900
0.25,-55,1770628407.3466100
0.25,-55,1770628407.4466100
0.25,-55,1770628407.5467400
0.25,-55,1770628407.6466000
0.25,-55,1770628407.7466600
0.25,-55,1770628407.8466400
0.25,-55,1770628407.946250
0.25,-55,1770628408.0458600
0.25,-54,1770628408.1462400
0.25,-55,1770628408.2469000
0.25,-54,1770628408.3467500
0.25,-54,1770628408.4461100
0.25,-54,1770628408.5477200
0.25,-55,1770628408.6488500
0.25,-54,1770628408.7467500
0.25,-54,1770628408.8476200
0.25,-55,1770628408.9459100
0.25,-55,1770628409.0452400
0.25,-54,1770628409.1467500
0.25,-54,1770628409.2472600
0.25,-55,1770628409.3464300
0.25,-55,1770628409.4462500
0.25,-55,1770628409.5461500
0.25,-55,1770628409.645040
0.25,-54,1770628409.7458800
0.25,-54,1770628409.8467100
0.25,-54,1770628409.9461500
0.25,-54,1770628410.045630
0.25,-54,1770628410.146430
0.25,-55,1770628410.2454500
0.25,-55,1770628410.345960
0.25,-55,1770628410.4469400
0.25,-55,1770628410.546840
0.25,-55,1770628410.6476800
0.25,-55,1770628410.7475800
0.25,-55,1770628410.8477300
0.25,-54,1770628410.9473200
0.25,-55,1770628411.046320
0.25,-55,1770628411.147490
0.25,-54,1770628411.246430
0.25,-55,1770628411.3471800
0.25,-54,1770628411.4476500
0.25,-55,1770628411.5473500
0.25,-55,1770628411.646880
0.25,-55,1770628411.7461900
0.25,-54,1770628411.8461100
0.25,-55,1770628411.9463200
0.25,-55,1770628412.0475100
0.25,-55,1770628412.1468100
0.25,-55,1770628412.2467900
0.25,-55,1770628412.3465300
0.25,-55,1770628412.446520
0.25,-55,1770628412.5469200
0.25,-55,1770628412.6475100
0.25,-55,1770628412.7483300
0.25,-55,1770628412.8487200
0.25,-55,1770628412.9497600
0.25,-54,1770628413.0499200
0.25,-55,1770628413.1494600
0.25,-55,1770628413.2496700
0.25,-55,1770628413.3495600
0.25,-55,1770628413.4497300
0.25,-55,1770628413.549960
0.25,-55,1770628413.649670
0.25,-55,1770628413.749390
0.25,-55,1770628413.8516500
0.25,-55,1770628413.9507400
0.25,-54,1770628414.0499600
0.25,-55,1770628414.1510200
0.25,-55,1770628414.2504100
0.25,-55,1770628414.349330
0.25,-54,1770628414.4514200
0.25,-55,1770628414.549840
0.25,-55,1770628414.650490
0.25,-54,1770628414.749820
0.25,-55,1770628414.8504200
0.25,-55,1770628414.9517200
0.25,-55,1770628415.050340
0.25,-55,1770628415.1507400
0.25,-54,1770628415.2526700
0.25,-54,1770628415.3516100
0.25,-55,1770628415.4510600
0.25,-55,1770628415.5517800
0.25,-54,1770628415.651580
0.25,-55,1770628415.7513500
0.25,-54,1770628415.8506400
0.25,-55,1770628415.952410
0.25,-54,1770628416.0516600
0.25,-54,1770628416.1512700
0.25,-55,1770628416.2514000
0.25,-55,1770628416.3513200
0.25,-54,1770628416.450920
0.25,-55,1770628416.552200
0.25,-55,1770628416.652080
0.25,-55,1770628416.7514000
0.25,-54,1770628416.8516700
0.25,-55,1770628416.951620
0.25,-55,1770628417.0526800
0.25,-55,1770628417.1536500
0.25,-55,1770628417.2517700
0.25,-54,1770628417.3522300
0.25,-55,1770628417.4520700
0.25,-55,1770628417.552530
0.25,-55,1770628417.6528300
0.25,-55,1770628417.7513900
0.25,-55,1770628417.8528400
0.25,-55,1770628417.9534800
0.25,-55,1770628418.0537300
0.25,-55,1770628418.1526100
0.25,-55,1770628418.253090
0.25,-55,1770628418.3528800
0.25,-55,1770628418.4528100
0.25,-54,1770628418.5529400
0.25,-55,1770628418.6534100
0.25,-55,1770628418.7535100
0.25,-55,1770628418.853350
0.25,-54,1770628418.9534600
0.25,-55,1770628419.0535200
0.25,-55,1770628419.154160
0.25,-55,1770628419.252940
0.25,-55,1770628419.3531400
0.25,-55,1770628419.4546200
0.25,-55,1770628419.5532100
0.25,-55,1770628419.6537900
0.25,-54,1770628419.7547000
0.25,-55,1770628419.854750
0.25,-55,1770628419.9553500
0.25,-55,1770628420.0564500
0.25,-55,1770628420.155170
0.25,-55,1770628420.2555300
0.25,-55,1770628420.3565900
0.25,-55,1770628420.457490
0.25,-55,1770628420.5570600
0.25,-55,1770628420.6564900
0.3,-55,1770628429.154510
0.3,-55,1770628429.1546900
0.3,-55,1770628429.1548300
0.3,-55,1770628429.1549600
0.3,-55,1770628429.1550500
0.3,-55,1770628429.1551500
0.3,-55,1770628429.1552500
0.3,-55,1770628429.1553600
0.3,-55,1770628429.1555400
0.3,-55,1770628429.155640
0.3,-55,1770628429.1557300
0.3,-54,1770628429.1558700
0.3,-55,1770628429.1559700
0.3,-55,1770628429.1560600
0.3,-55,1770628429.1561600
0.3,-55,1770628429.156270
0.3,-55,1770628429.1563900
0.3,-55,1770628429.1564900
0.3,-55,1770628429.156570
0.3,-55,1770628429.1566600
0.3,-55,1770628429.1567500
0.3,-55,1770628429.1568400
0.3,-55,1770628429.1569200
0.3,-55,1770628429.1570100
0.3,-55,1770628429.1571000
0.3,-55,1770628429.1571900
0.3,-55,1770628429.1572700
0.3,-55,1770628429.1573500
0.3,-55,1770628429.1574400
0.3,-55,1770628429.1575300
0.3,-54,1770628429.1576100
0.3,-55,1770628429.157690
0.3,-55,1770628429.1578700
0.3,-55,1770628429.1580300
0.3,-55,1770628429.158130
0.3,-55,1770628429.1582500
0.3,-55,1770628429.1584200
0.3,-54,1770628429.1585000
0.3,-55,1770628429.1585700
0.3,-55,1770628429.1586300
0.3,-54,1770628429.158700
0.3,-55,1770628429.158780
0.3,-55,1770628429.1588400
0.3,-54,1770628429.158910
0.3,-55,1770628429.1589700
0.3,-55,1770628429.159040
0.3,-56,1770628429.1591000
0.3,-57,1770628429.1591700
0.3,-57,1770628429.1592300
0.3,-55,1770628429.159300
0.3,-55,1770628429.159360
0.3,-53,1770628429.159430
0.3,-53,1770628429.1594900
0.3,-53,1770628429.1595600
0.3,-53,1770628429.15962
0.3,-53,1770628429.1596800
0.3,-53,1770628429.1598000
0.3,-53,1770628429.1598600
0.3,-53,1770628429.1599500
0.3,-55,1770628429.1600100
0.3,-54,1770628429.1600700
0.3,-54,1770628429.1601400
0.3,-53,1770628429.160210
0.3,-54,1770628429.1602700
0.3,-54,1770628429.1603300
0.3,-54,1770628429.160400
0.3,-54,1770628429.1604600
0.3,-53,1770628429.1605300
0.3,-54,1770628429.1605900
0.3,-54,1770628429.1606500
0.3,-54,1770628429.1607200
0.3,-54,1770628429.1607800
0.3,-53,1770628429.160850
0.3,-53,1770628429.1609100
0.3,-54,1770628429.1609700
0.3,-53,1770628429.1610400
0.3,-53,1770628429.1611000
0.3,-53,1770628429.1611600
0.3,-53,1770628429.1612300
0.3,-53,1770628429.161290
0.3,-53,1770628429.1613500
0.3,-54,1770628429.1614200
0.3,-54,1770628429.161490
0.3,-53,1770628429.1615500
0.3,-54,1770628429.161610
0.3,-54,1770628429.262020
0.3,-54,1770628429.3612500
0.3,-54,1770628429.4625000
0.3,-54,1770628429.5606500
0.3,-54,1770628429.6607100
0.3,-53,1770628429.761280
0.3,-53,1770628429.8614900
0.3,-53,1770628429.9621000
0.3,-53,1770628430.0627300
0.3,-54,1770628430.1614700
0.3,-53,1770628430.2617700
0.3,-53,1770628430.362390
0.3,-54,1770628430.460830
0.3,-54,1770628430.5624300
0.3,-54,1770628430.6623700
0.3,-54,1770628430.7617100
0.3,-54,1770628430.8621700
0.3,-54,1770628430.9616800
0.3,-53,1770628431.0615700
0.3,-54,1770628431.1623900
0.3,-54,1770628431.2616700
0.3,-54,1770628431.361590
0.3,-54,1770628431.46168
0.3,-54,1770628431.5610900
0.3,-54,1770628431.6616700
0.3,-53,1770628431.7613900
0.3,-53,1770628431.8614400
0.3,-53,1770628431.9610700
0.3,-53,1770628432.0625300
0.3,-53,1770628432.1622900
0.3,-53,1770628432.2615900
0.3,-53,1770628432.3613000
0.3,-53,1770628432.4607100
0.3,-53,1770628432.5625200
0.3,-53,1770628432.662360
0.3,-54,1770628432.7616300
0.3,-54,1770628432.8615400
0.3,-54,1770628432.9615800
0.3,-54,1770628433.06357
0.3,-53,1770628433.1621500
0.3,-53,1770628433.261540
0.3,-54,1770628433.3623300
0.3,-54,1770628433.4616200
0.3,-53,1770628433.5615700
0.3,-54,1770628433.6626400
0.3,-54,1770628433.7620300
0.3,-54,1770628433.8632700
0.3,-53,1770628433.9615800
0.3,-53,1770628434.0619800
0.3,-53,1770628434.1610600
0.3,-53,1770628434.2624800
0.3,-53,1770628434.361590
0.3,-53,1770628434.4631400
0.3,-54,1770628434.5646400
0.3,-54,1770628434.661640
0.3,-54,1770628434.7619000
0.3,-54,1770628434.8616600
0.3,-53,1770628434.9628100
0.3,-54,1770628435.0621300
0.3,-54,1770628435.1626500
0.3,-54,1770628435.2626100
0.3,-53,1770628435.3616900
0.3,-54,1770628435.463010
0.3,-54,1770628435.561730
0.3,-53,1770628435.6628000
0.3,-54,1770628435.7626100
0.3,-53,1770628435.8617600
0.3,-53,1770628435.963510
0.3,-53,1770628436.0624900
0.3,-53,1770628436.1615800
0.3,-53,1770628436.262060
0.3,-53,1770628436.3630200
0.3,-53,1770628436.462460
0.3,-53,1770628436.5616200
0.3,-54,1770628436.661680
0.3,-54,1770628436.7615100
0.3,-54,1770628436.8634300
0.3,-54,1770628436.9624900
0.3,-54,1770628437.0634000
0.3,-54,1770628437.1622600
0.3,-54,1770628437.2616200
0.3,-53,1770628437.3614700
0.3,-53,1770628437.4617300
0.3,-54,1770628437.5613300
0.3,-54,1770628437.6617200
0.3,-54,1770628437.7613000
0.3,-54,1770628437.8619500
0.3,-54,1770628437.9623400
0.3,-54,1770628438.0623300
0.3,-54,1770628438.1631900
0.3,-53,1770628438.262970
0.3,-53,1770628438.3625600
0.3,-53,1770628438.4616000
0.3,-54,1770628438.5625100
0.3,-54,1770628438.6625400
0.3,-54,1770628438.7623400
0.3,-54,1770628438.8625600
0.3,-54,1770628438.9618100
0.3,-54,1770628439.0622000
0.3,-54,1770628439.1626400
0.3,-53,1770628439.2626200
0.3,-53,1770628439.3626200
0.3,-53,1770628439.4644800
0.3,-54,1770628439.5631300
0.3,-53,1770628439.6627600
0.3,-53,1770628439.7632700
0.3,-53,1770628439.8666600
0.3,-53,1770628439.963570
0.3,-53,1770628440.0641500
0.3,-53,1770628440.1625300
0.3,-53,1770628440.2631700
0.3,-53,1770628440.3633100
0.3,-53,1770628440.4642100
0.3,-55,1770628440.5637600
0.3,-53,1770628440.6642600
0.3,-53,1770628440.7632200
0.3,-53,1770628440.8640000
0.3,-53,1770628440.964170
0.3,-53,1770628441.0639700
0.3,-54,1770628441.1627200
0.3,-54,1770628441.2643300
0.3,-54,1770628441.3633500
0.3,-54,1770628441.464090
0.3,-53,1770628441.5625600
0.3,-53,1770628441.6637500
0.3,-53,1770628441.7634700
0.3,-53,1770628441.864550
0.3,-54,1770628441.9622600
0.3,-54,1770628442.0627600
0.3,-54,1770628442.1641800
0.3,-54,1770628442.263520
0.3,-54,1770628442.3638600
0.3,-54,1770628442.4645400
0.3,-54,1770628442.5625500
0.3,-54,1770628442.663540
0.3,-54,1770628442.7625700
0.3,-54,1770628442.8634900
0.3,-54,1770628442.9629900
0.3,-54,1770628443.0644600
0.3,-54,1770628443.162500
0.3,-54,1770628443.2654300
0.3,-53,1770628443.3634300
0.3,-54,1770628443.4653400
0.3,-54,1770628443.563940
0.3,-54,1770628443.666690
0.3,-54,1770628443.764760
0.3,-54,1770628443.8667800
0.3,-54,1770628443.9657000
0.3,-54,1770628444.066460
0.3,-54,1770628444.166990
0.3,-54,1770628444.2662000
0.3,-54,1770628444.366590
0.3,-54,1770628444.4673100
0.3,-53,1770628444.5663200
0.3,-53,1770628444.6673300
0.3,-53,1770628444.766290
0.3,-53,1770628444.8665300
0.3,-53,1770628444.9659100
0.3,-53,1770628445.0672200
0.3,-53,1770628445.167200
0.3,-53,1770628445.267470
0.3,-53,1770628445.3673500
0.3,-53,1770628445.4665400
0.3,-54,1770628445.5673800
0.3,-53,1770628445.6664600
0.3,-53,1770628445.7670300
0.3,-53,1770628445.865730
0.3,-53,1770628445.9674700
0.3,-53,1770628446.067740
0.3,-53,1770628446.1681000
0.3,-53,1770628446.2675000
0.3,-53,1770628446.369510
0.3,-54,1770628446.470270
0.3,-54,1770628446.568650
0.3,-53,1770628446.6704500
0.3,-53,1770628446.770000
0.3,-54,1770628446.86985
0.3,-54,1770628446.970170
0.3,-54,1770628447.0691900
0.3,-54,1770628447.1703500
0.3,-54,1770628447.269210
0.3,-54,1770628447.3702500
0.3,-53,1770628447.4703100
0.3,-53,1770628447.5713400
0.3,-53,1770628447.6704300
0.3,-53,1770628447.7723500
0.3,-53,1770628447.8699600
0.3,-53,1770628447.9713900
0.3,-53,1770628448.0694600
0.3,-54,1770628448.1697700
0.3,-53,1770628448.2711000
0.3,-53,1770628448.3712500
0.3,-54,1770628448.4705200
0.3,-54,1770628448.5713200
0.3,-53,1770628448.6704900
0.3,-54,1770628448.7711800
0.3,-54,1770628448.8699500
0.3,-54,1770628448.9708300
0.3,-53,1770628449.0710900
0.3,-54,1770628449.1712700
0.3,-54,1770628449.2706100
0.3,-54,1770628449.3713800
0.3,-54,1770628449.471620
0.3,-54,1770628449.5710900
0.3,-54,1770628449.6716200
0.3,-54,1770628449.7706100
0.3,-53,1770628449.8712000
0.3,-53,1770628449.9701600
0.3,-53,1770628450.0711200
0.3,-54,1770628450.1705700
0.3,-54,1770628450.271700
0.3,-54,1770628450.3716500
0.3,-54,1770628450.4727000
0.3,-54,1770628450.5713000
0.3,-54,1770628450.6721200
0.3,-54,1770628450.7715300
0.3,-54,1770628450.8722700
0.3,-54,1770628450.9722500
0.3,-54,1770628451.0717800
0.3,-54,1770628451.1715900
0.3,-54,1770628451.2726000
0.3,-54,1770628451.3715200
0.3,-54,1770628451.4733500
0.3,-53,1770628451.5723300
0.3,-54,1770628451.671610
0.3,-54,1770628451.7718000
0.3,-54,1770628451.8723100
0.3,-54,1770628451.9721500
0.3,-54,1770628452.0724100
0.3,-54,1770628452.1719900
0.3,-54,1770628452.2715000
0.3,-54,1770628452.3728500
0.3,-54,1770628452.4728700
0.3,-54,1770628452.5725300
0.3,-53,1770628452.676850
0.3,-53,1770628452.7745500
0.3,-53,1770628452.874180
0.3,-54,1770628452.975460
0.3,-54,1770628453.075330
0.3,-53,1770628453.1749100
0.3,-53,1770628453.275980
0.3,-54,1770628453.375150
0.3,-53,1770628453.4765600
0.3,-54,1770628453.5740800
0.3,-54,1770628453.6745400
0.3,-54,1770628453.775450
0.3,-54,1770628453.8754100
0.3,-54,1770628453.9745000
0.3,-54,1770628454.075630
0.3,-54,1770628454.17515
0.3,-54,1770628454.2754900
0.3,-53,1770628454.375680
0.3,-53,1770628454.4745900
0.3,-54,1770628454.5753100
0.3,-54,1770628454.6752500
0.3,-54,1770628454.7754400
0.3,-54,1770628454.8745100
0.3,-53,1770628454.9755000
0.3,-54,1770628455.0753000
0.3,-54,1770628455.175480
0.3,-54,1770628455.2742100
0.3,-53,1770628455.3745700
0.3,-54,1770628455.4757100
0.3,-54,1770628455.5755400
0.3,-53,1770628455.6768000
0.3,-53,1770628455.7763200
0.3,-54,1770628455.8769000
0.3,-54,1770628455.9773600
0.3,-53,1770628456.0774900
0.3,-53,1770628456.1771700
0.3,-54,1770628456.2766700
0.3,-54,1770628456.3774100
0.3,-54,1770628456.4769400
0.3,-53,1770628456.577050
0.3,-53,1770628456.6764500
0.3,-54,1770628456.7762500
0.3,-53,1770628456.877390
0.3,-53,1770628456.9766800
0.3,-53,1770628457.0766900
0.3,-54,1770628457.1772300
0.3,-54,1770628457.2768400
0.3,-54,1770628457.3773300
0.3,-53,1770628457.4771500
0.3,-54,1770628457.577230
0.3,-54,1770628457.6783100
0.3,-54,1770628457.7772900
0.3,-54,1770628457.8776400
0.3,-54,1770628457.9771300
0.3,-53,1770628458.0767800
0.3,-53,1770628458.1772600
0.3,-54,1770628458.2768600
0.3,-54,1770628458.3760500
0.3,-54,1770628458.4772900
0.3,-53,1770628458.577430
0.3,-53,1770628458.677180
0.3,-53,1770628458.7773000
0.3,-53,1770628458.877470
0.3,-54,1770628458.9770700
0.3,-53,1770628459.080770
0.3,-53,1770628459.1774300
0.3,-53,1770628459.2773300
0.3,-53,1770628459.377520
0.3,-53,1770628459.4776300
0.3,-54,1770628459.578160
0.3,-54,1770628459.678320
0.3,-53,1770628459.7778700
0.3,-54,1770628459.8783600
0.3,-54,1770628459.9784800
0.3,-53,1770628460.0774300
0.3,-54,1770628460.1782400
0.3,-54,1770628460.2794000
0.3,-54,1770628460.3783400
0.3,-54,1770628460.4775100
0.3,-54,1770628460.5780100
0.3,-53,1770628460.6776000
0.3,-53,1770628460.7783300
0.3,-53,1770628460.8769400
0.3,-54,1770628460.9781500
0.3,-54,1770628461.0768300
0.3,-54,1770628461.1783800
0.3,-54,1770628461.278350
0.3,-54,1770628461.377450
0.3,-54,1770628461.4783000
0.3,-54,1770628461.578230
0.3,-53,1770628461.6783200
0.3,-53,1770628461.7778100
0.3,-54,1770628461.8775400
0.3,-54,1770628461.9774600
0.3,-53,1770628462.077420
0.3,-54,1770628462.1782400
0.3,-54,1770628462.2794500
0.3,-54,1770628462.377440
0.3,-53,1770628462.478330
0.3,-53,1770628462.5779100
0.3,-53,1770628462.6779700
0.3,-53,1770628462.777520
0.3,-54,1770628462.8783400
0.3,-54,1770628462.9774600
0.3,-53,1770628463.078430
0.3,-53,1770628463.1775000
0.3,-54,1770628463.2769000
0.3,-54,1770628463.3777000
0.3,-53,1770628463.478320
0.3,-54,1770628463.5784200
0.3,-54,1770628463.6782600
0.3,-54,1770628463.7767200
0.3,-54,1770628463.8777100
0.3,-54,1770628463.9781700
0.3,-54,1770628464.078390
0.3,-54,1770628464.178450
0.3,-54,1770628464.2782500
0.3,-54,1770628464.3782000
0.3,-54,1770628464.4786200
0.3,-54,1770628464.5775400
0.3,-54,1770628464.6778600
0.3,-54,1770628464.7779800
0.3,-54,1770628464.8784800
0.3,-54,1770628464.9775600
0.3,-54,1770628465.077280
0.3,-54,1770628465.1776600
0.3,-54,1770628465.2792800
0.3,-54,1770628465.377590
0.3,-54,1770628465.4785200
0.3,-54,1770628465.5782500
0.3,-54,1770628465.6778000
0.3,-54,1770628465.7774500
0.3,-54,1770628465.8792100
0.3,-54,1770628465.9783000
0.3,-54,1770628466.0783900
0.3,-54,1770628466.1785000
0.3,-54,1770628466.278540
0.3,-54,1770628466.3793000
0.3,-54,1770628466.4785600
0.3,-54,1770628466.578960
0.3,-54,1770628466.6789400
0.3,-54,1770628466.7781000
0.3,-54,1770628466.8785300
0.3,-54,1770628466.979520
0.3,-54,1770628467.0777700
0.3,-54,1770628467.1787000
0.3,-54,1770628467.280330
0.3,-54,1770628467.3794100
0.3,-54,1770628467.4791000
0.3,-54,1770628467.5795500
0.3,-54,1770628467.686430
0.3,-54,1770628467.7797600
0.3,-54,1770628467.8806200
0.3,-54,1770628467.9797100
0.3,-54,1770628468.080200
0.3,-54,1770628468.1805300
0.3,-54,1770628468.2795600
0.3,-54,1770628468.380680
0.3,-53,1770628468.4803700
0.3,-50,1770628468.5816500
0.3,-53,1770628468.6794600
0.3,-54,1770628468.7811000
0.3,-54,1770628468.8823500
0.3,-54,1770628468.982580
0.3,-54,1770628469.0813500
0.3,-54,1770628469.18168
0.3,-54,1770628469.2819800
0.3,-54,1770628469.382060
0.3,-54,1770628469.4819100
0.3,-53,1770628469.5819100
0.3,-54,1770628469.6818200
0.3,-54,1770628469.7817800
0.3,-54,1770628469.8824400
0.3,-54,1770628469.9825500
0.3,-54,1770628470.0834300
0.3,-54,1770628470.1835100
0.3,-54,1770628470.281970
0.3,-54,1770628470.3838200
0.3,-54,1770628470.48247
0.3,-54,1770628470.584810
0.3,-53,1770628470.6836300
0.35,-54,1770628497.9749300
0.35,-54,1770628497.9750800
0.35,-53,1770628497.975190
0.35,-54,1770628497.975290
0.35,-54,1770628497.9753900
0.35,-54,1770628497.9754900
0.35,-54,1770628497.9755900
0.35,-54,1770628497.9756900
0.35,-53,1770628497.9757900
0.35,-54,1770628497.9758900
0.35,-54,1770628497.9760000
0.35,-54,1770628497.9761000
0.35,-54,1770628497.9762100
0.35,-54,1770628497.9763200
0.35,-54,1770628497.9764300
0.35,-54,1770628497.9765300
0.35,-54,1770628497.9766300
0.35,-54,1770628497.9767300
0.35,-54,1770628497.9768300
0.35,-54,1770628497.9769300
0.35,-54,1770628497.977030
0.35,-54,1770628497.9771400
0.35,-54,1770628497.977240
0.35,-54,1770628497.9773400
0.35,-54,1770628497.9774400
0.35,-54,1770628497.9775400
0.35,-54,1770628497.9776400
0.35,-54,1770628497.9777400
0.35,-54,1770628497.9778400
0.35,-54,1770628497.977950
0.35,-54,1770628497.9780500
0.35,-54,1770628497.9781500
0.35,-54,1770628497.978250
0.35,-54,1770628497.9784100
0.35,-53,1770628497.9785100
0.35,-54,1770628497.9786000
0.35,-53,1770628497.9787000
0.35,-54,1770628497.9788
0.35,-54,1770628497.9788900
0.35,-54,1770628497.9789900
0.35,-54,1770628497.9790900
0.35,-53,1770628497.9792500
0.35,-54,1770628497.9793300
0.35,-53,1770628497.9794200
0.35,-53,1770628497.9795600
0.35,-54,1770628497.9796900
0.35,-54,1770628497.9797500
0.35,-54,1770628497.9798100
0.35,-54,1770628497.9798800
0.35,-54,1770628497.979940
0.35,-54,1770628497.980000
0.35,-54,1770628497.9800700
0.35,-54,1770628497.9801400
0.35,-54,1770628497.9802100
0.35,-54,1770628497.9802700
0.35,-54,1770628497.9803300
0.35,-54,1770628497.9804000
0.35,-54,1770628497.9804600
0.35,-54,1770628497.9805200
0.35,-54,1770628497.9805900
0.35,-54,1770628497.9806500
0.35,-54,1770628497.9807100
0.35,-54,1770628497.9807800
0.35,-54,1770628497.9808400
0.35,-54,1770628497.9809900
0.35,-54,1770628497.9811300
0.35,-54,1770628497.981190
0.35,-54,1770628497.9812600
0.35,-54,1770628497.9813200
0.35,-54,1770628497.9813800
0.35,-54,1770628497.9814500
0.35,-54,1770628497.9815100
0.35,-53,1770628497.9815800
0.35,-53,1770628497.9816400
0.35,-53,1770628497.9817100
0.35,-54,1770628497.9817700
0.35,-54,1770628497.981840
0.35,-53,1770628497.981900
0.35,-53,1770628497.9819600
0.35,-53,1770628497.9820300
0.35,-54,1770628497.9820900
0.35,-54,1770628497.9821500
0.35,-54,1770628497.9822200
0.35,-55,1770628497.9822800
0.35,-55,1770628497.982350
0.35,-54,1770628497.9824100
0.35,-55,1770628497.982480
0.35,-55,1770628497.9825400
0.35,-55,1770628497.982600
0.35,-55,1770628497.9826800
0.35,-55,1770628497.9827400
0.35,-55,1770628497.9828200
0.35,-55,1770628497.9829700
0.35,-55,1770628497.983080
0.35,-54,1770628497.9831800
0.35,-55,1770628497.9832900
0.35,-54,1770628497.9833900
0.35,-54,1770628497.9834800
0.35,-54,1770628497.9835800
0.35,-54,1770628497.9836800
0.35,-54,1770628497.9837800
0.35,-54,1770628497.983890
0.35,-54,1770628497.9839800
0.35,-54,1770628497.9840800
0.35,-54,1770628497.9841700
0.35,-54,1770628497.9842300
0.35,-54,1770628497.984300
0.35,-54,1770628497.9843600
0.35,-55,1770628497.9844300
0.35,-55,1770628497.9844900
0.35,-55,1770628497.98457
0.35,-53,1770628497.9846300
0.35,-54,1770628497.984700
0.35,-54,1770628497.984760
0.35,-55,1770628497.9848200
0.35,-60,1770628497.9848900
0.35,-64,1770628497.9849500
0.35,-64,1770628497.9850100
0.35,-63,1770628497.9850800
0.35,-66,1770628497.9851500
0.35,-67,1770628497.9852200
0.35,-67,1770628497.9852900
0.35,-67,1770628497.9853600
0.35,-68,1770628497.9854300
0.35,-69,1770628497.985510
0.35,-69,1770628497.9855800
0.35,-67,1770628497.9856500
0.35,-66,1770628497.9857400
0.35,-64,1770628497.9858000
0.35,-63,1770628497.9858700
0.35,-61,1770628497.9859300
0.35,-62,1770628497.9859900
0.35,-63,1770628497.9860600
0.35,-63,1770628497.9861200
0.35,-64,1770628497.9861800
0.35,-65,1770628497.986250
0.35,-62,1770628497.9863100
0.35,-60,1770628497.9863800
0.35,-58,1770628497.986440
0.35,-58,1770628497.9865000
0.35,-58,1770628497.9865800
0.35,-58,1770628497.9866400
0.35,-58,1770628497.9867000
0.35,-58,1770628497.9867700
0.35,-58,1770628497.9868300
0.35,-58,1770628497.986890
0.35,-58,1770628497.9869600
0.35,-59,1770628497.9870200
0.35,-59,1770628497.9870800
0.35,-61,1770628497.9871400
0.35,-62,1770628497.987210
0.35,-61,1770628497.9872700
0.35,-60,1770628497.9873300
0.35,-63,1770628497.9874000
0.35,-72,1770628497.987470
0.35,-74,1770628497.987530
0.35,-64,1770628497.9875900
0.35,-66,1770628497.9876600
0.35,-63,1770628497.9877200
0.35,-62,1770628497.9877800
0.35,-61,1770628497.9878500
0.35,-60,1770628497.9879100
0.35,-58,1770628497.9879700
0.35,-57,1770628497.9880400
0.35,-57,1770628497.9881000
0.35,-57,1770628497.988160
0.35,-57,1770628497.9882300
0.35,-57,1770628497.9882900
0.35,-57,1770628497.9883500
0.35,-57,1770628497.988410
0.35,-58,1770628497.9884800
0.35,-58,1770628497.988550
0.35,-60,1770628497.9886100
0.35,-60,1770628497.9886800
0.35,-60,1770628497.988740
0.35,-60,1770628497.9888100
0.35,-61,1770628497.9888800
0.35,-61,1770628497.9889400
0.35,-63,1770628497.989000
0.35,-70,1770628497.9890700
0.35,-67,1770628497.9891300
0.35,-70,1770628497.989190
0.35,-70,1770628497.989250
0.35,-66,1770628497.9893200
0.35,-65,1770628497.9893800
0.35,-68,1770628497.9894400
0.35,-66,1770628497.9895100
0.35,-66,1770628497.9895700
0.35,-66,1770628497.9896300
0.35,-65,1770628497.9896900
0.35,-65,1770628497.9897600
0.35,-70,1770628497.9898200
0.35,-61,1770628497.989990
0.35,-58,1770628497.9900500
0.35,-60,1770628497.9901200
0.35,-59,1770628497.9901800
0.35,-57,1770628497.990240
0.35,-57,1770628497.990300
0.35,-58,1770628497.9903700
0.35,-61,1770628497.9904400
0.35,-69,1770628497.9905000
0.35,-77,1770628497.9905700
0.35,-68,1770628497.9906400
0.35,-66,1770628497.9907
0.35,-60,1770628497.9907600
0.35,-59,1770628497.9908300
0.35,-61,1770628497.990890
0.35,-63,1770628497.9909500
0.35,-66,1770628497.991020
0.35,-65,1770628497.9910800
0.35,-69,1770628497.9911400
0.35,-72,1770628497.9912100
0.35,-67,1770628497.991270
0.35,-62,1770628497.991330
0.35,-59,1770628497.9914000
0.35,-59,1770628497.991460
0.35,-56,1770628497.991520
0.35,-56,1770628497.9915900
0.35,-56,1770628497.991650
0.35,-57,1770628497.9917200
0.35,-57,1770628497.9917800
0.35,-57,1770628497.9918500
0.35,-56,1770628497.9919100
0.35,-56,1770628497.9919700
0.35,-56,1770628497.992030
0.35,-56,1770628497.9921000
0.35,-57,1770628497.9921600
0.35,-58,1770628497.9922200
0.35,-57,1770628497.9922900
0.35,-57,1770628497.9923500
0.35,-56,1770628497.9924100
0.35,-56,1770628497.9924800
0.35,-57,1770628497.9925400
0.35,-56,1770628497.9926100
0.35,-56,1770628497.992670
0.35,-56,1770628497.9927400
0.35,-57,1770628497.992800
0.35,-57,1770628497.992860
0.35,-58,1770628497.9929300
0.35,-57,1770628497.9929900
0.35,-57,1770628497.993050
0.35,-57,1770628497.9931200
0.35,-56,1770628497.9931800
0.35,-57,1770628497.993240
0.35,-57,1770628497.9933100
0.35,-57,1770628497.9933700
0.35,-57,1770628497.9934300
0.35,-54,1770628497.9935000
0.35,-54,1770628497.99356
0.35,-55,1770628497.9936200
0.35,-55,1770628497.9936900
0.35,-55,1770628497.9937500
0.35,-54,1770628497.9938100
0.35,-55,1770628497.993880
0.35,-55,1770628497.9939400
0.35,-55,1770628497.9940000
0.35,-55,1770628497.9940700
0.35,-55,1770628497.9941300
0.35,-54,1770628497.9942000
0.35,-55,1770628497.994270
0.35,-55,1770628497.9943300
0.35,-55,1770628497.994390
0.35,-55,1770628497.994460
0.35,-55,1770628497.9945200
0.35,-55,1770628497.994590
0.35,-55,1770628497.9946500
0.35,-55,1770628497.9947200
0.35,-55,1770628497.9948
0.35,-55,1770628497.994860
0.35,-55,1770628497.9949300
0.35,-55,1770628497.994990
0.35,-55,1770628497.9950500
0.35,-54,1770628498.001360
0.35,-54,1770628498.102360
0.35,-54,1770628498.2031900
0.35,-55,1770628498.3031600
0.35,-55,1770628498.4033200
0.35,-55,1770628498.5044200
0.35,-54,1770628498.6051600
0.35,-55,1770628498.7052900
0.35,-55,1770628498.804980
0.35,-54,1770628498.9061900
0.35,-54,1770628499.005550
0.35,-55,1770628499.1066500
0.35,-55,1770628499.205650
0.35,-55,1770628499.3046800
0.35,-55,1770628499.4053900
0.35,-55,1770628499.5054400
0.35,-55,1770628499.6052400
0.35,-55,1770628499.7055400
0.35,-55,1770628499.805230
0.35,-55,1770628499.9058400
0.35,-55,1770628500.005190
0.35,-55,1770628500.1055900
0.35,-55,1770628500.204280
0.35,-55,1770628500.305650
0.35,-55,1770628500.4052800
0.35,-55,1770628500.5055300
0.35,-55,1770628500.604240
0.35,-55,1770628500.705330
0.35,-55,1770628500.804430
0.35,-55,1770628500.904370
0.35,-55,1770628501.0053300
0.35,-55,1770628501.1063500
0.35,-55,1770628501.206700
0.35,-55,1770628501.3069600
0.35,-55,1770628501.4076000
0.35,-55,1770628501.5067500
0.35,-55,1770628501.6073400
0.35,-55,1770628501.7063600
0.35,-55,1770628501.8072800
0.35,-55,1770628501.906640
0.35,-55,1770628502.0076300
0.35,-55,1770628502.108190
0.35,-55,1770628502.2074700
0.35,-55,1770628502.3084100
0.35,-55,1770628502.4091
0.35,-55,1770628502.5100800
0.35,-55,1770628502.6096700
0.35,-55,1770628502.7111400
0.35,-55,1770628502.8124700
0.35,-55,1770628502.9131800
0.35,-55,1770628503.0122800
0.35,-55,1770628503.112580
0.35,-55,1770628503.2133900
0.35,-55,1770628503.3130000
0.35,-55,1770628503.4132200
0.35,-55,1770628503.513880
0.35,-55,1770628503.6126400
0.35,-55,1770628503.7136600
0.35,-55,1770628503.813310
0.35,-55,1770628503.9133700
0.35,-55,1770628504.0132900
0.35,-55,1770628504.1142500
0.35,-55,1770628504.214520
0.35,-55,1770628504.31411
0.35,-55,1770628504.4138000
0.35,-55,1770628504.5128700
0.35,-55,1770628504.613170
0.35,-55,1770628504.7127000
0.35,-55,1770628504.8126200
0.35,-55,1770628504.9125600
0.35,-55,1770628505.0124500
0.35,-55,1770628505.1125200
0.35,-55,1770628505.2145000
0.35,-55,1770628505.3135500
0.35,-55,1770628505.4150700
0.35,-55,1770628505.5147900
0.35,-55,1770628505.6142800
0.35,-55,1770628505.7146100
0.35,-55,1770628505.8153400
0.35,-55,1770628505.9156200
0.35,-55,1770628506.014810
0.35,-55,1770628506.1151500
0.35,-55,1770628506.216140
0.35,-55,1770628506.3143700
0.35,-55,1770628506.414850
0.35,-55,1770628506.514410
0.35,-55,1770628506.615370
0.35,-55,1770628506.7147900
0.35,-55,1770628506.8155500
0.35,-55,1770628506.9158600
0.35,-55,1770628507.0153200
0.35,-55,1770628507.1152800
0.35,-55,1770628507.2154000
0.35,-55,1770628507.3146200
0.35,-59,1770628507.4157100
0.35,-55,1770628507.5164700
0.35,-55,1770628507.6158200
0.35,-55,1770628507.715020
0.35,-55,1770628507.815490
0.35,-55,1770628507.9148300
0.35,-55,1770628508.0154200
0.35,-55,1770628508.1152300
0.35,-55,1770628508.215290
0.35,-55,1770628508.315270
0.35,-55,1770628508.4151100
0.35,-55,1770628508.5147200
0.35,-55,1770628508.6158000
0.35,-55,1770628508.7169400
0.35,-55,1770628508.815640
0.35,-55,1770628508.916300
0.35,-55,1770628509.0155300
0.35,-55,1770628509.1163100
0.35,-55,1770628509.2153200
0.35,-55,1770628509.315330
0.35,-55,1770628509.4151700
0.35,-55,1770628509.5163500
0.35,-55,1770628509.6158200
0.35,-55,1770628509.717690
0.35,-56,1770628509.816280
0.35,-56,1770628509.9172300
0.35,-55,1770628510.0164000
0.35,-55,1770628510.117650
0.35,-55,1770628510.2166500
0.35,-55,1770628510.3175000
0.35,-55,1770628510.4157200
0.35,-55,1770628510.5173100
0.35,-55,1770628510.6162100
0.35,-55,1770628510.7174000
0.35,-55,1770628510.8154800
0.35,-55,1770628510.9172400
0.35,-55,1770628511.017140
0.35,-54,1770628511.1184000
0.35,-55,1770628511.2182000
0.35,-54,1770628511.321160
0.35,-54,1770628511.416700
0.35,-55,1770628511.5165700
0.35,-55,1770628511.6163400
0.35,-55,1770628511.7161000
0.35,-55,1770628511.8162300
0.35,-55,1770628511.9164300
0.35,-55,1770628512.016220
0.35,-55,1770628512.116520
0.35,-54,1770628512.2168400
0.35,-54,1770628512.317520
0.35,-55,1770628512.4153400
0.35,-55,1770628512.5164000
0.35,-55,1770628512.6162700
0.35,-55,1770628512.716480
0.35,-55,1770628512.8160900
0.35,-55,1770628512.9163800
0.35,-55,1770628513.018300
0.35,-55,1770628513.1178200
0.35,-55,1770628513.2178000
0.35,-55,1770628513.3168500
0.35,-54,1770628513.417750
0.35,-54,1770628513.518490
0.35,-55,1770628513.6178400
0.35,-54,1770628513.7170800
0.35,-54,1770628513.8174500
0.35,-55,1770628513.917430
0.35,-55,1770628514.0175200
0.35,-55,1770628514.1175500
0.35,-55,1770628514.218530
0.35,-55,1770628514.3183300
0.35,-55,1770628514.419400
0.35,-55,1770628514.5181600
0.35,-55,1770628514.6177200
0.35,-54,1770628514.7176900
0.35,-54,1770628514.8179500
0.35,-55,1770628514.918950
0.35,-55,1770628515.019590
0.35,-55,1770628515.118540
0.35,-55,1770628515.2198000
0.35,-55,1770628515.320490
0.35,-55,1770628515.4203400
0.35,-55,1770628515.5204400
0.35,-55,1770628515.6187500
0.35,-55,1770628515.71964
0.35,-55,1770628515.8193300
0.35,-55,1770628515.919890
0.35,-55,1770628516.018420
0.35,-55,1770628516.1215400
0.35,-55,1770628516.2204500
0.35,-55,1770628516.3194700
0.35,-55,1770628516.4188400
0.35,-55,1770628516.5194400
0.35,-55,1770628516.6194600
0.35,-55,1770628516.7189100
0.35,-55,1770628516.8194300
0.35,-55,1770628516.918970
0.35,-55,1770628517.0191200
0.35,-55,1770628517.1208800
0.35,-55,1770628517.2193900
0.35,-55,1770628517.3189300
0.35,-55,1770628517.420300
0.35,-55,1770628517.5203000
0.35,-55,1770628517.6191900
0.35,-55,1770628517.7193200
0.35,-55,1770628517.8194300
0.35,-55,1770628517.9192200
0.35,-55,1770628518.0190500
0.35,-55,1770628518.121180
0.35,-55,1770628518.2202900
0.35,-55,1770628518.3194200
0.35,-55,1770628518.4193200
0.35,-55,1770628518.5184400
0.35,-55,1770628518.6187800
0.35,-55,1770628518.7191800
0.35,-55,1770628518.819060
0.35,-55,1770628518.9196200
0.35,-55,1770628519.0186700
0.35,-55,1770628519.1202100
0.35,-55,1770628519.2190400
0.35,-55,1770628519.319530
0.35,-55,1770628519.418770
0.35,-55,1770628519.5185000
0.35,-55,1770628519.619070
0.35,-55,1770628519.7194200
0.35,-55,1770628519.818790
0.35,-55,1770628519.9204200
0.35,-55,1770628520.0199900
0.35,-55,1770628520.1190100
0.35,-55,1770628520.2189300
0.35,-55,1770628520.3201700
0.35,-55,1770628520.419510
0.35,-55,1770628520.5198200
0.35,-55,1770628520.6193200
0.35,-55,1770628520.7207900
0.4,-55,1770628527.3388300
0.4,-55,1770628527.3389700
0.4,-55,1770628527.3390800
0.4,-55,1770628527.3391900
0.4,-55,1770628527.3392900
0.4,-55,1770628527.3393900
0.4,-55,1770628527.3394900
0.4,-55,1770628527.3395900
0.4,-55,1770628527.33969
0.4,-55,1770628527.3397700
0.4,-55,1770628527.3398300
0.4,-55,1770628527.3399000
0.4,-55,1770628527.3399600
0.4,-55,1770628527.340030
0.4,-55,1770628527.3400900
0.4,-55,1770628527.3401500
0.4,-55,1770628527.340220
0.4,-55,1770628527.3402800
0.4,-55,1770628527.3403500
0.4,-55,1770628527.3404100
0.4,-55,1770628527.340480
0.4,-55,1770628527.3405400
0.4,-55,1770628527.3406000
0.4,-55,1770628527.3406700
0.4,-54,1770628527.340730
0.4,-55,1770628527.3407900
0.4,-55,1770628527.3408600
0.4,-55,1770628527.3409300
0.4,-55,1770628527.341040
0.4,-55,1770628527.3411100
0.4,-55,1770628527.3411700
0.4,-55,1770628527.341240
0.4,-55,1770628527.3413000
0.4,-56,1770628527.341370
0.4,-54,1770628527.3414300
0.4,-55,1770628527.3414900
0.4,-57,1770628527.341560
0.4,-58,1770628527.341620
0.4,-58,1770628527.341690
0.4,-58,1770628527.3417500
0.4,-58,1770628527.3418100
0.4,-58,1770628527.3418800
0.4,-58,1770628527.3419400
0.4,-59,1770628527.3420100
0.4,-59,1770628527.3420700
0.4,-58,1770628527.3421300
0.4,-58,1770628527.3422000
0.4,-59,1770628527.3422600
0.4,-58,1770628527.3423300
0.4,-58,1770628527.342390
0.4,-59,1770628527.342450
0.4,-59,1770628527.3425200
0.4,-58,1770628527.3425800
0.4,-58,1770628527.3426400
0.4,-57,1770628527.3427200
0.4,-55,1770628527.3428200
0.4,-55,1770628527.3428900
0.4,-55,1770628527.3429600
0.4,-55,1770628527.343020
0.4,-55,1770628527.3430900
0.4,-55,1770628527.343160
0.4,-55,1770628527.3432500
0.4,-55,1770628527.3434300
0.4,-55,1770628527.3435400
0.4,-55,1770628527.3436100
0.4,-55,1770628527.3436700
0.4,-55,1770628527.421320
0.4,-54,1770628527.5221200
0.4,-54,1770628527.6226300
0.4,-55,1770628527.7234400
0.4,-54,1770628527.8230200
0.4,-55,1770628527.9234200
0.4,-55,1770628528.023520
0.4,-55,1770628528.1240100
0.4,-55,1770628528.2241400
0.4,-55,1770628528.3235800
0.4,-54,1770628528.4241000
0.4,-55,1770628528.523840
0.4,-55,1770628528.6258100
0.4,-55,1770628528.7251800
0.4,-55,1770628528.8252800
0.4,-55,1770628528.9262700
0.4,-55,1770628529.027250
0.4,-55,1770628529.1277900
0.4,-54,1770628529.227010
0.4,-54,1770628529.327790
0.4,-55,1770628529.42844
0.4,-54,1770628529.5287600
0.4,-54,1770628529.6276100
0.4,-55,1770628529.7278600
0.4,-54,1770628529.8292800
0.4,-54,1770628529.9299200
0.4,-54,1770628530.0301900
0.4,-55,1770628530.127670
0.4,-54,1770628530.2300900
0.4,-55,1770628530.3285100
0.4,-55,1770628530.4289200
0.4,-55,1770628530.5296600
0.4,-54,1770628530.6286400
0.4,-55,1770628530.7285300
0.4,-55,1770628530.8291600
0.4,-55,1770628530.9295500
0.4,-55,1770628531.0291100
0.4,-55,1770628531.1301100
0.4,-55,1770628531.2276900
0.4,-54,1770628531.3279300
0.4,-55,1770628531.428410
0.4,-54,1770628531.5285800
0.4,-55,1770628531.6284500
0.4,-55,1770628531.7283000
0.4,-55,1770628531.8293500
0.4,-55,1770628531.928110
0.4,-55,1770628532.0303000
0.4,-55,1770628532.130780
0.4,-55,1770628532.2286400
0.4,-54,1770628532.3288200
0.4,-54,1770628532.429300
0.4,-55,1770628532.529980
0.4,-55,1770628532.6290400
0.4,-54,1770628532.7297200
0.4,-55,1770628532.8301800
0.4,-55,1770628532.9296300
0.4,-55,1770628533.0301100
0.4,-55,1770628533.1303100
0.4,-55,1770628533.230280
0.4,-55,1770628533.331090
0.4,-55,1770628533.4309100
0.4,-55,1770628533.5305100
0.4,-55,1770628533.6305600
0.4,-55,1770628533.7311100
0.4,-55,1770628533.8298700
0.4,-55,1770628533.9311400
0.4,-55,1770628534.0314300
0.4,-55,1770628534.131490
0.4,-55,1770628534.231920
0.4,-55,1770628534.3324300
0.4,-55,1770628534.4312700
0.4,-54,1770628534.5328900
0.4,-55,1770628534.63149
0.4,-55,1770628534.7319900
0.4,-54,1770628534.831790
0.4,-55,1770628534.9310900
0.4,-54,1770628535.0316900
0.4,-55,1770628535.1331600
0.4,-55,1770628535.2314800
0.4,-55,1770628535.332170
0.4,-55,1770628535.4307600
0.4,-55,1770628535.5321700
0.4,-55,1770628535.6333200
0.4,-55,1770628535.7323400
0.4,-55,1770628535.8327500
0.4,-55,1770628535.9363400
0.4,-55,1770628536.032370
0.4,-54,1770628536.132310
0.4,-55,1770628536.2326000
0.4,-55,1770628536.331540
0.4,-54,1770628536.4315900
0.4,-55,1770628536.5312800
0.4,-55,1770628536.6323200
0.4,-55,1770628536.7320800
0.4,-55,1770628536.8329300
0.4,-54,1770628536.9333900
0.4,-55,1770628537.0323200
0.4,-55,1770628537.132670
0.4,-55,1770628537.2323700
0.4,-55,1770628537.3341900
0.4,-55,1770628537.433360
0.4,-55,1770628537.532770
0.4,-55,1770628537.634610
0.4,-55,1770628537.7346300
0.4,-55,1770628537.8339600
0.4,-55,1770628537.9348600
0.4,-55,1770628538.0342600
0.4,-55,1770628538.1351000
0.4,-55,1770628538.2334400
0.4,-55,1770628538.3353100
0.4,-54,1770628538.4342700
0.4,-55,1770628538.5343300
0.4,-55,1770628538.634160
0.4,-55,1770628538.734360
0.4,-55,1770628538.833370
0.4,-55,1770628538.9336700
0.4,-55,1770628539.0338300
0.4,-55,1770628539.1335800
0.4,-55,1770628539.235390
0.4,-55,1770628539.3329500
0.4,-55,1770628539.4343600
0.4,-55,1770628539.534220
0.4,-55,1770628539.6362100
0.4,-55,1770628539.734340
0.4,-54,1770628539.8331200
0.4,-55,1770628539.9336800
0.4,-55,1770628540.0344900
0.4,-55,1770628540.1352700
0.4,-55,1770628540.2343500
0.4,-55,1770628540.335620
0.4,-55,1770628540.4344500
0.4,-54,1770628540.5363100
0.4,-54,1770628540.6339000
0.4,-55,1770628540.7342600
0.4,-54,1770628540.83336
0.4,-55,1770628540.9353900
0.4,-54,1770628541.033390
0.4,-54,1770628541.1351500
0.4,-54,1770628541.234260
0.4,-54,1770628541.3341000
0.4,-54,1770628541.4344200
0.4,-54,1770628541.536260
0.4,-54,1770628541.6350900
0.4,-54,1770628541.7340700
0.4,-55,1770628541.8341500
0.4,-55,1770628541.9341500
0.4,-55,1770628542.034340
0.4,-55,1770628542.1337000
0.4,-55,1770628542.23445
0.4,-55,1770628542.334050
0.4,-55,1770628542.4372700
0.4,-55,1770628542.5347200
0.4,-55,1770628542.636490
0.4,-55,1770628542.734550
0.4,-54,1770628542.8346200
0.4,-54,1770628542.9358000
0.4,-55,1770628543.035320
0.4,-55,1770628543.1367000
0.4,-54,1770628543.2360900
0.4,-54,1770628543.3352900
0.4,-54,1770628543.4343000
0.4,-54,1770628543.535600
0.4,-54,1770628543.6349700
0.4,-55,1770628543.7397400
0.4,-55,1770628543.8358600
0.4,-55,1770628543.935400
0.4,-55,1770628544.0362000
0.4,-55,1770628544.1351400
0.4,-55,1770628544.2358200
0.4,-55,1770628544.3347800
0.4,-54,1770628544.4361800
0.4,-55,1770628544.5351800
0.4,-55,1770628544.635420
0.4,-55,1770628544.734580
0.4,-55,1770628544.8352800
0.4,-55,1770628544.934250
0.4,-54,1770628545.0361100
0.4,-55,1770628545.1344800
0.4,-55,1770628545.2357500
0.4,-55,1770628545.3362900
0.4,-55,1770628545.4351900
0.4,-54,1770628545.5361200
0.4,-55,1770628545.6346900
0.4,-55,1770628545.7392800
0.4,-55,1770628545.8358700
0.4,-55,1770628545.9353000
0.4,-55,1770628546.034950
0.4,-55,1770628546.1349800
0.4,-55,1770628546.2343800
0.4,-54,1770628546.3362200
0.4,-55,1770628546.435490
0.4,-55,1770628546.5344500
0.4,-55,1770628546.6349900
0.4,-55,1770628546.7342300
0.4,-55,1770628546.8352200
0.4,-55,1770628546.9352000
0.4,-55,1770628547.03426
0.4,-55,1770628547.135080
0.4,-55,1770628547.2340900
0.4,-54,1770628547.3349600
0.4,-54,1770628547.4351800
0.4,-55,1770628547.5343300
0.4,-55,1770628547.6345400
0.4,-55,1770628547.735190
0.4,-55,1770628547.835440
0.4,-54,1770628547.9344400
0.4,-54,1770628548.0361300
0.4,-54,1770628548.1344400
0.4,-54,1770628548.2347400
0.4,-54,1770628548.336040
0.4,-54,1770628548.4344800
0.4,-55,1770628548.535280
0.4,-55,1770628548.63548
0.4,-55,1770628548.7362600
0.4,-55,1770628548.835990
0.4,-55,1770628548.935400
0.4,-55,1770628549.034970
0.4,-56,1770628549.136240
0.4,-55,1770628549.2352100
0.4,-55,1770628549.3382700
0.4,-55,1770628549.4343400
0.4,-55,1770628549.5355100
0.4,-55,1770628549.6343800
0.4,-55,1770628549.73611
0.4,-55,1770628549.8347100
0.4,-55,1770628549.9348000
0.4,-55,1770628550.0353600
0.4,-55,1770628550.1351700
0.4,-55,1770628550.2340000
0.4,-55,1770628550.3352700
0.4,-55,1770628550.4354600
0.4,-55,1770628550.5342200
0.4,-55,1770628550.6352500
0.4,-55,1770628550.7349800
0.4,-55,1770628550.8347000
0.4,-55,1770628550.9354000
0.4,-55,1770628551.0382700
0.4,-55,1770628551.1353100
0.4,-55,1770628551.2357600
0.4,-55,1770628551.3350800
0.4,-55,1770628551.4348100
0.4,-55,1770628551.5381800
0.4,-55,1770628551.6593600
0.4,-55,1770628551.7381500
0.4,-55,1770628551.8354200
0.4,-55,1770628551.937200
0.4,-55,1770628552.0361500
0.4,-55,1770628552.1366100
0.4,-55,1770628552.2372400
0.4,-55,1770628552.337480
0.4,-55,1770628552.4407300
0.4,-55,1770628552.5370300
0.4,-55,1770628552.6383400
0.4,-55,1770628552.7375700
0.4,-55,1770628552.846150
0.4,-55,1770628552.950420
0.4,-55,1770628553.0441100
0.4,-55,1770628553.141300
0.4,-55,1770628553.2388400
0.4,-55,1770628553.337450
0.4,-55,1770628553.440370
0.4,-55,1770628553.5392600
0.4,-55,1770628553.639210
0.4,-55,1770628553.7377300
0.4,-55,1770628553.8384400
0.4,-55,1770628553.943340
0.4,-55,1770628554.0385200
0.4,-55,1770628554.139120
0.4,-56,1770628554.237810
0.4,-55,1770628554.3380500
0.4,-55,1770628554.4400600
0.4,-55,1770628554.5392
0.4,-55,1770628554.6403700
0.4,-55,1770628554.744750
0.4,-55,1770628554.8403900
0.4,-55,1770628554.941320
0.4,-55,1770628555.04073
0.4,-55,1770628555.1424
0.4,-55,1770628555.2417200
0.4,-55,1770628555.345370
0.4,-55,1770628555.4422000
0.4,-55,1770628555.5414900
0.4,-55,1770628555.642100
0.4,-55,1770628555.7426800
0.4,-55,1770628555.841420
0.4,-55,1770628555.9422300
0.4,-55,1770628556.041710
0.4,-55,1770628556.1420500
0.4,-55,1770628556.2432500
0.4,-55,1770628556.342990
0.4,-55,1770628556.4443700
0.4,-55,1770628556.5423900
0.4,-55,1770628556.6424900
0.4,-55,1770628556.7423900
0.4,-55,1770628556.8431600
0.4,-55,1770628556.9443000
0.4,-55,1770628557.042450
0.4,-55,1770628557.1433300
0.4,-55,1770628557.245140
0.4,-55,1770628557.3428100
0.4,-55,1770628557.4442500
0.4,-55,1770628557.5435200
0.4,-55,1770628557.6444600
0.4,-55,1770628557.7447600
0.4,-55,1770628557.8442800
0.4,-55,1770628557.944570
0.4,-55,1770628558.0450200
0.4,-56,1770628558.1459200
0.4,-55,1770628558.245330
0.4,-55,1770628558.3456400
0.4,-55,1770628558.4442700
0.4,-55,1770628558.5552600
0.4,-55,1770628558.645230
0.4,-55,1770628558.745180
0.4,-55,1770628558.8451000
0.4,-55,1770628558.9445400
0.4,-55,1770628559.0491900
0.4,-55,1770628559.1448300
0.4,-55,1770628559.2453700
0.4,-55,1770628559.346380
0.4,-55,1770628559.446150
0.4,-55,1770628559.552470
0.4,-55,1770628559.6471200
0.4,-55,1770628559.75305
0.4,-55,1770628559.8451100
0.4,-55,1770628559.9461100
0.4,-55,1770628560.045620
0.4,-55,1770628560.1463000
0.4,-55,1770628560.245970
0.4,-55,1770628560.3456200
0.4,-55,1770628560.4503300
0.4,-55,1770628560.5462900
0.4,-55,1770628560.6453800
0.4,-55,1770628560.7458700
0.4,-55,1770628560.8453100
0.4,-55,1770628560.9490800
0.4,-55,1770628561.047180
0.4,-55,1770628561.1459700
0.4,-55,1770628561.246130
0.4,-55,1770628561.3463400
0.4,-55,1770628561.446760
0.4,-55,1770628561.5471500
0.4,-55,1770628561.6460100
0.4,-55,1770628561.7463300
0.4,-55,1770628561.846400
0.4,-55,1770628561.9463500
0.4,-55,1770628562.0462300
0.4,-55,1770628562.147020
0.4,-55,1770628562.2520200
0.4,-55,1770628562.3463600
0.4,-55,1770628562.4471100
0.4,-55,1770628562.5480500
0.4,-55,1770628562.6473200
0.4,-55,1770628562.7482000
0.4,-55,1770628562.8481700
0.4,-55,1770628562.9482800
0.4,-55,1770628563.0492600
0.4,-55,1770628563.149370
0.4,-55,1770628563.2499100
0.4,-55,1770628563.3494100
0.4,-55,1770628563.4491200
0.4,-55,1770628563.5501400
0.4,-55,1770628563.6490900
0.4,-55,1770628563.7496300
0.4,-55,1770628563.8495300
0.4,-55,1770628563.949930
0.4,-55,1770628564.0497100
0.4,-55,1770628564.1508000
0.4,-55,1770628564.2513500
0.4,-55,1770628564.3533000
0.4,-55,1770628564.4514300
0.4,-55,1770628564.5516800
0.4,-55,1770628564.652280
0.4,-55,1770628564.7520500
0.4,-55,1770628564.8523600
0.4,-55,1770628564.9560000
0.4,-55,1770628565.0523000
0.4,-55,1770628565.1523800
0.4,-55,1770628565.2520800
0.4,-55,1770628565.3522600
0.4,-54,1770628565.4531200
0.4,-54,1770628565.5523500
0.4,-55,1770628565.6532200
0.4,-55,1770628565.7532000
0.4,-54,1770628565.8519900
0.4,-55,1770628565.9532600
0.4,-55,1770628566.0529600
0.4,-55,1770628566.152890
0.4,-55,1770628566.2531100
0.4,-55,1770628566.3537300
0.4,-55,1770628566.4542700
0.4,-55,1770628566.5542400
0.4,-54,1770628566.6549800
0.4,-54,1770628566.7540700
0.4,-55,1770628566.8542900
0.4,-55,1770628566.9542900
0.4,-54,1770628567.0545900
0.4,-54,1770628567.1552300
0.4,-55,1770628567.2543300
0.4,-55,1770628567.3557600
0.4,-55,1770628567.4566100
0.4,-55,1770628567.5559900
0.4,-55,1770628567.65584
0.4,-55,1770628567.756560
0.4,-55,1770628567.8561800
0.4,-55,1770628567.956920
0.4,-55,1770628568.055610
0.4,-55,1770628568.1564200
0.4,-55,1770628568.2562600
0.4,-54,1770628568.3572900
0.4,-54,1770628568.4562300
0.4,-54,1770628568.5559500
0.4,-54,1770628568.6571900
0.4,-54,1770628568.7581700
0.4,-54,1770628568.858260
0.4,-54,1770628568.9583900
0.4,-55,1770628569.0585500
0.4,-55,1770628569.1604100
0.4,-55,1770628569.259210
0.4,-55,1770628569.3583600
0.4,-54,1770628569.4600000
0.4,-55,1770628569.5592800
0.4,-55,1770628569.6602400
0.4,-55,1770628569.7589400
0.4,-55,1770628569.8595200
0.4,-54,1770628569.9612400
0.4,-55,1770628570.0598000
0.4,-54,1770628570.158270
0.4,-55,1770628570.2591500
0.4,-54,1770628570.3592200
0.4,-55,1770628570.4594400
0.4,-55,1770628570.5611200
0.4,-55,1770628570.6614000
0.4,-55,1770628570.7619000
0.45,-55,1770628577.7892900
0.45,-55,1770628577.789370
0.45,-55,1770628577.7894400
0.45,-55,1770628577.789510
0.45,-54,1770628577.7895900
0.45,-54,1770628577.7896500
0.45,-55,1770628577.7897200
0.45,-55,1770628577.7897900
0.45,-55,1770628577.7898500
0.45,-55,1770628577.7899200
0.45,-55,1770628577.7899800
0.45,-55,1770628577.790050
0.45,-54,1770628577.7901100
0.45,-55,1770628577.7901700
0.45,-55,1770628577.7902400
0.45,-55,1770628577.790300
0.45,-55,1770628577.7903600
0.45,-55,1770628577.7904300
0.45,-55,1770628577.7904900
0.45,-55,1770628577.7905600
0.45,-55,1770628577.7906200
0.45,-55,1770628577.790680
0.45,-55,1770628577.7907500
0.45,-55,1770628577.7908100
0.45,-55,1770628577.790890
0.45,-55,1770628577.7909700
0.45,-54,1770628577.7910500
0.45,-54,1770628577.7911300
0.45,-54,1770628577.791210
0.45,-55,1770628577.7912700
0.45,-55,1770628577.7913500
0.45,-56,1770628577.7914100
0.45,-56,1770628577.791470
0.45,-56,1770628577.791540
0.45,-56,1770628577.7916100
0.45,-56,1770628577.7916800
0.45,-56,1770628577.7917500
0.45,-56,1770628577.7918900
0.45,-57,1770628577.7919600
0.45,-57,1770628577.7920300
0.45,-56,1770628577.7920900
0.45,-56,1770628577.7921700
0.45,-56,1770628577.792270
0.45,-55,1770628577.7923400
0.45,-56,1770628577.7924000
0.45,-56,1770628577.7924600
0.45,-56,1770628577.7925300
0.45,-56,1770628577.7926000
0.45,-56,1770628577.7926600
0.45,-56,1770628577.7927500
0.45,-56,1770628577.792960
0.45,-56,1770628577.7930400
0.45,-56,1770628577.7931000
0.45,-56,1770628577.793170
0.45,-56,1770628577.7932300
0.45,-55,1770628577.7933000
0.45,-56,1770628577.7933600
0.45,-56,1770628577.793420
0.45,-56,1770628577.7934900
0.45,-56,1770628577.7935500
0.45,-56,1770628577.793620
0.45,-56,1770628577.7936800
0.45,-56,1770628577.793740
0.45,-56,1770628577.7938100
0.45,-56,1770628577.7938700
0.45,-56,1770628577.7939300
0.45,-56,1770628577.7940000
0.45,-56,1770628577.794140
0.45,-56,1770628577.7942200
0.45,-56,1770628577.7942900
0.45,-56,1770628577.8708500
0.45,-56,1770628577.9717500
0.45,-56,1770628578.071690
0.45,-56,1770628578.1714200
0.45,-56,1770628578.272260
0.45,-56,1770628578.3724600
0.45,-56,1770628578.4725400
0.45,-56,1770628578.572570
0.45,-56,1770628578.673020
0.45,-56,1770628578.7724700
0.45,-56,1770628578.8736800
0.45,-56,1770628578.9748200
0.45,-56,1770628579.0744900
0.45,-56,1770628579.1763800
0.45,-56,1770628579.2749800
0.45,-56,1770628579.3755200
0.45,-56,1770628579.4752200
0.45,-56,1770628579.5756800
0.45,-56,1770628579.675200
0.45,-56,1770628579.775470
0.45,-56,1770628579.8761400
0.45,-56,1770628579.979820
0.45,-56,1770628580.0765000
0.45,-56,1770628580.1794400
0.45,-56,1770628580.27776
0.45,-56,1770628580.3776000
0.45,-56,1770628580.4786200
0.45,-56,1770628580.5804100
0.45,-56,1770628580.679390
0.45,-56,1770628580.7794000
0.45,-56,1770628580.880420
0.45,-56,1770628580.9793800
0.45,-56,1770628581.0819800
0.45,-56,1770628581.1804100
0.45,-56,1770628581.2812300
0.45,-56,1770628581.380410
0.45,-56,1770628581.4805100
0.45,-56,1770628581.5809300
0.45,-56,1770628581.6816500
0.45,-56,1770628581.779980
0.45,-56,1770628581.8821900
0.45,-56,1770628581.9810900
0.45,-56,1770628582.0804500
0.45,-56,1770628582.1801700
0.45,-56,1770628582.28113
0.45,-56,1770628582.38104
0.45,-56,1770628582.4794800
0.45,-56,1770628582.5810200
0.45,-56,1770628582.6804700
0.45,-56,1770628582.782480
0.45,-56,1770628582.8824800
0.45,-56,1770628582.9824700
0.45,-56,1770628583.0823700
0.45,-56,1770628583.1816000
0.45,-56,1770628583.2834400
0.45,-55,1770628583.3834900
0.45,-56,1770628583.483770
0.45,-56,1770628583.5853600
0.45,-56,1770628583.6846600
0.45,-56,1770628583.7851600
0.45,-56,1770628583.8863100
0.45,-56,1770628583.9860800
0.45,-56,1770628584.0871000
0.45,-56,1770628584.1863900
0.45,-56,1770628584.2894900
0.45,-56,1770628584.3865900
0.45,-56,1770628584.4872300
0.45,-56,1770628584.58657
0.45,-56,1770628584.687390
0.45,-56,1770628584.7863700
0.45,-56,1770628584.8882800
0.45,-56,1770628584.9865400
0.45,-56,1770628585.087360
0.45,-56,1770628585.1864200
0.45,-56,1770628585.2872300
0.45,-56,1770628585.3860700
0.45,-56,1770628585.4874600
0.45,-56,1770628585.5890900
0.45,-56,1770628585.689210
0.45,-56,1770628585.7873900
0.45,-56,1770628585.8872300
0.45,-56,1770628585.9878700
0.45,-56,1770628586.0886000
0.45,-56,1770628586.1892700
0.45,-56,1770628586.2891300
0.45,-56,1770628586.3935200
0.45,-56,1770628586.4891800
0.45,-56,1770628586.5895200
0.45,-56,1770628586.6900900
0.45,-56,1770628586.7888000
0.45,-56,1770628586.8876300
0.45,-56,1770628586.990110
0.45,-56,1770628587.089230
0.45,-56,1770628587.189440
0.45,-56,1770628587.2893500
0.45,-56,1770628587.3885500
0.45,-56,1770628587.4903500
0.45,-56,1770628587.589380
0.45,-56,1770628587.6884200
0.45,-56,1770628587.7893000
0.45,-56,1770628587.8895200
0.45,-56,1770628587.9886700
0.45,-56,1770628588.0892600
0.45,-56,1770628588.1885100
0.45,-56,1770628588.2882100
0.45,-56,1770628588.388750
0.45,-56,1770628588.4892800
0.45,-56,1770628588.5884100
0.45,-56,1770628588.6883300
0.45,-56,1770628588.7887000
0.45,-56,1770628588.8890300
0.45,-56,1770628588.9893700
0.45,-56,1770628589.0880000
0.45,-56,1770628589.1902000
0.45,-56,1770628589.288530
0.45,-56,1770628589.3892900
0.45,-56,1770628589.4882200
0.45,-56,1770628589.5894100
0.45,-56,1770628589.6895300
0.45,-56,1770628589.7886800
0.45,-56,1770628589.888260
0.45,-56,1770628589.9893100
0.45,-56,1770628590.0889800
0.45,-56,1770628590.188710
0.45,-56,1770628590.2904700
0.45,-56,1770628590.39054
0.45,-56,1770628590.4910200
0.45,-56,1770628590.5927200
0.45,-56,1770628590.6916100
0.45,-56,1770628590.7921200
0.45,-56,1770628590.891270
0.45,-56,1770628590.9915900
0.45,-57,1770628591.0929600
0.45,-56,1770628591.1929300
0.45,-56,1770628591.2942300
0.45,-56,1770628591.3941400
0.45,-56,1770628591.4946000
0.45,-56,1770628591.5934000
0.45,-56,1770628591.6934300
0.45,-56,1770628591.794110
0.45,-56,1770628591.894230
0.45,-56,1770628591.9936300
0.45,-56,1770628592.0948700
0.45,-56,1770628592.195760
0.45,-56,1770628592.2967400
0.45,-56,1770628592.3964100
0.45,-56,1770628592.497130
0.45,-56,1770628592.5974800
0.45,-56,1770628592.6970900
0.45,-56,1770628592.7965300
0.45,-56,1770628592.897530
0.45,-56,1770628592.9964000
0.45,-56,1770628593.0965500
0.45,-56,1770628593.196500
0.45,-56,1770628593.2967400
0.45,-56,1770628593.3977800
0.45,-56,1770628593.4977900
0.45,-56,1770628593.5976200
0.45,-56,1770628593.6981400
0.45,-56,1770628593.798290
0.45,-56,1770628593.9003200
0.45,-56,1770628593.998680
0.45,-56,1770628594.0981600
0.45,-56,1770628594.19833
0.45,-56,1770628594.2967600
0.45,-56,1770628594.3981700
0.45,-56,1770628594.4966200
0.45,-56,1770628594.5988300
0.45,-56,1770628594.699080
0.45,-56,1770628594.7986200
0.45,-56,1770628594.8997400
0.45,-56,1770628594.9998700
0.45,-56,1770628595.1014700
0.45,-56,1770628595.200200
0.45,-56,1770628595.3006500
0.45,-56,1770628595.4021900
0.45,-56,1770628595.501190
0.45,-56,1770628595.6010500
0.45,-56,1770628595.6996300
0.45,-56,1770628595.800810
0.45,-56,1770628595.9002200
0.45,-56,1770628596.0011800
0.45,-56,1770628596.100700
0.45,-56,1770628596.2003500
0.45,-56,1770628596.3007900
0.45,-56,1770628596.4011600
0.45,-56,1770628596.5012700
0.45,-56,1770628596.6006600
0.45,-56,1770628596.7023400
0.45,-56,1770628596.801320
0.45,-56,1770628596.9025400
0.45,-56,1770628597.0021400
0.45,-56,1770628597.101370
0.45,-56,1770628597.2032500
0.45,-56,1770628597.3032000
0.45,-56,1770628597.402510
0.45,-56,1770628597.504380
0.45,-56,1770628597.603470
0.45,-56,1770628597.7042000
0.45,-56,1770628597.8046400
0.45,-56,1770628597.9038000
0.45,-56,1770628598.0043800
0.45,-56,1770628598.1042200
0.45,-56,1770628598.204540
0.45,-56,1770628598.3043600
0.45,-56,1770628598.405640
0.45,-56,1770628598.5052700
0.45,-56,1770628598.6070900
0.45,-56,1770628598.7036100
0.45,-56,1770628598.8057600
0.45,-56,1770628598.904830
0.45,-56,1770628599.0047700
0.45,-56,1770628599.1043
0.45,-56,1770628599.205210
0.45,-56,1770628599.3040700
0.45,-56,1770628599.4049900
0.45,-56,1770628599.506020
0.45,-56,1770628599.606540
0.45,-56,1770628599.7066000
0.45,-56,1770628599.8077500
0.45,-56,1770628599.906050
0.45,-56,1770628600.0081600
0.45,-56,1770628600.1072300
0.45,-56,1770628600.206350
0.45,-56,1770628600.3068700
0.45,-56,1770628600.4074300
0.45,-56,1770628600.508220
0.45,-56,1770628600.607660
0.45,-56,1770628600.7082500
0.45,-56,1770628600.8086700
0.45,-56,1770628600.9091200
0.45,-56,1770628601.0081000
0.45,-56,1770628601.1082500
0.45,-56,1770628601.2197200
0.45,-56,1770628601.3081000
0.45,-56,1770628601.4098500
0.45,-56,1770628601.5082700
0.45,-56,1770628601.6086600
0.45,-56,1770628601.7081100
0.45,-56,1770628601.807460
0.45,-55,1770628601.9074400
0.45,-55,1770628602.0083200
0.45,-56,1770628602.1082000
0.45,-56,1770628602.2082800
0.45,-56,1770628602.3077300
0.45,-56,1770628602.4086400
0.45,-56,1770628602.5094900
0.45,-56,1770628602.608270
0.45,-56,1770628602.707790
0.45,-56,1770628602.8085700
0.45,-56,1770628602.9085500
0.45,-56,1770628603.0093100
0.45,-56,1770628603.1088400
0.45,-56,1770628603.2102600
0.45,-56,1770628603.3095700
0.45,-56,1770628603.4097600
0.45,-56,1770628603.5104500
0.45,-56,1770628603.6093000
0.45,-56,1770628603.7110000
0.45,-56,1770628603.8113200
0.45,-56,1770628603.9150400
0.45,-56,1770628604.0106300
0.45,-56,1770628604.1113000
0.45,-56,1770628604.2120500
0.45,-56,1770628604.3106800
0.45,-56,1770628604.411260
0.45,-56,1770628604.5114000
0.45,-56,1770628604.6104100
0.45,-56,1770628604.7121100
0.45,-56,1770628604.8111900
0.45,-56,1770628604.9130700
0.45,-56,1770628605.010820
0.45,-56,1770628605.1104800
0.45,-56,1770628605.2115900
0.45,-56,1770628605.3113300
0.45,-56,1770628605.4120800
0.45,-56,1770628605.5106400
0.45,-56,1770628605.6114000
0.45,-56,1770628605.7112100
0.45,-56,1770628605.8127100
0.45,-56,1770628605.9119
0.45,-56,1770628606.0122700
0.45,-56,1770628606.1131700
0.45,-56,1770628606.2123500
0.45,-56,1770628606.3125700
0.45,-56,1770628606.4122500
0.45,-56,1770628606.5131400
0.45,-56,1770628606.6132000
0.45,-56,1770628606.713320
0.45,-56,1770628606.8121200
0.45,-56,1770628606.9123000
0.45,-56,1770628607.0123100
0.45,-56,1770628607.1123900
0.45,-56,1770628607.2140400
0.45,-56,1770628607.3130400
0.45,-56,1770628607.41133
0.45,-56,1770628607.513080
0.45,-56,1770628607.6134200
0.45,-56,1770628607.712230
0.45,-56,1770628607.8128400
0.45,-56,1770628607.9125100
0.45,-56,1770628608.0118700
0.45,-56,1770628608.1123000
0.45,-56,1770628608.2120200
0.45,-56,1770628608.311500
0.45,-56,1770628608.4122600
0.45,-56,1770628608.5121400
0.45,-56,1770628608.6123000
0.45,-56,1770628608.712210
0.45,-56,1770628608.8113800
0.45,-56,1770628608.9123000
0.45,-56,1770628609.0122200
0.45,-56,1770628609.1113200
0.45,-56,1770628609.2127300
0.45,-56,1770628609.3110600
0.45,-56,1770628609.411470
0.45,-56,1770628609.5122900
0.45,-56,1770628609.6123300
0.45,-56,1770628609.7124400
0.45,-56,1770628609.8112100
0.45,-56,1770628609.9128100
0.45,-56,1770628610.0120900
0.45,-56,1770628610.1123200
0.45,-56,1770628610.2134000
0.45,-56,1770628610.3131100
0.45,-56,1770628610.4132100
0.45,-56,1770628610.5115800
0.45,-56,1770628610.614070
0.45,-56,1770628610.7115500
0.45,-56,1770628610.8110200
0.45,-56,1770628610.9125400
0.45,-56,1770628611.012350
0.45,-56,1770628611.1122700
0.45,-56,1770628611.211340
0.45,-56,1770628611.311520
0.45,-56,1770628611.4121700
0.45,-56,1770628611.5120400
0.45,-56,1770628611.6119200
0.45,-56,1770628611.711990
0.45,-56,1770628611.8131000
0.45,-56,1770628611.9121800
0.45,-56,1770628612.012680
0.45,-56,1770628612.1120800
0.45,-56,1770628612.2118500
0.45,-56,1770628612.3116100
0.45,-56,1770628612.4130800
0.45,-56,1770628612.511230
0.45,-56,1770628612.6116900
0.45,-56,1770628612.712170
0.45,-56,1770628612.8113700
0.45,-56,1770628612.913350
0.45,-56,1770628613.013160
0.45,-56,1770628613.111290
0.45,-56,1770628613.2115500
0.45,-56,1770628613.3121000
0.45,-56,1770628613.411550
0.45,-56,1770628613.5118200
0.45,-56,1770628613.6109900
0.45,-56,1770628613.7131900
0.45,-56,1770628613.8114300
0.45,-56,1770628613.9111000
0.45,-56,1770628614.011600
0.45,-56,1770628614.1121900
0.45,-56,1770628614.2116900
0.45,-56,1770628614.3110500
0.45,-56,1770628614.411610
0.45,-56,1770628614.5121000
0.45,-56,1770628614.6122900
0.45,-56,1770628614.711660
0.45,-56,1770628614.8109900
0.45,-56,1770628614.9108700
0.45,-56,1770628615.0118800
0.45,-56,1770628615.1112000
0.45,-56,1770628615.211130
0.45,-56,1770628615.3121600
0.45,-56,1770628615.4132800
0.45,-56,1770628615.5131700
0.45,-56,1770628615.6128600
0.45,-56,1770628615.7133400
0.45,-56,1770628615.8142300
0.45,-56,1770628615.9146400
0.45,-56,1770628616.0150600
0.45,-56,1770628616.115310
0.45,-56,1770628616.216030
0.45,-56,1770628616.3157900
0.45,-56,1770628616.4154400
0.45,-56,1770628616.5157400
0.45,-56,1770628616.6153200
0.45,-56,1770628616.7155900
0.45,-56,1770628616.8181500
0.45,-56,1770628616.9164900
0.45,-56,1770628617.0170400
0.45,-56,1770628617.1171400
0.45,-56,1770628617.2179600
0.45,-56,1770628617.3172600
0.45,-56,1770628617.4201900
0.45,-56,1770628617.5167700
0.45,-56,1770628617.617000
0.45,-56,1770628617.7171600
0.45,-56,1770628617.8180700
0.45,-56,1770628617.9161700
0.45,-56,1770628618.0161900
0.45,-56,1770628618.116870
0.45,-56,1770628618.2179800
0.45,-56,1770628618.3171400
0.45,-56,1770628618.4162400
0.45,-56,1770628618.519630
0.45,-56,1770628618.617140
0.45,-56,1770628618.7163500
0.45,-56,1770628618.816430
0.45,-56,1770628618.9165800
0.45,-56,1770628619.017100
0.45,-56,1770628619.1172400
0.45,-56,1770628619.2171700
0.45,-56,1770628619.31719
0.45,-56,1770628619.4161700
0.45,-56,1770628619.5171000
0.45,-56,1770628619.6178700
0.45,-56,1770628619.7183000
0.45,-56,1770628619.8173900
0.45,-56,1770628619.9190100
0.45,-56,1770628620.017390
0.45,-56,1770628620.1180600
0.45,-56,1770628620.2172600
0.45,-56,1770628620.3187200
0.45,-56,1770628620.4190400
0.45,-56,1770628620.5200400
0.45,-56,1770628620.6201500
0.45,-56,1770628620.72089
0.45,-56,1770628620.819780
0.5,-56,1770628628.786980
0.5,-56,1770628628.7870700
0.5,-56,1770628628.7871500
0.5,-56,1770628628.7872500
0.5,-56,1770628628.7873200
0.5,-56,1770628628.7873800
0.5,-56,1770628628.7874500
0.5,-56,1770628628.7875100
0.5,-56,1770628628.7875700
0.5,-56,1770628628.787640
0.5,-56,1770628628.787700
0.5,-56,1770628628.7877700
0.5,-56,1770628628.7878300
0.5,-56,1770628628.7878900
0.5,-56,1770628628.7879600
0.5,-56,1770628628.788020
0.5,-56,1770628628.7880800
0.5,-56,1770628628.7881500
0.5,-56,1770628628.7882100
0.5,-56,1770628628.7882800
0.5,-56,1770628628.7883400
0.5,-56,1770628628.7884000
0.5,-56,1770628628.7884700
0.5,-56,1770628628.788530
0.5,-56,1770628628.788600
0.5,-56,1770628628.7886600
0.5,-56,1770628628.7887300
0.5,-56,1770628628.7887900
0.5,-56,1770628628.788850
0.5,-56,1770628628.7889200
0.5,-56,1770628628.7889800
0.5,-57,1770628628.789040
0.5,-56,1770628628.7891100
0.5,-56,1770628628.7891700
0.5,-56,1770628628.789240
0.5,-56,1770628628.7893000
0.5,-57,1770628628.7893700
0.5,-56,1770628628.789430
0.5,-57,1770628628.7894900
0.5,-56,1770628628.789560
0.5,-56,1770628628.7896200
0.5,-57,1770628628.7896800
0.5,-57,1770628628.789750
0.5,-57,1770628628.7898200
0.5,-57,1770628628.789900
0.5,-57,1770628628.7899900
0.5,-57,1770628628.7900500
0.5,-58,1770628628.7901200
0.5,-58,1770628628.7901900
0.5,-58,1770628628.7902800
0.5,-58,1770628628.7904000
0.5,-58,1770628628.7904800
0.5,-58,1770628628.790550
0.5,-58,1770628628.7906500
0.5,-58,1770628628.790720
0.5,-58,1770628628.7907900
0.5,-58,1770628628.7909700
0.5,-58,1770628628.7910600
0.5,-58,1770628628.791150
0.5,-59,1770628628.7912300
0.5,-58,1770628628.791310
0.5,-58,1770628628.791390
0.5,-58,1770628628.7914500
0.5,-58,1770628628.7915100
0.5,-58,1770628628.7915800
0.5,-58,1770628628.7916400
0.5,-59,1770628628.7917000
0.5,-58,1770628628.791770
0.5,-58,1770628628.7918300
0.5,-58,1770628628.7918900
0.5,-58,1770628628.791960
0.5,-58,1770628628.7920200
0.5,-58,1770628628.7920800
0.5,-58,1770628628.7921500
0.5,-58,1770628628.7922100
0.5,-57,1770628628.792280
0.5,-57,1770628628.7923400
0.5,-58,1770628628.792400
0.5,-59,1770628628.7924600
0.5,-58,1770628628.8244100
0.5,-58,1770628628.92323
0.5,-58,1770628629.0232400
0.5,-58,1770628629.122870
0.5,-58,1770628629.2239900
0.5,-58,1770628629.3243100
0.5,-58,1770628629.4240100
0.5,-58,1770628629.525270
0.5,-58,1770628629.624880
0.5,-58,1770628629.7251700
0.5,-58,1770628629.823970
0.5,-58,1770628629.9251100
0.5,-58,1770628630.0241400
0.5,-58,1770628630.1250000
0.5,-58,1770628630.2243200
0.5,-57,1770628630.3259700
0.5,-58,1770628630.4252300
0.5,-58,1770628630.5254300
0.5,-58,1770628630.6247100
0.5,-58,1770628630.7258100
0.5,-57,1770628630.8261
0.5,-58,1770628630.9261100
0.5,-58,1770628631.0254900
0.5,-58,1770628631.1251300
0.5,-58,1770628631.2253900
0.5,-58,1770628631.3251600
0.5,-58,1770628631.426330
0.5,-58,1770628631.5251700
0.5,-58,1770628631.6252
0.5,-58,1770628631.7251400
0.5,-57,1770628631.8251800
0.5,-57,1770628631.9248500
0.5,-57,1770628632.0250500
0.5,-57,1770628632.12515
0.5,-57,1770628632.2253000
0.5,-57,1770628632.3273100
0.5,-57,1770628632.4261400
0.5,-57,1770628632.5257100
0.5,-57,1770628632.626320
0.5,-57,1770628632.7248800
0.5,-57,1770628632.8254600
0.5,-57,1770628632.9251600
0.5,-57,1770628633.0252800
0.5,-58,1770628633.1257200
0.5,-58,1770628633.2250600
0.5,-58,1770628633.3246200
0.5,-58,1770628633.4255800
0.5,-58,1770628633.5256800
0.5,-58,1770628633.6252600
0.5,-58,1770628633.7259800
0.5,-58,1770628633.825190
0.5,-58,1770628633.9245500
0.5,-58,1770628634.0252100
0.5,-58,1770628634.1246000
0.5,-58,1770628634.2252200
0.5,-58,1770628634.325190
0.5,-58,1770628634.4252100
0.5,-58,1770628634.5252600
0.5,-58,1770628634.6252100
0.5,-58,1770628634.7253500
0.5,-58,1770628634.8251500
0.5,-57,1770628634.925260
0.5,-57,1770628635.024780
0.5,-58,1770628635.126380
0.5,-58,1770628635.2248900
0.5,-57,1770628635.3254800
0.5,-57,1770628635.4253700
0.5,-58,1770628635.5252100
0.5,-58,1770628635.625170
0.5,-58,1770628635.72436
0.5,-57,1770628635.8252000
0.5,-57,1770628635.9244400
0.5,-58,1770628636.0253100
0.5,-58,1770628636.1249100
0.5,-57,1770628636.224730
0.5,-58,1770628636.3247800
0.5,-58,1770628636.424480
0.5,-58,1770628636.5266100
0.5,-58,1770628636.6261600
0.5,-58,1770628636.7257300
0.5,-58,1770628636.8255300
0.5,-58,1770628636.9292800
0.5,-58,1770628637.0261700
0.5,-58,1770628637.1255800
0.5,-58,1770628637.2242300
0.5,-58,1770628637.3248600
0.5,-58,1770628637.4258800
0.5,-58,1770628637.5261300
0.5,-58,1770628637.6260900
0.5,-58,1770628637.7243400
0.5,-58,1770628637.8254200
0.5,-58,1770628637.9245200
0.5,-58,1770628638.0246500
0.5,-58,1770628638.124390
0.5,-58,1770628638.2247200
0.5,-58,1770628638.324430
0.5,-58,1770628638.4251300
0.5,-58,1770628638.525100
0.5,-58,1770628638.6258500
0.5,-58,1770628638.7249500
0.5,-58,1770628638.8253000
0.5,-58,1770628638.9254400
0.5,-58,1770628639.0251800
0.5,-58,1770628639.124640
0.5,-58,1770628639.2241700
0.5,-58,1770628639.3261800
0.5,-58,1770628639.425370
0.5,-58,1770628639.5255900
0.5,-58,1770628639.6252400
0.5,-58,1770628639.7251300
0.5,-58,1770628639.8252200
0.5,-58,1770628639.9256100
0.5,-58,1770628640.0253000
0.5,-58,1770628640.126500
0.5,-58,1770628640.2271900
0.5,-58,1770628640.325440
0.5,-58,1770628640.426250
0.5,-58,1770628640.5258700
0.5,-58,1770628640.6263000
0.5,-58,1770628640.7258800
0.5,-58,1770628640.8264600
0.5,-57,1770628640.9264200
0.5,-57,1770628641.0260000
0.5,-58,1770628641.1268500
0.5,-58,1770628641.2254100
0.5,-58,1770628641.3261300
0.5,-58,1770628641.4272200
0.5,-58,1770628641.5256300
0.5,-58,1770628641.625340
0.5,-58,1770628641.7261800
0.5,-58,1770628641.826170
0.5,-58,1770628641.9264400
0.5,-58,1770628642.0258300
0.5,-58,1770628642.1263000
0.5,-58,1770628642.2262500
0.5,-58,1770628642.3267900
0.5,-58,1770628642.4272600
0.5,-58,1770628642.5276800
0.5,-58,1770628642.6287500
0.5,-58,1770628642.7301200
0.5,-58,1770628642.8282800
0.5,-58,1770628642.9292500
0.5,-58,1770628643.0292900
0.5,-58,1770628643.1285900
0.5,-58,1770628643.2291200
0.5,-58,1770628643.3285500
0.5,-58,1770628643.4285300
0.5,-58,1770628643.528800
0.5,-58,1770628643.631260
0.5,-57,1770628643.7285300
0.5,-58,1770628643.8309700
0.5,-58,1770628643.9302500
0.5,-58,1770628644.0302200
0.5,-58,1770628644.1304400
0.5,-58,1770628644.230660
0.5,-58,1770628644.3313500
0.5,-58,1770628644.4305400
0.5,-58,1770628644.5303800
0.5,-58,1770628644.6305900
0.5,-58,1770628644.7302200
0.5,-58,1770628644.8308100
0.5,-58,1770628644.9309500
0.5,-58,1770628645.0310300
0.5,-58,1770628645.1301800
0.5,-58,1770628645.2303700
0.5,-58,1770628645.3301400
0.5,-58,1770628645.4308700
0.5,-58,1770628645.529930
0.5,-58,1770628645.6310800
0.5,-58,1770628645.7304500
0.5,-58,1770628645.8311600
0.5,-58,1770628645.929620
0.5,-58,1770628646.0304000
0.5,-58,1770628646.1302900
0.5,-58,1770628646.229560
0.5,-58,1770628646.3312
0.5,-58,1770628646.4310600
0.5,-58,1770628646.531430
0.5,-58,1770628646.6310400
0.5,-58,1770628646.7307900
0.5,-58,1770628646.8307300
0.5,-58,1770628646.9307500
0.5,-58,1770628647.0310700
0.5,-58,1770628647.132220
0.5,-58,1770628647.231210
0.5,-58,1770628647.3306000
0.5,-58,1770628647.4293300
0.5,-58,1770628647.5301000
0.5,-58,1770628647.629350
0.5,-58,1770628647.7301400
0.5,-58,1770628647.8303600
0.5,-58,1770628647.9304500
0.5,-58,1770628648.0302100
0.5,-58,1770628648.1298400
0.5,-58,1770628648.2293100
0.5,-58,1770628648.3305800
0.5,-58,1770628648.4310200
0.5,-58,1770628648.5302100
0.5,-58,1770628648.6310600
0.5,-58,1770628648.731010
0.5,-58,1770628648.8309500
0.5,-58,1770628648.93204
0.5,-58,1770628649.0314400
0.5,-58,1770628649.1322100
0.5,-58,1770628649.2321000
0.5,-58,1770628649.331010
0.5,-58,1770628649.432720
0.5,-58,1770628649.5318600
0.5,-58,1770628649.6324200
0.5,-57,1770628649.7324700
0.5,-57,1770628649.8321900
0.5,-57,1770628649.933080
0.5,-57,1770628650.0322500
0.5,-58,1770628650.1326000
0.5,-58,1770628650.2314400
0.5,-58,1770628650.3335200
0.5,-58,1770628650.4321200
0.5,-58,1770628650.5331100
0.5,-58,1770628650.6322900
0.5,-58,1770628650.7334100
0.5,-58,1770628650.8326600
0.5,-58,1770628650.9329200
0.5,-58,1770628651.0340300
0.5,-57,1770628651.1340200
0.5,-58,1770628651.2332400
0.5,-58,1770628651.3350200
0.5,-58,1770628651.4333400
0.5,-58,1770628651.5329500
0.5,-58,1770628651.6331500
0.5,-58,1770628651.7326800
0.5,-58,1770628651.8324700
0.5,-58,1770628651.9327700
0.5,-58,1770628652.0331000
0.5,-58,1770628652.1330700
0.5,-58,1770628652.232230
0.5,-58,1770628652.3320800
0.5,-58,1770628652.4328800
0.5,-58,1770628652.533080
0.5,-57,1770628652.6334700
0.5,-57,1770628652.7325900
0.5,-57,1770628652.8333500
0.5,-58,1770628652.934330
0.5,-58,1770628653.0342300
0.5,-57,1770628653.134730
0.5,-58,1770628653.234020
0.5,-58,1770628653.3342900
0.5,-58,1770628653.4349100
0.5,-58,1770628653.5344900
0.5,-57,1770628653.635050
0.5,-58,1770628653.7342100
0.5,-57,1770628653.8342800
0.5,-58,1770628653.9344500
0.5,-58,1770628654.036120
0.5,-58,1770628654.1356200
0.5,-58,1770628654.2344600
0.5,-58,1770628654.335410
0.5,-58,1770628654.4386400
0.5,-58,1770628654.5351900
0.5,-58,1770628654.6358200
0.5,-58,1770628654.7353500
0.5,-58,1770628654.8354300
0.5,-58,1770628654.934640
0.5,-58,1770628655.0352200
0.5,-58,1770628655.1348600
0.5,-58,1770628655.2352300
0.5,-58,1770628655.3343100
0.5,-58,1770628655.4351000
0.5,-58,1770628655.535030
0.5,-58,1770628655.634540
0.5,-58,1770628655.7351000
0.5,-58,1770628655.8342000
0.5,-58,1770628655.9349800
0.5,-58,1770628656.0351600
0.5,-58,1770628656.135260
0.5,-58,1770628656.2337800
0.5,-58,1770628656.3341700
0.5,-58,1770628656.4343600
0.5,-58,1770628656.5351400
0.5,-58,1770628656.6352300
0.5,-58,1770628656.7342000
0.5,-58,1770628656.8350700
0.5,-58,1770628656.9351800
0.5,-58,1770628657.035190
0.5,-58,1770628657.1355100
0.5,-58,1770628657.2339700
0.5,-58,1770628657.3342200
0.5,-58,1770628657.4338200
0.5,-58,1770628657.5350000
0.5,-58,1770628657.634730
0.5,-58,1770628657.7341400
0.5,-58,1770628657.8351500
0.5,-58,1770628657.9345900
0.5,-58,1770628658.0347000
0.5,-58,1770628658.1351900
0.5,-58,1770628658.2336500
0.5,-58,1770628658.334420
0.5,-58,1770628658.4344500
0.5,-58,1770628658.5345000
0.5,-58,1770628658.6351800
0.5,-58,1770628658.7347700
0.5,-58,1770628658.835170
0.5,-58,1770628658.9351500
0.5,-58,1770628659.034290
0.5,-58,1770628659.1350200
0.5,-58,1770628659.2341900
0.5,-58,1770628659.3348300
0.5,-58,1770628659.4354900
0.5,-58,1770628659.5352600
0.5,-58,1770628659.6345900
0.5,-58,1770628659.734300
0.5,-58,1770628659.8342300
0.5,-58,1770628659.9335700
0.5,-58,1770628660.0345100
0.5,-58,1770628660.1351700
0.5,-58,1770628660.2339800
0.5,-58,1770628660.3369200
0.5,-57,1770628660.4352700
0.5,-58,1770628660.5344700
0.5,-58,1770628660.6346200
0.5,-58,1770628660.734780
0.5,-58,1770628660.834350
0.5,-58,1770628660.9339600
0.5,-58,1770628661.036260
0.5,-58,1770628661.1352400
0.5,-58,1770628661.2340300
0.5,-58,1770628661.3358700
0.5,-58,1770628661.4349400
0.5,-58,1770628661.535470
0.5,-58,1770628661.6344200
0.5,-58,1770628661.7337600
0.5,-58,1770628661.8344100
0.5,-58,1770628661.9340800
0.5,-58,1770628662.0338200
0.5,-58,1770628662.1352600
0.5,-58,1770628662.233690
0.5,-58,1770628662.334460
0.5,-58,1770628662.4336500
0.5,-58,1770628662.5353500
0.5,-58,1770628662.6337
0.5,-58,1770628662.7353400
0.5,-58,1770628662.8342400
0.5,-58,1770628662.9354
0.5,-58,1770628663.0342000
0.5,-58,1770628663.1339200
0.5,-58,1770628663.2346200
0.5,-58,1770628663.334560
0.5,-58,1770628663.4352700
0.5,-57,1770628663.5343300
0.5,-57,1770628663.635190
0.5,-57,1770628663.734430
0.5,-58,1770628663.8341100
0.5,-58,1770628663.9351100
0.5,-58,1770628664.0348900
0.5,-58,1770628664.133890
0.5,-58,1770628664.2344900
0.5,-57,1770628664.3345600
0.5,-57,1770628664.4355100
0.5,-58,1770628664.5342100
0.5,-57,1770628664.6363800
0.5,-58,1770628664.7343400
0.5,-58,1770628664.8343200
0.5,-58,1770628664.9352100
0.5,-58,1770628665.0364700
0.5,-58,1770628665.1363500
0.5,-58,1770628665.2367100
0.5,-58,1770628665.3356700
0.5,-58,1770628665.436190
0.5,-58,1770628665.5365100
0.5,-58,1770628665.638260
0.5,-58,1770628665.738950
0.5,-58,1770628665.8395000
0.5,-58,1770628665.938360
0.5,-58,1770628666.0384300
0.5,-58,1770628666.1389200
0.5,-58,1770628666.2377800
0.5,-58,1770628666.3402500
0.5,-58,1770628666.4386000
0.5,-58,1770628666.5389400
0.5,-58,1770628666.639170
0.5,-58,1770628666.7387500
0.5,-58,1770628666.839060
0.5,-58,1770628666.9393800
0.5,-58,1770628667.039830
0.5,-58,1770628667.1402300
0.5,-58,1770628667.2404200
0.5,-58,1770628667.3414600
0.5,-58,1770628667.4418200
0.5,-58,1770628667.5418400
0.5,-58,1770628667.6433400
0.5,-57,1770628667.7433600
0.5,-57,1770628667.842820
0.5,-58,1770628667.943220
0.5,-58,1770628668.0420800
0.5,-58,1770628668.1422100
0.5,-58,1770628668.2442500
0.5,-58,1770628668.3422200
0.5,-58,1770628668.443190
0.5,-57,1770628668.541710
0.5,-57,1770628668.6426700
0.5,-57,1770628668.7427100
0.5,-57,1770628668.8442600
0.5,-57,1770628668.9429400
0.5,-57,1770628669.04162
0.5,-57,1770628669.142640
0.5,-58,1770628669.2424200
0.5,-57,1770628669.3427900
0.5,-57,1770628669.442580
0.5,-58,1770628669.5432500
0.5,-58,1770628669.6434800
0.5,-57,1770628669.7453300
0.5,-57,1770628669.8448600
0.5,-57,1770628669.9449000
0.5,-57,1770628670.0452300
0.5,-58,1770628670.144080
0.5,-58,1770628670.2446100
0.5,-58,1770628670.3445800
0.5,-58,1770628670.445270
0.5,-58,1770628670.5444900
0.5,-57,1770628670.644300
0.5,-57,1770628670.7446900
0.5,-57,1770628670.8445100
0.55,-57,1770628684.8370200
0.55,-57,1770628684.8371300
0.55,-57,1770628684.8372300
0.55,-58,1770628684.8373200
0.55,-58,1770628684.8374100
0.55,-58,1770628684.8374900
0.55,-58,1770628684.8375800
0.55,-58,1770628684.8376600
0.55,-58,1770628684.8377500
0.55,-58,1770628684.837830
0.55,-58,1770628684.8379200
0.55,-58,1770628684.8380000
0.55,-57,1770628684.8380900
0.55,-57,1770628684.8381700
0.55,-57,1770628684.8382600
0.55,-57,1770628684.8383500
0.55,-58,1770628684.8385300
0.55,-58,1770628684.8386500
0.55,-58,1770628684.8387600
0.55,-58,1770628684.838860
0.55,-58,1770628684.8389600
0.55,-58,1770628684.8390600
0.55,-57,1770628684.8391700
0.55,-57,1770628684.8392800
0.55,-57,1770628684.8393800
0.55,-57,1770628684.8394800
0.55,-58,1770628684.8395700
0.55,-58,1770628684.839680
0.55,-58,1770628684.839780
0.55,-58,1770628684.8398900
0.55,-58,1770628684.839990
0.55,-58,1770628684.8400900
0.55,-58,1770628684.8402000
0.55,-58,1770628684.8403000
0.55,-58,1770628684.8403900
0.55,-58,1770628684.8404900
0.55,-58,1770628684.84059
0.55,-58,1770628684.8406800
0.55,-58,1770628684.840780
0.55,-58,1770628684.841030
0.55,-58,1770628684.841130
0.55,-58,1770628684.841220
0.55,-58,1770628684.841320
0.55,-58,1770628684.84142
0.55,-58,1770628684.8414900
0.55,-58,1770628684.841560
0.55,-57,1770628684.8416300
0.55,-57,1770628684.841750
0.55,-57,1770628684.8418200
0.55,-57,1770628684.8418800
0.55,-57,1770628684.841950
0.55,-57,1770628684.8420100
0.55,-57,1770628684.8420800
0.55,-58,1770628684.842140
0.55,-58,1770628684.842220
0.55,-57,1770628684.842280
0.55,-57,1770628684.8423500
0.55,-57,1770628684.8424100
0.55,-57,1770628684.8424700
0.55,-58,1770628684.8425400
0.55,-58,1770628684.8426000
0.55,-58,1770628684.8426600
0.55,-57,1770628684.8427300
0.55,-57,1770628684.8427900
0.55,-58,1770628684.8428600
0.55,-58,1770628684.842920
0.55,-58,1770628684.8430300
0.55,-58,1770628684.843170
0.55,-58,1770628684.843240
0.55,-58,1770628684.8433000
0.55,-58,1770628684.843360
0.55,-57,1770628684.8434300
0.55,-58,1770628684.8434900
0.55,-58,1770628684.8435500
0.55,-57,1770628684.843620
0.55,-58,1770628684.843680
0.55,-59,1770628684.8437400
0.55,-58,1770628684.8438100
0.55,-57,1770628684.843870
0.55,-57,1770628684.8439300
0.55,-57,1770628684.844000
0.55,-57,1770628684.8440600
0.55,-57,1770628684.8441200
0.55,-58,1770628684.8441900
0.55,-57,1770628684.844250
0.55,-57,1770628684.8443100
0.55,-57,1770628684.8443700
0.55,-57,1770628684.844440
0.55,-57,1770628684.8445
0.55,-57,1770628684.8445600
0.55,-57,1770628684.8446300
0.55,-58,1770628684.844710
0.55,-58,1770628684.844770
0.55,-58,1770628684.844840
0.55,-58,1770628684.8449000
0.55,-58,1770628684.844960
0.55,-58,1770628684.8450300
0.55,-58,1770628684.8450900
0.55,-58,1770628684.8451500
0.55,-59,1770628684.8452200
0.55,-59,1770628684.8452800
0.55,-59,1770628684.845340
0.55,-58,1770628684.845410
0.55,-58,1770628684.8454700
0.55,-57,1770628684.8455300
0.55,-57,1770628684.845600
0.55,-57,1770628684.8456600
0.55,-57,1770628684.8457200
0.55,-57,1770628684.8458000
0.55,-57,1770628684.8458700
0.55,-58,1770628684.845930
0.55,-58,1770628684.8459900
0.55,-58,1770628684.8460600
0.55,-58,1770628684.8461200
0.55,-58,1770628684.8461800
0.55,-58,1770628684.846250
0.55,-58,1770628684.8463100
0.55,-58,1770628684.8463700
0.55,-58,1770628684.8464300
0.55,-58,1770628684.846500
0.55,-58,1770628684.8465600
0.55,-58,1770628684.846620
0.55,-58,1770628684.846690
0.55,-58,1770628684.8467600
0.55,-59,1770628684.846820
0.55,-58,1770628684.846880
0.55,-59,1770628684.846950
0.55,-60,1770628684.8471700
0.55,-59,1770628684.8472900
0.55,-58,1770628684.8474200
0.55,-59,1770628684.8475800
0.55,-59,1770628684.847670
0.55,-58,1770628684.8477400
0.55,-59,1770628684.8478000
0.55,-58,1770628684.8479000
0.55,-59,1770628684.8479600
0.55,-59,1770628684.848040
0.55,-58,1770628684.8481
0.55,-58,1770628684.8481600
0.55,-58,1770628684.8602100
0.55,-59,1770628684.9629600
0.55,-58,1770628685.0622800
0.55,-59,1770628685.161880
0.55,-59,1770628685.2601400
0.55,-59,1770628685.361960
0.55,-59,1770628685.461170
0.55,-59,1770628685.5606700
0.55,-59,1770628685.6612100
0.55,-59,1770628685.7608200
0.55,-59,1770628685.8619600
0.55,-59,1770628685.961230
0.55,-59,1770628686.0610600
0.55,-59,1770628686.1614800
0.55,-59,1770628686.2622900
0.55,-59,1770628686.361200
0.55,-59,1770628686.4647100
0.55,-59,1770628686.5611300
0.55,-59,1770628686.6620700
0.55,-59,1770628686.7615600
0.55,-59,1770628686.863040
0.55,-59,1770628686.96311
0.55,-59,1770628687.0630300
0.55,-59,1770628687.1623700
0.55,-59,1770628687.2617200
0.55,-59,1770628687.3632200
0.55,-59,1770628687.4631100
0.55,-59,1770628687.5622000
0.55,-59,1770628687.6624800
0.55,-59,1770628687.7617100
0.55,-59,1770628687.862840
0.55,-59,1770628687.9628500
0.55,-59,1770628688.0629400
0.55,-59,1770628688.1630600
0.55,-59,1770628688.2622400
0.55,-59,1770628688.3630600
0.55,-59,1770628688.4630500
0.55,-59,1770628688.5631800
0.55,-59,1770628688.6616300
0.55,-59,1770628688.7615800
0.55,-59,1770628688.8624900
0.55,-59,1770628688.9625700
0.55,-59,1770628689.0632700
0.55,-59,1770628689.161620
0.55,-59,1770628689.26166
0.55,-59,1770628689.3631700
0.55,-59,1770628689.4629400
0.55,-59,1770628689.5628600
0.55,-59,1770628689.6628800
0.55,-59,1770628689.7621400
0.55,-59,1770628689.8629500
0.55,-59,1770628689.962950
0.55,-59,1770628690.0675000
0.55,-59,1770628690.1613100
0.55,-59,1770628690.2625400
0.55,-59,1770628690.3617000
0.55,-59,1770628690.462950
0.55,-59,1770628690.5620900
0.55,-59,1770628690.6631200
0.55,-58,1770628690.762560
0.55,-59,1770628690.8616800
0.55,-59,1770628690.9630700
0.55,-59,1770628691.0686700
0.55,-59,1770628691.1619700
0.55,-59,1770628691.26226
0.55,-59,1770628691.362410
0.55,-59,1770628691.461970
0.55,-59,1770628691.563270
0.55,-59,1770628691.6626200
0.55,-59,1770628691.7624900
0.55,-59,1770628691.8620800
0.55,-59,1770628691.9620500
0.55,-59,1770628692.067720
0.55,-59,1770628692.1612000
0.55,-59,1770628692.2615100
0.55,-59,1770628692.3616900
0.55,-59,1770628692.4617500
0.55,-58,1770628692.5612600
0.55,-58,1770628692.6622600
0.55,-58,1770628692.761530
0.55,-58,1770628692.8619100
0.55,-59,1770628692.9616100
0.55,-59,1770628693.0628000
0.55,-59,1770628693.1618400
0.55,-59,1770628693.2621700
0.55,-59,1770628693.3613800
0.55,-59,1770628693.462310
0.55,-59,1770628693.5621600
0.55,-59,1770628693.6627200
0.55,-59,1770628693.7616000
0.55,-59,1770628693.8629200
0.55,-59,1770628693.9618700
0.55,-59,1770628694.0625700
0.55,-59,1770628694.162000
0.55,-59,1770628694.2612600
0.55,-59,1770628694.3625100
0.55,-59,1770628694.461780
0.55,-59,1770628694.562290
0.55,-59,1770628694.662210
0.55,-59,1770628694.762940
0.55,-59,1770628694.8620800
0.55,-59,1770628694.9621300
0.55,-59,1770628695.0613200
0.55,-59,1770628695.1630900
0.55,-59,1770628695.262610
0.55,-59,1770628695.362120
0.55,-59,1770628695.4618900
0.55,-59,1770628695.5665200
0.55,-59,1770628695.6621200
0.55,-59,1770628695.7621400
0.55,-59,1770628695.8620100
0.55,-59,1770628695.9614500
0.55,-59,1770628696.062240
0.55,-59,1770628696.161490
0.55,-59,1770628696.2629500
0.55,-59,1770628696.3631200
0.55,-59,1770628696.463380
0.55,-59,1770628696.5642500
0.55,-59,1770628696.6647000
0.55,-59,1770628696.764120
0.55,-59,1770628696.8640500
0.55,-59,1770628696.9649100
0.55,-59,1770628697.0636900
0.55,-59,1770628697.1645700
0.55,-59,1770628697.26463
0.55,-59,1770628697.3634600
0.55,-59,1770628697.4634500
0.55,-59,1770628697.5640100
0.55,-59,1770628697.6638100
0.55,-59,1770628697.764320
0.55,-59,1770628697.8641900
0.55,-59,1770628697.9640000
0.55,-59,1770628698.0649600
0.55,-59,1770628698.1641400
0.55,-59,1770628698.2640400
0.55,-59,1770628698.3650600
0.55,-59,1770628698.4649100
0.55,-59,1770628698.5636300
0.55,-59,1770628698.6651600
0.55,-59,1770628698.7635400
0.55,-59,1770628698.8649200
0.55,-59,1770628698.9641000
0.55,-59,1770628699.0641100
0.55,-59,1770628699.1641100
0.55,-59,1770628699.2638700
0.55,-59,1770628699.364610
0.55,-59,1770628699.464090
0.55,-59,1770628699.5633100
0.55,-59,1770628699.664200
0.55,-59,1770628699.7638200
0.55,-59,1770628699.863450
0.55,-59,1770628699.9646500
0.55,-59,1770628700.0651500
0.55,-59,1770628700.1647500
0.55,-59,1770628700.264710
0.55,-59,1770628700.3659900
0.55,-59,1770628700.4652800
0.55,-59,1770628700.566130
0.55,-59,1770628700.6671400
0.55,-59,1770628700.7673600
0.55,-59,1770628700.8689600
0.55,-59,1770628700.967820
0.55,-59,1770628701.0681900
0.55,-59,1770628701.1682600
0.55,-59,1770628701.2692200
0.55,-59,1770628701.3699200
0.55,-59,1770628701.4685900
0.55,-59,1770628701.6077500
0.55,-59,1770628701.669090
0.55,-59,1770628701.769260
0.55,-59,1770628701.869020
0.55,-59,1770628701.9683800
0.55,-59,1770628702.069060
0.55,-59,1770628702.168520
0.55,-59,1770628702.2681300
0.55,-59,1770628702.3700600
0.55,-59,1770628702.4686900
0.55,-59,1770628702.5692200
0.55,-59,1770628702.6701300
0.55,-59,1770628702.7701100
0.55,-59,1770628702.8708800
0.55,-59,1770628702.9710700
0.55,-59,1770628703.0745100
0.55,-59,1770628703.1707300
0.55,-59,1770628703.2732400
0.55,-59,1770628703.3709000
0.55,-59,1770628703.471220
0.55,-59,1770628703.5711100
0.55,-59,1770628703.6720200
0.55,-59,1770628703.7721100
0.55,-59,1770628703.8713800
0.55,-59,1770628703.970560
0.55,-59,1770628704.0718800
0.55,-59,1770628704.1701000
0.55,-59,1770628704.2819700
0.55,-59,1770628704.3707600
0.55,-59,1770628704.4720000
0.55,-59,1770628704.570940
0.55,-59,1770628704.6712700
0.55,-59,1770628704.7716600
0.55,-59,1770628704.873080
0.55,-59,1770628704.9732000
0.55,-59,1770628705.073020
0.55,-59,1770628705.173260
0.55,-59,1770628705.272340
0.55,-59,1770628705.3735900
0.55,-59,1770628705.473160
0.55,-59,1770628705.5738300
0.55,-59,1770628705.6738600
0.55,-59,1770628705.7736800
0.55,-59,1770628705.8740900
0.55,-59,1770628705.9739200
0.55,-59,1770628706.0730400
0.55,-59,1770628706.1732300
0.55,-59,1770628706.2731300
0.55,-59,1770628706.3745600
0.55,-59,1770628706.473110
0.55,-59,1770628706.5742800
0.55,-59,1770628706.6725400
0.55,-59,1770628706.7738000
0.55,-59,1770628706.8728600
0.55,-59,1770628706.9750400
0.55,-59,1770628707.072450
0.55,-59,1770628707.1741500
0.55,-59,1770628707.2731100
0.55,-59,1770628707.3739100
0.55,-59,1770628707.4754500
0.55,-59,1770628707.5733200
0.55,-59,1770628707.6741500
0.55,-59,1770628707.7723200
0.55,-59,1770628707.87418
0.55,-59,1770628707.973030
0.55,-59,1770628708.0737200
0.55,-59,1770628708.1732200
0.55,-59,1770628708.2738000
0.55,-59,1770628708.374020
0.55,-59,1770628708.4738900
0.55,-59,1770628708.5732200
0.55,-59,1770628708.6734000
0.55,-59,1770628708.7731800
0.55,-59,1770628708.8741500
0.55,-59,1770628708.9742600
0.55,-59,1770628709.0742300
0.55,-59,1770628709.173090
0.55,-59,1770628709.273810
0.55,-59,1770628709.3728800
0.55,-59,1770628709.474540
0.55,-59,1770628709.5741800
0.55,-59,1770628709.6739300
0.55,-59,1770628709.7742700
0.55,-59,1770628709.8737400
0.55,-59,1770628709.9743200
0.55,-59,1770628710.0739400
0.55,-59,1770628710.173910
0.55,-59,1770628710.2735200
0.55,-59,1770628710.3741100
0.55,-59,1770628710.473100
0.55,-59,1770628710.5731100
0.55,-59,1770628710.6739700
0.55,-59,1770628710.7734400
0.55,-59,1770628710.8740800
0.55,-59,1770628710.97416
0.55,-59,1770628711.0748500
0.55,-59,1770628711.1780100
0.55,-59,1770628711.2750400
0.55,-59,1770628711.3749300
0.55,-59,1770628711.4751000
0.55,-59,1770628711.5748300
0.55,-59,1770628711.6751500
0.55,-59,1770628711.7750400
0.55,-59,1770628711.875100
0.55,-59,1770628711.9740200
0.55,-59,1770628712.0750400
0.55,-59,1770628712.1747200
0.55,-59,1770628712.275310
0.55,-59,1770628712.375310
0.55,-59,1770628712.4741500
0.55,-59,1770628712.5741400
0.55,-59,1770628712.6759900
0.55,-59,1770628712.7749300
0.55,-59,1770628712.8750300
0.55,-59,1770628712.9742200
0.55,-59,1770628713.0747400
0.55,-59,1770628713.1753200
0.55,-59,1770628713.2759000
0.55,-59,1770628713.3748700
0.55,-59,1770628713.474060
0.55,-59,1770628713.574930
0.55,-59,1770628713.6749700
0.55,-59,1770628713.7747000
0.55,-59,1770628713.8743700
0.55,-59,1770628713.9740600
0.55,-59,1770628714.074910
0.55,-59,1770628714.1744500
0.55,-59,1770628714.2740500
0.55,-59,1770628714.374850
0.55,-59,1770628714.475060
0.55,-59,1770628714.5749800
0.55,-59,1770628714.6749100
0.55,-59,1770628714.7746000
0.55,-59,1770628714.8743500
0.55,-59,1770628714.9742500
0.55,-59,1770628715.074920
0.55,-59,1770628715.1759600
0.55,-59,1770628715.274840
0.55,-59,1770628715.3741000
0.55,-59,1770628715.473680
0.55,-59,1770628715.5747900
0.55,-59,1770628715.6750500
0.55,-59,1770628715.7747500
0.55,-59,1770628715.8746100
0.55,-59,1770628715.973700
0.55,-59,1770628716.0742200
0.55,-59,1770628716.1749900
0.55,-59,1770628716.2743100
0.55,-59,1770628716.3744300
0.55,-59,1770628716.4734900
0.55,-59,1770628716.5747100
0.55,-59,1770628716.6751500
0.55,-59,1770628716.7741100
0.55,-59,1770628716.8758900
0.55,-59,1770628716.973920
0.55,-59,1770628717.0756100
0.55,-60,1770628717.1748300
0.55,-60,1770628717.274860
0.55,-59,1770628717.3748500
0.55,-59,1770628717.474910
0.55,-59,1770628717.5742500
0.55,-59,1770628717.6739100
0.55,-59,1770628717.7747100
0.55,-59,1770628717.8736600
0.55,-59,1770628717.9749100
0.55,-59,1770628718.0744100
0.55,-59,1770628718.175070
0.55,-59,1770628718.274340
0.55,-59,1770628718.3744300
0.55,-59,1770628718.474970
0.55,-59,1770628718.574880
0.55,-59,1770628718.6749700
0.55,-59,1770628718.7737600
0.55,-59,1770628718.8759000
0.55,-59,1770628718.9739800
0.55,-59,1770628719.0747600
0.55,-59,1770628719.1740600
0.55,-59,1770628719.2742500
0.55,-59,1770628719.3744200
0.55,-59,1770628719.4741500
0.55,-59,1770628719.5748200
0.55,-59,1770628719.67472
0.55,-59,1770628719.7744100
0.55,-59,1770628719.874870
0.55,-59,1770628719.9745100
0.55,-59,1770628720.077120
0.55,-59,1770628720.174920
0.55,-59,1770628720.2741100
0.55,-59,1770628720.3747400
0.55,-59,1770628720.4748700
0.55,-59,1770628720.574480
0.55,-59,1770628720.6751600
0.55,-59,1770628720.7749500
0.55,-59,1770628720.875030
0.6,-59,1770628731.564320
0.6,-59,1770628731.5644300
0.6,-59,1770628731.5645400
0.6,-59,1770628731.5646200
0.6,-59,1770628731.5647100
0.6,-59,1770628731.5649300
0.6,-59,1770628731.565000
0.6,-59,1770628731.5650700
0.6,-59,1770628731.565140
0.6,-59,1770628731.5652000
0.6,-59,1770628731.5652600
0.6,-59,1770628731.5653300
0.6,-59,1770628731.5653900
0.6,-59,1770628731.5655400
0.6,-59,1770628731.5656100
0.6,-59,1770628731.5656700
0.6,-59,1770628731.5657300
0.6,-59,1770628731.5658000
0.6,-59,1770628731.5658700
0.6,-58,1770628731.5659300
0.6,-59,1770628731.566000
0.6,-59,1770628731.566060
0.6,-59,1770628731.5661200
0.6,-59,1770628731.5661800
0.6,-59,1770628731.5662500
0.6,-59,1770628731.5663100
0.6,-59,1770628731.5663700
0.6,-58,1770628731.5664300
0.6,-58,1770628731.5665100
0.6,-56,1770628731.5665700
0.6,-57,1770628731.5666400
0.6,-57,1770628731.5667000
0.6,-58,1770628731.566760
0.6,-58,1770628731.5668300
0.6,-60,1770628731.5668900
0.6,-60,1770628731.5669500
0.6,-60,1770628731.5670200
0.6,-61,1770628731.5670800
0.6,-61,1770628731.5671500
0.6,-61,1770628731.5672100
0.6,-62,1770628731.5672700
0.6,-62,1770628731.5673300
0.6,-61,1770628731.567400
0.6,-61,1770628731.5674600
0.6,-61,1770628731.5675200
0.6,-61,1770628731.5675900
0.6,-58,1770628731.5676500
0.6,-56,1770628731.5677100
0.6,-56,1770628731.5677700
0.6,-56,1770628731.5678400
0.6,-56,1770628731.5679000
0.6,-56,1770628731.5679600
0.6,-56,1770628731.5680300
0.6,-56,1770628731.568090
0.6,-56,1770628731.5681500
0.6,-56,1770628731.568220
0.6,-56,1770628731.5682800
0.6,-56,1770628731.5683400
0.6,-56,1770628731.5684100
0.6,-57,1770628731.5684700
0.6,-57,1770628731.5685400
0.6,-57,1770628731.5686000
0.6,-57,1770628731.568670
0.6,-57,1770628731.568730
0.6,-57,1770628731.5687900
0.6,-57,1770628731.5688500
0.6,-56,1770628731.568920
0.6,-56,1770628731.568980
0.6,-57,1770628731.5690400
0.6,-56,1770628731.5691600
0.6,-56,1770628731.5692300
0.6,-56,1770628731.5693000
0.6,-56,1770628731.5693600
0.6,-56,1770628731.569420
0.6,-56,1770628731.5695600
0.6,-56,1770628731.5696500
0.6,-57,1770628731.569720
0.6,-57,1770628731.5697800
0.6,-57,1770628731.5698500
0.6,-56,1770628731.5699100
0.6,-56,1770628731.5699700
0.6,-57,1770628731.5700400
0.6,-57,1770628731.5701000
0.6,-56,1770628731.5701600
0.6,-57,1770628731.5702200
0.6,-57,1770628731.5702900
0.6,-57,1770628731.5704200
0.6,-56,1770628731.570510
0.6,-56,1770628731.5705900
0.6,-56,1770628731.5706800
0.6,-56,1770628731.570770
0.6,-56,1770628731.570860
0.6,-56,1770628731.5709400
0.6,-56,1770628731.5710300
0.6,-57,1770628731.5711200
0.6,-56,1770628731.571230
0.6,-56,1770628731.5713100
0.6,-56,1770628731.5713900
0.6,-56,1770628731.5714800
0.6,-56,1770628731.5715800
0.6,-56,1770628731.57166
0.6,-56,1770628731.5717400
0.6,-56,1770628731.5719700
0.6,-56,1770628731.5721600
0.6,-56,1770628731.5723200
0.6,-56,1770628731.5724200
0.6,-56,1770628731.5789100
0.6,-56,1770628731.679350
0.6,-56,1770628731.779130
0.6,-56,1770628731.878600
0.6,-56,1770628731.978930
0.6,-56,1770628732.0788400
0.6,-56,1770628732.1789200
0.6,-56,1770628732.278930
0.6,-56,1770628732.378380
0.6,-56,1770628732.4792100
0.6,-56,1770628732.5783600
0.6,-57,1770628732.679210
0.6,-56,1770628732.7792000
0.6,-56,1770628732.8798500
0.6,-56,1770628732.9790800
0.6,-56,1770628733.0798100
0.6,-56,1770628733.1788800
0.6,-56,1770628733.2785800
0.6,-56,1770628733.378030
0.6,-56,1770628733.4788900
0.6,-56,1770628733.578930
0.6,-56,1770628733.678920
0.6,-56,1770628733.7781600
0.6,-56,1770628733.8792500
0.6,-56,1770628733.9780600
0.6,-56,1770628734.0790000
0.6,-56,1770628734.1786000
0.6,-56,1770628734.2779800
0.6,-56,1770628734.3783600
0.6,-57,1770628734.4789200
0.6,-57,1770628734.578930
0.6,-57,1770628734.6790300
0.6,-56,1770628734.7782000
0.6,-56,1770628734.87846
0.6,-56,1770628734.9790200
0.6,-56,1770628735.0790200
0.6,-56,1770628735.1790200
0.6,-56,1770628735.2780800
0.6,-56,1770628735.3784600
0.6,-56,1770628735.4788100
0.6,-56,1770628735.5790700
0.6,-56,1770628735.6785300
0.6,-56,1770628735.7789800
0.6,-57,1770628735.878110
0.6,-57,1770628735.979280
0.6,-57,1770628736.0786700
0.6,-56,1770628736.178290
0.6,-56,1770628736.2781500
0.6,-57,1770628736.3782300
0.6,-57,1770628736.478680
0.6,-57,1770628736.5790200
0.6,-57,1770628736.6793800
0.6,-56,1770628736.7781400
0.6,-56,1770628736.8777100
0.6,-56,1770628736.9789600
0.6,-56,1770628737.0789100
0.6,-56,1770628737.1787100
0.6,-56,1770628737.2777200
0.6,-56,1770628737.378720
0.6,-56,1770628737.478220
0.6,-57,1770628737.5787100
0.6,-57,1770628737.6791000
0.6,-56,1770628737.7781500
0.6,-56,1770628737.8788900
0.6,-56,1770628737.9789200
0.6,-56,1770628738.078120
0.6,-56,1770628738.179450
0.6,-56,1770628738.278120
0.6,-56,1770628738.3789900
0.6,-57,1770628738.4791100
0.6,-57,1770628738.5784900
0.6,-57,1770628738.6787000
0.6,-57,1770628738.777740
0.6,-57,1770628738.8778600
0.6,-57,1770628738.98016
0.6,-57,1770628739.0790800
0.6,-56,1770628739.1785400
0.6,-56,1770628739.2789900
0.6,-56,1770628739.3782100
0.6,-56,1770628739.479110
0.6,-57,1770628739.57803
0.6,-57,1770628739.6785600
0.6,-57,1770628739.778200
0.6,-57,1770628739.8789300
0.6,-57,1770628739.981060
0.6,-57,1770628740.0784300
0.6,-57,1770628740.1785900
0.6,-57,1770628740.2785700
0.6,-57,1770628740.3785700
0.6,-57,1770628740.4786200
0.6,-57,1770628740.5790300
0.6,-57,1770628740.6789000
0.6,-57,1770628740.7792300
0.6,-57,1770628740.8786700
0.6,-57,1770628740.9793400
0.6,-57,1770628741.0783100
0.6,-57,1770628741.1783900
0.6,-57,1770628741.2798900
0.6,-57,1770628741.3812100
0.6,-57,1770628741.4813100
0.6,-57,1770628741.5801000
0.6,-57,1770628741.6805600
0.6,-57,1770628741.783390
0.6,-57,1770628741.8817700
0.6,-57,1770628741.982270
0.6,-57,1770628742.0824400
0.6,-57,1770628742.1820000
0.6,-57,1770628742.2836800
0.6,-57,1770628742.3826100
0.6,-57,1770628742.4840900
0.6,-57,1770628742.5826000
0.6,-57,1770628742.6834600
0.6,-57,1770628742.782780
0.6,-57,1770628742.8830900
0.6,-57,1770628742.9817400
0.6,-56,1770628743.0840900
0.6,-56,1770628743.1830700
0.6,-56,1770628743.2839800
0.6,-56,1770628743.3820200
0.6,-56,1770628743.4833600
0.6,-56,1770628743.583110
0.6,-56,1770628743.6825400
0.6,-56,1770628743.7824400
0.6,-56,1770628743.8839700
0.6,-56,1770628743.983110
0.6,-56,1770628744.0833700
0.6,-56,1770628744.1839300
0.6,-56,1770628744.2837600
0.6,-56,1770628744.3828400
0.6,-56,1770628744.484050
0.6,-56,1770628744.584040
0.6,-56,1770628744.6837000
0.6,-56,1770628744.7827900
0.6,-56,1770628744.8834000
0.6,-57,1770628744.983990
0.6,-57,1770628745.0840700
0.6,-57,1770628745.183750
0.6,-57,1770628745.283200
0.6,-57,1770628745.384670
0.6,-56,1770628745.4850200
0.6,-56,1770628745.5840200
0.6,-56,1770628745.684580
0.6,-56,1770628745.7840500
0.6,-56,1770628745.8846300
0.6,-56,1770628745.9851400
0.6,-56,1770628746.0843000
0.6,-56,1770628746.184220
0.6,-56,1770628746.284190
0.6,-57,1770628746.3828700
0.6,-57,1770628746.48429
0.6,-56,1770628746.583360
0.6,-56,1770628746.685050
0.6,-56,1770628746.7835000
0.6,-56,1770628746.885050
0.6,-56,1770628746.983700
0.6,-56,1770628747.083520
0.6,-56,1770628747.1851400
0.6,-56,1770628747.2841300
0.6,-56,1770628747.3852200
0.6,-56,1770628747.4842200
0.6,-56,1770628747.5843100
0.6,-56,1770628747.684080
0.6,-56,1770628747.7846400
0.6,-56,1770628747.8844000
0.6,-56,1770628747.9839600
0.6,-57,1770628748.0837300
0.6,-57,1770628748.1851100
0.6,-57,1770628748.284330
0.6,-57,1770628748.385250
0.6,-57,1770628748.486170
0.6,-56,1770628748.5843700
0.6,-56,1770628748.6840500
0.6,-56,1770628748.7843400
0.6,-56,1770628748.884680
0.6,-56,1770628748.9843900
0.6,-56,1770628749.0850400
0.6,-56,1770628749.184400
0.6,-56,1770628749.2848200
0.6,-56,1770628749.3840100
0.6,-56,1770628749.4845500
0.6,-56,1770628749.5840800
0.6,-56,1770628749.6842500
0.6,-56,1770628749.7837800
0.6,-56,1770628749.8852000
0.6,-56,1770628749.9847500
0.6,-56,1770628750.0862500
0.6,-56,1770628750.185070
0.6,-56,1770628750.2852900
0.6,-56,1770628750.388160
0.6,-56,1770628750.4856700
0.6,-56,1770628750.5842700
0.6,-56,1770628750.685230
0.6,-56,1770628750.785250
0.6,-56,1770628750.8851100
0.6,-56,1770628750.985590
0.6,-56,1770628751.0853300
0.6,-56,1770628751.1858800
0.6,-56,1770628751.2851500
0.6,-56,1770628751.3851200
0.6,-56,1770628751.485980
0.6,-56,1770628751.5854200
0.6,-56,1770628751.685370
0.6,-56,1770628751.786180
0.6,-56,1770628751.8859700
0.6,-56,1770628751.98546
0.6,-56,1770628752.0851300
0.6,-56,1770628752.185580
0.6,-56,1770628752.2853700
0.6,-57,1770628752.3853500
0.6,-56,1770628752.4850400
0.6,-56,1770628752.5858700
0.6,-56,1770628752.6850500
0.6,-56,1770628752.7851900
0.6,-56,1770628752.8856300
0.6,-56,1770628752.985270
0.6,-56,1770628753.085570
0.6,-56,1770628753.1845800
0.6,-56,1770628753.2853900
0.6,-56,1770628753.3861200
0.6,-56,1770628753.4861700
0.6,-56,1770628753.5861400
0.6,-56,1770628753.6862500
0.6,-56,1770628753.78624
0.6,-56,1770628753.884600
0.6,-57,1770628753.985500
0.6,-57,1770628754.0853500
0.6,-57,1770628754.1856100
0.6,-57,1770628754.2852000
0.6,-57,1770628754.3911800
0.6,-56,1770628754.4851200
0.6,-56,1770628754.5853700
0.6,-56,1770628754.6859400
0.6,-56,1770628754.7851300
0.6,-56,1770628754.884230
0.6,-56,1770628754.9862800
0.6,-56,1770628755.0852000
0.6,-56,1770628755.1848100
0.6,-56,1770628755.2842000
0.6,-57,1770628755.384610
0.6,-57,1770628755.4850000
0.6,-57,1770628755.5850600
0.6,-57,1770628755.685350
0.6,-57,1770628755.7857600
0.6,-57,1770628755.8858200
0.6,-57,1770628755.9852600
0.6,-57,1770628756.0862300
0.6,-57,1770628756.185210
0.6,-57,1770628756.284560
0.6,-57,1770628756.3852000
0.6,-57,1770628756.4859400
0.6,-57,1770628756.5844100
0.6,-57,1770628756.685040
0.6,-57,1770628756.7852800
0.6,-57,1770628756.8853800
0.6,-57,1770628756.985110
0.6,-57,1770628757.0853500
0.6,-57,1770628757.1848600
0.6,-57,1770628757.286000
0.6,-57,1770628757.3851100
0.6,-57,1770628757.4859200
0.6,-57,1770628757.5848100
0.6,-57,1770628757.6860200
0.6,-57,1770628757.785010
0.6,-57,1770628757.8869300
0.6,-57,1770628757.9849800
0.6,-57,1770628758.0840300
0.6,-57,1770628758.1858700
0.6,-57,1770628758.285220
0.6,-57,1770628758.3859500
0.6,-57,1770628758.4844600
0.6,-57,1770628758.5844000
0.6,-57,1770628758.6844100
0.6,-57,1770628758.7859000
0.6,-57,1770628758.8843200
0.6,-57,1770628758.9853500
0.6,-57,1770628759.0851800
0.6,-57,1770628759.1845300
0.6,-57,1770628759.2848900
0.6,-57,1770628759.3852000
0.6,-57,1770628759.4847600
0.6,-57,1770628759.585890
0.6,-56,1770628759.6852100
0.6,-56,1770628759.7851900
0.6,-56,1770628759.8841600
0.6,-57,1770628759.9849300
0.6,-57,1770628760.0870100
0.6,-57,1770628760.1868700
0.6,-57,1770628760.286290
0.6,-56,1770628760.3857400
0.6,-57,1770628760.4861400
0.6,-56,1770628760.5858900
0.6,-57,1770628760.6856500
0.6,-56,1770628760.7864900
0.6,-57,1770628760.885790
0.6,-57,1770628760.985400
0.6,-57,1770628761.0866500
0.6,-57,1770628761.1869600
0.6,-56,1770628761.2855500
0.6,-57,1770628761.388070
0.6,-57,1770628761.4858500
0.6,-56,1770628761.5863100
0.6,-57,1770628761.6860100
0.6,-57,1770628761.7859800
0.6,-57,1770628761.8853100
0.6,-57,1770628761.9865600
0.6,-57,1770628762.0860500
0.6,-57,1770628762.1861700
0.6,-57,1770628762.2852300
0.6,-57,1770628762.387080
0.6,-57,1770628762.4857900
0.6,-57,1770628762.5864700
0.6,-56,1770628762.6858900
0.6,-56,1770628762.787130
0.6,-56,1770628762.8864500
0.6,-56,1770628762.987430
0.6,-56,1770628763.0869200
0.6,-56,1770628763.186880
0.6,-56,1770628763.2872800
0.6,-57,1770628763.3870200
0.6,-57,1770628763.486900
0.6,-57,1770628763.5869900
0.6,-56,1770628763.686620
0.6,-56,1770628763.787220
0.6,-56,1770628763.8870200
0.6,-56,1770628763.9878200
0.6,-57,1770628764.0869400
0.6,-57,1770628764.1870900
0.6,-57,1770628764.287360
0.6,-57,1770628764.3881000
0.6,-57,1770628764.487980
0.6,-57,1770628764.5886700
0.6,-57,1770628764.6887300
0.6,-57,1770628764.7891600
0.6,-57,1770628764.8890600
0.6,-57,1770628764.99076
0.6,-57,1770628765.0892700
0.6,-56,1770628765.1891400
0.6,-56,1770628765.2899300
0.6,-57,1770628765.3900100
0.6,-57,1770628765.4901400
0.6,-57,1770628765.5909000
0.6,-57,1770628765.69088
0.6,-57,1770628765.791550
0.6,-56,1770628765.890920
0.6,-56,1770628765.989260
0.6,-56,1770628766.0898500
0.6,-56,1770628766.190000
0.6,-56,1770628766.2900200
0.6,-56,1770628766.3899300
0.6,-56,1770628766.4909200
0.6,-56,1770628766.5900200
0.6,-56,1770628766.6903400
0.6,-57,1770628766.7909400
0.6,-57,1770628766.8909500
0.6,-57,1770628766.9918600
0.6,-56,1770628767.0920400
0.6,-56,1770628767.1919300
0.6,-56,1770628767.293350
0.6,-57,1770628767.3920800
0.6,-57,1770628767.4923300
0.6,-56,1770628767.5940100
0.6,-57,1770628767.6930900
0.6,-57,1770628767.792090
0.6,-57,1770628767.8915800
0.6,-56,1770628767.9933800
0.6,-57,1770628768.0916800
0.6,-56,1770628768.191730
0.6,-56,1770628768.2921300
0.6,-56,1770628768.3939400
0.6,-56,1770628768.4949900
0.6,-56,1770628768.595930
0.6,-56,1770628768.6951200
0.6,-56,1770628768.7956500
0.6,-56,1770628768.894050
0.6,-56,1770628768.9961300
0.6,-56,1770628769.0951700
0.6,-56,1770628769.1969000
0.6,-56,1770628769.2963400
0.6,-56,1770628769.397340
0.6,-56,1770628769.4981500
0.6,-56,1770628769.5963100
0.6,-56,1770628769.6978400
0.6,-56,1770628769.7975800
0.6,-56,1770628769.8983700
0.6,-56,1770628769.9981000
0.6,-56,1770628770.0971500
0.6,-56,1770628770.1967800
0.6,-56,1770628770.2968500
0.6,-56,1770628770.396240
0.6,-56,1770628770.4983000
0.6,-56,1770628770.5968600
0.6,-56,1770628770.6978800
0.6,-57,1770628770.797550
0.6,-56,1770628770.8990400
0.65,-56,1770628793.6502300
0.65,-56,1770628793.6503500
0.65,-57,1770628793.6504300
0.65,-57,1770628793.6505200
0.65,-56,1770628793.6507000
0.65,-56,1770628793.6508000
0.65,-57,1770628793.6509000
0.65,-56,1770628793.6510000
0.65,-56,1770628793.6511400
0.65,-56,1770628793.651240
0.65,-57,1770628793.6513400
0.65,-57,1770628793.6514300
0.65,-57,1770628793.6515400
0.65,-57,1770628793.6516500
0.65,-57,1770628793.651740
0.65,-57,1770628793.6518300
0.65,-57,1770628793.6519100
0.65,-57,1770628793.6520000
0.65,-56,1770628793.652100
0.65,-56,1770628793.6521900
0.65,-57,1770628793.6522800
0.65,-57,1770628793.652370
0.65,-57,1770628793.6524500
0.65,-57,1770628793.65253
0.65,-56,1770628793.652610
0.65,-57,1770628793.6527100
0.65,-57,1770628793.6527900
0.65,-57,1770628793.6528700
0.65,-57,1770628793.6529600
0.65,-57,1770628793.6530400
0.65,-57,1770628793.6531300
0.65,-58,1770628793.6532200
0.65,-58,1770628793.6533400
0.65,-58,1770628793.6534300
0.65,-57,1770628793.653520
0.65,-57,1770628793.6536600
0.65,-57,1770628793.6537600
0.65,-57,1770628793.6538500
0.65,-57,1770628793.654000
0.65,-57,1770628793.654110
0.65,-57,1770628793.6542000
0.65,-57,1770628793.6543000
0.65,-57,1770628793.6544000
0.65,-57,1770628793.6544900
0.65,-57,1770628793.6545900
0.65,-56,1770628793.6546800
0.65,-56,1770628793.6547800
0.65,-57,1770628793.6549200
0.65,-57,1770628793.6550100
0.65,-57,1770628793.6551100
0.65,-57,1770628793.6552100
0.65,-57,1770628793.6553100
0.65,-56,1770628793.6554100
0.65,-56,1770628793.6555100
0.65,-57,1770628793.6556000
0.65,-57,1770628793.6557000
0.65,-56,1770628793.6557900
0.65,-56,1770628793.6558700
0.65,-57,1770628793.655970
0.65,-57,1770628793.6560600
0.65,-58,1770628793.65617
0.65,-58,1770628793.6562500
0.65,-59,1770628793.656350
0.65,-57,1770628793.6566400
0.65,-56,1770628793.656770
0.65,-56,1770628793.6569400
0.65,-56,1770628793.6570300
0.65,-58,1770628793.6571200
0.65,-58,1770628793.657200
0.65,-58,1770628793.65729
0.65,-58,1770628793.6573800
0.65,-58,1770628793.6574700
0.65,-58,1770628793.6575600
0.65,-58,1770628793.6576600
0.65,-58,1770628793.6577500
0.65,-57,1770628793.6578500
0.65,-57,1770628793.657950
0.65,-58,1770628793.658030
0.65,-57,1770628793.6581200
0.65,-58,1770628793.6582000
0.65,-58,1770628793.658260
0.65,-58,1770628793.6583300
0.65,-58,1770628793.658410
0.65,-58,1770628793.6584800
0.65,-59,1770628793.6585400
0.65,-60,1770628793.6586000
0.65,-60,1770628793.6586700
0.65,-59,1770628793.6587300
0.65,-60,1770628793.6588000
0.65,-60,1770628793.658860
0.65,-60,1770628793.6589300
0.65,-60,1770628793.6589900
0.65,-60,1770628793.659060
0.65,-60,1770628793.6591200
0.65,-60,1770628793.6591800
0.65,-59,1770628793.6592500
0.65,-58,1770628793.6593100
0.65,-57,1770628793.6593800
0.65,-57,1770628793.6594400
0.65,-57,1770628793.6595000
0.65,-58,1770628793.6595700
0.65,-57,1770628793.6597800
0.65,-57,1770628793.6598400
0.65,-58,1770628793.6599100
0.65,-59,1770628793.660060
0.65,-58,1770628793.6601400
0.65,-58,1770628793.6602
0.65,-58,1770628793.6602700
0.65,-58,1770628793.6603300
0.65,-60,1770628793.6604100
0.65,-66,1770628793.6604700
0.65,-76,1770628793.6605300
0.65,-75,1770628793.6606000
0.65,-72,1770628793.6606600
0.65,-74,1770628793.660730
0.65,-72,1770628793.6607900
0.65,-71,1770628793.6608500
0.65,-67,1770628793.6609200
0.65,-66,1770628793.6609800
0.65,-66,1770628793.6610500
0.65,-66,1770628793.6611100
0.65,-70,1770628793.6611800
0.65,-74,1770628793.6612400
0.65,-71,1770628793.6613000
0.65,-67,1770628793.6613700
0.65,-64,1770628793.6614300
0.65,-64,1770628793.6615100
0.65,-65,1770628793.6615800
0.65,-66,1770628793.6616400
0.65,-71,1770628793.6617000
0.65,-74,1770628793.6617600
0.65,-73,1770628793.661830
0.65,-71,1770628793.6618900
0.65,-70,1770628793.6619800
0.65,-69,1770628793.6620500
0.65,-69,1770628793.6621100
0.65,-71,1770628793.6621700
0.65,-70,1770628793.6622300
0.65,-67,1770628793.6623000
0.65,-70,1770628793.6623600
0.65,-71,1770628793.6624300
0.65,-68,1770628793.6625000
0.65,-71,1770628793.6625700
0.65,-70,1770628793.6626300
0.65,-71,1770628793.6626900
0.65,-72,1770628793.6627600
0.65,-74,1770628793.662820
0.65,-67,1770628793.662880
0.65,-70,1770628793.6629500
0.65,-71,1770628793.6630100
0.65,-71,1770628793.663070
0.65,-69,1770628793.6631400
0.65,-66,1770628793.6632000
0.65,-63,1770628793.6632600
0.65,-63,1770628793.6633300
0.65,-62,1770628793.663390
0.65,-62,1770628793.6634500
0.65,-62,1770628793.6635200
0.65,-62,1770628793.6635800
0.65,-62,1770628793.663640
0.65,-62,1770628793.6637100
0.65,-62,1770628793.6637700
0.65,-62,1770628793.6638300
0.65,-62,1770628793.663900
0.65,-62,1770628793.6639600
0.65,-62,1770628793.6640200
0.65,-62,1770628793.6640900
0.65,-62,1770628793.6641500
0.65,-62,1770628793.664220
0.65,-61,1770628793.664280
0.65,-61,1770628793.6643400
0.65,-61,1770628793.6644100
0.65,-61,1770628793.6644800
0.65,-59,1770628793.6645400
0.65,-58,1770628793.6646000
0.65,-59,1770628793.664670
0.65,-59,1770628793.6647300
0.65,-59,1770628793.664800
0.65,-59,1770628793.66486
0.65,-59,1770628793.6649200
0.65,-59,1770628793.6649900
0.65,-59,1770628793.6650500
0.65,-59,1770628793.6651100
0.65,-58,1770628793.6651700
0.65,-58,1770628793.6652400
0.65,-58,1770628793.6653000
0.65,-58,1770628793.6653600
0.65,-58,1770628793.6654200
0.65,-59,1770628793.665490
0.65,-59,1770628793.6655500
0.65,-59,1770628793.6656200
0.65,-58,1770628793.6656800
0.65,-59,1770628793.6657400
0.65,-58,1770628793.6658000
0.65,-58,1770628793.6658700
0.65,-58,1770628793.665930
0.65,-59,1770628793.6660000
0.65,-58,1770628793.666070
0.65,-59,1770628793.6661300
0.65,-58,1770628793.6661900
0.65,-58,1770628793.6662600
0.65,-58,1770628793.6663200
0.65,-59,1770628793.6663800
0.65,-59,1770628793.6664500
0.65,-60,1770628793.6665200
0.65,-61,1770628793.6665800
0.65,-60,1770628793.6666500
0.65,-60,1770628793.6667100
0.65,-60,1770628793.6667700
0.65,-60,1770628793.6668300
0.65,-60,1770628793.6669000
0.65,-59,1770628793.6669600
0.65,-59,1770628793.6670300
0.65,-58,1770628793.66709
0.65,-58,1770628793.6671500
0.65,-58,1770628793.6672200
0.65,-58,1770628793.6672800
0.65,-58,1770628793.667350
0.65,-58,1770628793.667410
0.65,-58,1770628793.6674700
0.65,-59,1770628793.667530
0.65,-58,1770628793.6676000
0.65,-59,1770628793.667660
0.65,-58,1770628793.6677200
0.65,-58,1770628793.6677900
0.65,-58,1770628793.6678500
0.65,-58,1770628793.6679100
0.65,-59,1770628793.7014000
0.65,-59,1770628793.801290
0.65,-59,1770628793.9028900
0.65,-59,1770628794.0018900
0.65,-59,1770628794.1038700
0.65,-59,1770628794.2031500
0.65,-59,1770628794.301450
0.65,-59,1770628794.401150
0.65,-59,1770628794.502920
0.65,-59,1770628794.6011500
0.65,-59,1770628794.7016400
0.65,-59,1770628794.8013800
0.65,-59,1770628794.9020000
0.65,-59,1770628795.0010800
0.65,-59,1770628795.1027000
0.65,-59,1770628795.2021600
0.65,-59,1770628795.3017600
0.65,-59,1770628795.403970
0.65,-59,1770628795.5015300
0.65,-59,1770628795.6028900
0.65,-59,1770628795.701970
0.65,-58,1770628795.8021600
0.65,-59,1770628795.9014600
0.65,-58,1770628796.0028600
0.65,-59,1770628796.1019000
0.65,-59,1770628796.2010000
0.65,-59,1770628796.3020200
0.65,-59,1770628796.40201
0.65,-59,1770628796.5016200
0.65,-58,1770628796.6020000
0.65,-58,1770628796.7009000
0.65,-58,1770628796.8029100
0.65,-59,1770628796.9014200
0.65,-59,1770628797.0017900
0.65,-59,1770628797.1015500
0.65,-59,1770628797.2014600
0.65,-59,1770628797.301500
0.65,-59,1770628797.4010000
0.65,-59,1770628797.5028700
0.65,-59,1770628797.6018300
0.65,-59,1770628797.7010900
0.65,-59,1770628797.8018100
0.65,-59,1770628797.9019800
0.65,-59,1770628798.0020800
0.65,-59,1770628798.1013300
0.65,-59,1770628798.2018100
0.65,-59,1770628798.3020000
0.65,-59,1770628798.4018800
0.65,-58,1770628798.502250
0.65,-59,1770628798.6010700
0.65,-58,1770628798.7019500
0.65,-59,1770628798.8018500
0.65,-59,1770628798.9029100
0.65,-59,1770628799.0019400
0.65,-59,1770628799.10109
0.65,-59,1770628799.2011000
0.65,-59,1770628799.3010600
0.65,-59,1770628799.4020600
0.65,-59,1770628799.5023600
0.65,-59,1770628799.6011300
0.65,-59,1770628799.701410
0.65,-59,1770628799.8005000
0.65,-59,1770628799.9010700
0.65,-59,1770628800.0029100
0.65,-59,1770628800.1011300
0.65,-59,1770628800.2019700
0.65,-59,1770628800.301630
0.65,-59,1770628800.4029100
0.65,-59,1770628800.5012400
0.65,-59,1770628800.6029100
0.65,-59,1770628800.7020200
0.65,-59,1770628800.8026500
0.65,-59,1770628800.9018900
0.65,-59,1770628801.001790
0.65,-59,1770628801.1010500
0.65,-59,1770628801.2015900
0.65,-59,1770628801.3026500
0.65,-59,1770628801.4021500
0.65,-59,1770628801.5028900
0.65,-59,1770628801.6029800
0.65,-59,1770628801.7024300
0.65,-59,1770628801.8026800
0.65,-59,1770628801.9032700
0.65,-59,1770628802.0030500
0.65,-59,1770628802.104460
0.65,-59,1770628802.202730
0.65,-59,1770628802.3040300
0.65,-59,1770628802.4035300
0.65,-59,1770628802.5027800
0.65,-59,1770628802.603900
0.65,-59,1770628802.7037400
0.65,-59,1770628802.8033900
0.65,-59,1770628802.904620
0.65,-59,1770628803.0050100
0.65,-59,1770628803.1039500
0.65,-59,1770628803.203860
0.65,-59,1770628803.3034
0.65,-59,1770628803.403070
0.65,-59,1770628803.503140
0.65,-59,1770628803.6028100
0.65,-59,1770628803.7039700
0.65,-59,1770628803.8044800
0.65,-59,1770628803.903100
0.65,-59,1770628804.0038200
0.65,-59,1770628804.1046500
0.65,-59,1770628804.2047600
0.65,-59,1770628804.3046900
0.65,-59,1770628804.4056300
0.65,-59,1770628804.5049900
0.65,-59,1770628804.605340
0.65,-59,1770628804.705690
0.65,-59,1770628804.805030
0.65,-59,1770628804.9067300
0.65,-59,1770628805.0071000
0.65,-59,1770628805.1069100
0.65,-59,1770628805.2101200
0.65,-59,1770628805.3064600
0.65,-59,1770628805.4065500
0.65,-59,1770628805.507520
0.65,-59,1770628805.6058600
0.65,-59,1770628805.7062800
0.65,-59,1770628805.8061200
0.65,-59,1770628805.9061000
0.65,-59,1770628806.0061500
0.65,-59,1770628806.106040
0.65,-59,1770628806.2063800
0.65,-59,1770628806.3059300
0.65,-59,1770628806.408250
0.65,-59,1770628806.5060100
0.65,-59,1770628806.6073500
0.65,-59,1770628806.7067300
0.65,-59,1770628806.8069300
0.65,-59,1770628806.906440
0.65,-59,1770628807.0080600
0.65,-59,1770628807.1069000
0.65,-59,1770628807.2089700
0.65,-59,1770628807.3069100
0.65,-59,1770628807.407890
0.65,-59,1770628807.5078800
0.65,-59,1770628807.6069600
0.65,-59,1770628807.7075700
0.65,-59,1770628807.8077000
0.65,-59,1770628807.9087800
0.65,-59,1770628808.007970
0.65,-59,1770628808.1098200
0.65,-59,1770628808.207970
0.65,-59,1770628808.3094700
0.65,-59,1770628808.409810
0.65,-59,1770628808.5099100
0.65,-59,1770628808.6089700
0.65,-59,1770628808.7092200
0.65,-59,1770628808.8099000
0.65,-59,1770628808.9087800
0.65,-59,1770628809.010200
0.65,-59,1770628809.110820
0.65,-59,1770628809.2121300
0.65,-59,1770628809.3095200
0.65,-59,1770628809.4090200
0.65,-59,1770628809.5088200
0.65,-59,1770628809.610400
0.65,-59,1770628809.7089000
0.65,-59,1770628809.8100200
0.65,-59,1770628809.9103400
0.65,-59,1770628810.0099000
0.65,-59,1770628810.1118800
0.65,-59,1770628810.2117900
0.65,-59,1770628810.312260
0.65,-59,1770628810.4112000
0.65,-59,1770628810.5118100
0.65,-59,1770628810.611080
0.65,-59,1770628810.7128300
0.65,-59,1770628810.8123900
0.65,-59,1770628810.9140300
0.65,-59,1770628811.0129500
0.65,-59,1770628811.1138200
0.65,-59,1770628811.2128800
0.65,-59,1770628811.3132100
0.65,-59,1770628811.4124700
0.65,-59,1770628811.5131700
0.65,-59,1770628811.6131800
0.65,-59,1770628811.7128600
0.65,-59,1770628811.8119200
0.65,-59,1770628811.9129300
0.65,-59,1770628812.0119100
0.65,-59,1770628812.1140800
0.65,-59,1770628812.2128300
0.65,-59,1770628812.3132600
0.65,-59,1770628812.4120400
0.65,-59,1770628812.5138100
0.65,-59,1770628812.612990
0.65,-59,1770628812.713760
0.65,-59,1770628812.8128300
0.65,-59,1770628812.9118800
0.65,-59,1770628813.0126700
0.65,-59,1770628813.1118700
0.65,-59,1770628813.21249
0.65,-59,1770628813.3127800
0.65,-59,1770628813.412790
0.65,-59,1770628813.5127000
0.65,-59,1770628813.6130300
0.65,-59,1770628813.7135700
0.65,-59,1770628813.8139300
0.65,-59,1770628813.9148300
0.65,-59,1770628814.0137700
0.65,-59,1770628814.114410
0.65,-59,1770628814.2139800
0.65,-59,1770628814.314740
0.65,-59,1770628814.4143800
0.65,-59,1770628814.5144400
0.65,-59,1770628814.6154400
0.65,-59,1770628814.7159800
0.65,-59,1770628814.8162400
0.65,-59,1770628814.91649
0.65,-59,1770628815.0179400
0.65,-59,1770628815.1189000
0.65,-59,1770628815.218160
0.65,-59,1770628815.3172200
0.65,-59,1770628815.4185100
0.65,-59,1770628815.5178000
0.65,-59,1770628815.6185200
0.65,-59,1770628815.7170700
0.65,-59,1770628815.8182600
0.65,-59,1770628815.9181500
0.65,-59,1770628816.0199600
0.65,-59,1770628816.118190
0.65,-59,1770628816.219000
0.65,-59,1770628816.319570
0.65,-59,1770628816.4208400
0.65,-59,1770628816.5201200
0.65,-59,1770628816.6181200
0.65,-59,1770628816.7189300
0.65,-59,1770628816.8187200
0.65,-59,1770628816.9208800
0.65,-59,1770628817.0190200
0.65,-59,1770628817.1191000
0.65,-59,1770628817.2185900
0.65,-59,1770628817.3198400
0.65,-59,1770628817.4212200
0.65,-59,1770628817.5209400
0.65,-59,1770628817.6190700
0.65,-59,1770628817.7198100
0.65,-59,1770628817.819630
0.65,-59,1770628817.9192700
0.65,-59,1770628818.0193200
0.65,-59,1770628818.1199600
0.65,-59,1770628818.2208700
0.65,-59,1770628818.3208800
0.65,-59,1770628818.420530
0.65,-59,1770628818.5190100
0.65,-59,1770628818.6208100
0.65,-59,1770628818.7207500
0.65,-59,1770628818.8204100
0.65,-59,1770628818.9208200
0.65,-59,1770628819.0203000
0.65,-59,1770628819.1207900
0.65,-59,1770628819.2200100
0.65,-59,1770628819.3206200
0.65,-59,1770628819.4201400
0.65,-59,1770628819.5199400
0.65,-59,1770628819.6210700
0.65,-59,1770628819.7201400
0.65,-59,1770628819.8217100
0.65,-59,1770628819.9197100
0.65,-59,1770628820.0210200
0.65,-59,1770628820.120900
0.65,-59,1770628820.221660
0.65,-59,1770628820.3209600
0.65,-59,1770628820.4209600
0.65,-59,1770628820.5211000
0.65,-59,1770628820.6214100
0.65,-59,1770628820.7211200
0.65,-59,1770628820.8213000
0.65,-59,1770628820.9215500
0.7,-59,1770628834.4788700
0.7,-59,1770628834.4789700
0.7,-59,1770628834.4790800
0.7,-59,1770628834.4791700
0.7,-59,1770628834.4792500
0.7,-59,1770628834.4793400
0.7,-59,1770628834.479430
0.7,-59,1770628834.4795100
0.7,-59,1770628834.4796000
0.7,-59,1770628834.47968
0.7,-59,1770628834.4797700
0.7,-59,1770628834.4798500
0.7,-59,1770628834.4799400
0.7,-59,1770628834.4800200
0.7,-59,1770628834.480110
0.7,-59,1770628834.4801900
0.7,-59,1770628834.48028
0.7,-59,1770628834.4803600
0.7,-59,1770628834.480450
0.7,-58,1770628834.4805400
0.7,-59,1770628834.480620
0.7,-59,1770628834.48079
0.7,-59,1770628834.4808800
0.7,-59,1770628834.480960
0.7,-59,1770628834.4810500
0.7,-59,1770628834.4811400
0.7,-59,1770628834.4812300
0.7,-59,1770628834.481310
0.7,-59,1770628834.4813900
0.7,-59,1770628834.4814800
0.7,-59,1770628834.4815600
0.7,-59,1770628834.4816500
0.7,-59,1770628834.4818400
0.7,-59,1770628834.4819400
0.7,-59,1770628834.4820300
0.7,-59,1770628834.4821700
0.7,-59,1770628834.482260
0.7,-59,1770628834.482350
0.7,-59,1770628834.4824400
0.7,-59,1770628834.4825200
0.7,-59,1770628834.4826100
0.7,-59,1770628834.4826900
0.7,-59,1770628834.4827800
0.7,-59,1770628834.4828600
0.7,-59,1770628834.4829500
0.7,-59,1770628834.4830300
0.7,-59,1770628834.483120
0.7,-59,1770628834.4832000
0.7,-59,1770628834.4832900
0.7,-59,1770628834.4833800
0.7,-59,1770628834.4834800
0.7,-59,1770628834.4835600
0.7,-58,1770628834.483640
0.7,-59,1770628834.4837800
0.7,-59,1770628834.4838400
0.7,-59,1770628834.4839100
0.7,-59,1770628834.4839700
0.7,-59,1770628834.484040
0.7,-59,1770628834.484110
0.7,-59,1770628834.4841700
0.7,-59,1770628834.4842300
0.7,-59,1770628834.4843000
0.7,-59,1770628834.484360
0.7,-59,1770628834.484430
0.7,-59,1770628834.484490
0.7,-59,1770628834.4845500
0.7,-59,1770628834.484610
0.7,-59,1770628834.4846800
0.7,-59,1770628834.4847400
0.7,-59,1770628834.4848000
0.7,-59,1770628834.4848700
0.7,-58,1770628834.4849300
0.7,-59,1770628834.4849900
0.7,-58,1770628834.4850600
0.7,-58,1770628834.4851400
0.7,-59,1770628834.4852400
0.7,-59,1770628834.4853000
0.7,-58,1770628834.485370
0.7,-60,1770628834.4854300
0.7,-61,1770628834.4855500
0.7,-64,1770628834.485640
0.7,-67,1770628834.4857200
0.7,-67,1770628834.4857900
0.7,-65,1770628834.4858600
0.7,-66,1770628834.4859200
0.7,-67,1770628834.4859800
0.7,-68,1770628834.4860500
0.7,-67,1770628834.4861100
0.7,-63,1770628834.4861700
0.7,-63,1770628834.4862400
0.7,-64,1770628834.4863
0.7,-64,1770628834.4863600
0.7,-63,1770628834.4864200
0.7,-63,1770628834.486490
0.7,-63,1770628834.4865500
0.7,-63,1770628834.4866200
0.7,-63,1770628834.4866800
0.7,-63,1770628834.4867400
0.7,-63,1770628834.486810
0.7,-62,1770628834.4869000
0.7,-62,1770628834.4869700
0.7,-62,1770628834.4870300
0.7,-62,1770628834.4870900
0.7,-62,1770628834.4871500
0.7,-63,1770628834.4872200
0.7,-63,1770628834.4872800
0.7,-62,1770628834.4873400
0.7,-62,1770628834.4874000
0.7,-63,1770628834.4874800
0.7,-63,1770628834.4875400
0.7,-62,1770628834.487680
0.7,-61,1770628834.4877500
0.7,-61,1770628834.4878200
0.7,-61,1770628834.4878800
0.7,-61,1770628834.487950
0.7,-61,1770628834.4880100
0.7,-60,1770628834.4880700
0.7,-60,1770628834.4881300
0.7,-61,1770628834.4882000
0.7,-61,1770628834.4882600
0.7,-61,1770628834.488330
0.7,-60,1770628834.48839
0.7,-60,1770628834.4884500
0.7,-60,1770628834.488520
0.7,-60,1770628834.48858
0.7,-60,1770628834.4886400
0.7,-60,1770628834.488710
0.7,-60,1770628834.488770
0.7,-60,1770628834.4888300
0.7,-60,1770628834.4888900
0.7,-60,1770628834.4889700
0.7,-60,1770628834.4890300
0.7,-60,1770628834.4891000
0.7,-60,1770628834.4891600
0.7,-60,1770628834.4892400
0.7,-60,1770628834.5251900
0.7,-60,1770628834.6276200
0.7,-60,1770628834.7252900
0.7,-60,1770628834.8253900
0.7,-60,1770628834.9259200
0.7,-60,1770628835.0250400
0.7,-60,1770628835.1253000
0.7,-60,1770628835.2258600
0.7,-60,1770628835.3245900
0.7,-60,1770628835.4249900
0.7,-60,1770628835.5255800
0.7,-60,1770628835.625060
0.7,-60,1770628835.726270
0.7,-60,1770628835.824350
0.7,-60,1770628835.9257600
0.7,-60,1770628836.0251800
0.7,-60,1770628836.1248900
0.7,-60,1770628836.2248100
0.7,-60,1770628836.3252400
0.7,-60,1770628836.4255100
0.7,-60,1770628836.526690
0.7,-60,1770628836.626730
0.7,-60,1770628836.7260100
0.7,-60,1770628836.826950
0.7,-60,1770628836.9271400
0.7,-60,1770628837.0269800
0.7,-60,1770628837.1272100
0.7,-60,1770628837.226230
0.7,-60,1770628837.3281100
0.7,-60,1770628837.4278700
0.7,-60,1770628837.5270000
0.7,-60,1770628837.6276400
0.7,-60,1770628837.7323800
0.7,-60,1770628837.8280300
0.7,-60,1770628837.9284800
0.7,-60,1770628838.02718
0.7,-60,1770628838.127060
0.7,-60,1770628838.2279300
0.7,-60,1770628838.3267800
0.7,-60,1770628838.4280400
0.7,-60,1770628838.5270700
0.7,-60,1770628838.62682
0.7,-60,1770628838.727170
0.7,-60,1770628838.8278700
0.7,-60,1770628838.9275800
0.7,-60,1770628839.028430
0.7,-60,1770628839.129110
0.7,-60,1770628839.227210
0.7,-60,1770628839.3299700
0.7,-60,1770628839.4279600
0.7,-60,1770628839.528270
0.7,-60,1770628839.6278300
0.7,-60,1770628839.7288400
0.7,-60,1770628839.828960
0.7,-60,1770628839.9291400
0.7,-60,1770628840.028670
0.7,-60,1770628840.1282200
0.7,-60,1770628840.2282400
0.7,-60,1770628840.3286600
0.7,-60,1770628840.4291500
0.7,-60,1770628840.5402300
0.7,-60,1770628840.6282900
0.7,-60,1770628840.728530
0.7,-60,1770628840.8289300
0.7,-60,1770628840.9278600
0.7,-60,1770628841.0288000
0.7,-60,1770628841.12852
0.7,-60,1770628841.2288100
0.7,-60,1770628841.3275000
0.7,-60,1770628841.4288400
0.7,-60,1770628841.5300500
0.7,-60,1770628841.6304400
0.7,-60,1770628841.7300200
0.7,-60,1770628841.8299600
0.7,-60,1770628841.9296000
0.7,-60,1770628842.0306900
0.7,-60,1770628842.1293300
0.7,-60,1770628842.229860
0.7,-60,1770628842.3311300
0.7,-61,1770628842.4307900
0.7,-60,1770628842.5310500
0.7,-60,1770628842.6303900
0.7,-60,1770628842.7309600
0.7,-60,1770628842.8307800
0.7,-60,1770628842.9306700
0.7,-60,1770628843.030990
0.7,-60,1770628843.1298600
0.7,-60,1770628843.2314100
0.7,-60,1770628843.3313600
0.7,-60,1770628843.430910
0.7,-60,1770628843.530660
0.7,-60,1770628843.6311900
0.7,-60,1770628843.7312800
0.7,-60,1770628843.8316800
0.7,-60,1770628843.9309500
0.7,-60,1770628844.0303800
0.7,-60,1770628844.1306600
0.7,-60,1770628844.2322000
0.7,-60,1770628844.329900
0.7,-60,1770628844.4322300
0.7,-60,1770628844.5299000
0.7,-60,1770628844.6302100
0.7,-60,1770628844.7302200
0.7,-60,1770628844.8311300
0.7,-60,1770628844.930920
0.7,-60,1770628845.0319400
0.7,-60,1770628845.130110
0.7,-60,1770628845.230660
0.7,-60,1770628845.3302000
0.7,-60,1770628845.4300500
0.7,-60,1770628845.5305100
0.7,-60,1770628845.6300100
0.7,-60,1770628845.7299900
0.7,-60,1770628845.830120
0.7,-60,1770628845.9305100
0.7,-60,1770628846.0297900
0.7,-60,1770628846.1309800
0.7,-60,1770628846.229800
0.7,-60,1770628846.3311400
0.7,-60,1770628846.430010
0.7,-60,1770628846.5309700
0.7,-60,1770628846.6311000
0.7,-60,1770628846.7310500
0.7,-60,1770628846.831130
0.7,-60,1770628846.930760
0.7,-60,1770628847.0310000
0.7,-60,1770628847.130360
0.7,-60,1770628847.2316600
0.7,-60,1770628847.3304800
0.7,-60,1770628847.4310600
0.7,-60,1770628847.530790
0.7,-60,1770628847.6498500
0.7,-60,1770628847.7309100
0.7,-60,1770628847.8307700
0.7,-60,1770628847.9307600
0.7,-60,1770628848.0299900
0.7,-60,1770628848.13066
0.7,-60,1770628848.230900
0.7,-60,1770628848.330860
0.7,-60,1770628848.4304900
0.7,-60,1770628848.5308700
0.7,-60,1770628848.6309300
0.7,-60,1770628848.7303100
0.7,-60,1770628848.8311200
0.7,-60,1770628848.9303500
0.7,-60,1770628849.0304300
0.7,-60,1770628849.1303300
0.7,-60,1770628849.230740
0.7,-61,1770628849.3309200
0.7,-60,1770628849.4299200
0.7,-60,1770628849.5300800
0.7,-60,1770628849.629970
0.7,-60,1770628849.7299800
0.7,-60,1770628849.8304800
0.7,-60,1770628849.9298400
0.7,-60,1770628850.0302800
0.7,-60,1770628850.1304500
0.7,-59,1770628850.230170
0.7,-60,1770628850.3309000
0.7,-60,1770628850.429490
0.7,-60,1770628850.529790
0.7,-60,1770628850.6309000
0.7,-60,1770628850.7304400
0.7,-60,1770628850.8308200
0.7,-60,1770628850.9297500
0.7,-60,1770628851.0304700
0.7,-60,1770628851.1299800
0.7,-60,1770628851.2296300
0.7,-59,1770628851.3305500
0.7,-59,1770628851.4299500
0.7,-59,1770628851.53099
0.7,-59,1770628851.6310100
0.7,-60,1770628851.7307200
0.7,-60,1770628851.8307300
0.7,-60,1770628851.9322100
0.7,-59,1770628852.0318100
0.7,-59,1770628852.1307800
0.7,-60,1770628852.2296700
0.7,-59,1770628852.3304700
0.7,-59,1770628852.4298200
0.7,-60,1770628852.5305200
0.7,-60,1770628852.6303900
0.7,-59,1770628852.7304500
0.7,-59,1770628852.830950
0.7,-59,1770628852.9304900
0.7,-59,1770628853.03042
0.7,-59,1770628853.1302300
0.7,-59,1770628853.2307100
0.7,-60,1770628853.3313400
0.7,-60,1770628853.4318600
0.7,-60,1770628853.531950
0.7,-60,1770628853.6311700
0.7,-60,1770628853.731660
0.7,-60,1770628853.8309500
0.7,-60,1770628853.9315700
0.7,-60,1770628854.031560
0.7,-60,1770628854.131880
0.7,-60,1770628854.2305200
0.7,-60,1770628854.3308400
0.7,-60,1770628854.4340200
0.7,-60,1770628854.5318500
0.7,-60,1770628854.6316100
0.7,-60,1770628854.731950
0.7,-60,1770628854.8309300
0.7,-60,1770628854.932010
0.7,-60,1770628855.031150
0.7,-60,1770628855.1322200
0.7,-60,1770628855.230250
0.7,-60,1770628855.3307100
0.7,-60,1770628855.4313300
0.7,-60,1770628855.5324700
0.7,-60,1770628855.6319400
0.7,-60,1770628855.730940
0.7,-60,1770628855.8310600
0.7,-60,1770628855.9319200
0.7,-60,1770628856.0318600
0.7,-60,1770628856.1316800
0.7,-60,1770628856.2303300
0.7,-60,1770628856.3311600
0.7,-60,1770628856.4318700
0.7,-60,1770628856.5317600
0.7,-60,1770628856.6310700
0.7,-60,1770628856.7309700
0.7,-60,1770628856.8328200
0.7,-60,1770628856.931820
0.7,-60,1770628857.032080
0.7,-60,1770628857.1303700
0.7,-60,1770628857.2319200
0.7,-60,1770628857.3312100
0.7,-60,1770628857.4329800
0.7,-60,1770628857.53102
0.7,-60,1770628857.6327700
0.7,-60,1770628857.732000
0.7,-60,1770628857.831900
0.7,-60,1770628857.9319000
0.7,-60,1770628858.0323200
0.7,-60,1770628858.132980
0.7,-60,1770628858.2305700
0.7,-60,1770628858.3322000
0.7,-59,1770628858.4312400
0.7,-59,1770628858.5323200
0.7,-59,1770628858.6304100
0.7,-59,1770628858.731860
0.7,-59,1770628858.830500
0.7,-59,1770628858.9311700
0.7,-59,1770628859.0322900
0.7,-60,1770628859.13216
0.7,-59,1770628859.2319900
0.7,-60,1770628859.3311000
0.7,-60,1770628859.4325600
0.7,-60,1770628859.5318900
0.7,-60,1770628859.6328800
0.7,-60,1770628859.731920
0.7,-60,1770628859.8316200
0.7,-60,1770628859.9321100
0.7,-60,1770628860.0319900
0.7,-60,1770628860.1321000
0.7,-60,1770628860.23124
0.7,-60,1770628860.332070
0.7,-60,1770628860.4319200
0.7,-60,1770628860.5328400
0.7,-60,1770628860.6330100
0.7,-60,1770628860.7315500
0.7,-60,1770628860.8329200
0.7,-60,1770628860.931820
0.7,-60,1770628861.0312900
0.7,-60,1770628861.1322700
0.7,-60,1770628861.2320600
0.7,-60,1770628861.3321000
0.7,-60,1770628861.4319800
0.7,-60,1770628861.5323100
0.7,-60,1770628861.6322000
0.7,-60,1770628861.7328000
0.7,-60,1770628861.833130
0.7,-60,1770628861.9338400
0.7,-59,1770628862.0338500
0.7,-60,1770628862.1344000
0.7,-60,1770628862.2325200
0.7,-59,1770628862.334010
0.7,-60,1770628862.4351900
0.7,-60,1770628862.5340000
0.7,-60,1770628862.6350000
0.7,-59,1770628862.7340400
0.7,-59,1770628862.834350
0.7,-60,1770628862.9333500
0.7,-59,1770628863.0348600
0.7,-60,1770628863.1340700
0.7,-59,1770628863.2334500
0.7,-60,1770628863.3338500
0.7,-60,1770628863.4341400
0.7,-59,1770628863.5331900
0.7,-60,1770628863.6343200
0.7,-60,1770628863.733840
0.7,-60,1770628863.8341200
0.7,-60,1770628863.9334100
0.7,-60,1770628864.034350
0.7,-60,1770628864.1339800
0.7,-60,1770628864.2337900
0.7,-60,1770628864.3340200
0.7,-60,1770628864.4330500
0.7,-60,1770628864.534790
0.7,-60,1770628864.6339700
0.7,-60,1770628864.734150
0.7,-60,1770628864.8337000
0.7,-60,1770628864.9339700
0.7,-60,1770628865.0340300
0.7,-60,1770628865.134060
0.7,-60,1770628865.233130
0.7,-60,1770628865.333770
0.7,-60,1770628865.4330600
0.7,-60,1770628865.5327200
0.7,-59,1770628865.6339900
0.7,-59,1770628865.734750
0.7,-60,1770628865.834090
0.7,-60,1770628865.934440
0.7,-60,1770628866.0330100
0.7,-60,1770628866.1340900
0.7,-60,1770628866.2330500
0.7,-60,1770628866.3340800
0.7,-60,1770628866.4332800
0.7,-60,1770628866.5355200
0.7,-60,1770628866.6329400
0.7,-60,1770628866.7338000
0.7,-60,1770628866.8339600
0.7,-60,1770628866.9349000
0.7,-60,1770628867.0334000
0.7,-60,1770628867.1331200
0.7,-60,1770628867.232780
0.7,-60,1770628867.3346600
0.7,-60,1770628867.433950
0.7,-60,1770628867.533230
0.7,-60,1770628867.633710
0.7,-60,1770628867.7338000
0.7,-60,1770628867.8339300
0.7,-60,1770628867.9339800
0.7,-60,1770628868.0328200
0.7,-60,1770628868.1341500
0.7,-60,1770628868.232910
0.7,-60,1770628868.3340100
0.7,-60,1770628868.432960
0.7,-60,1770628868.5345500
0.7,-60,1770628868.6339400
0.7,-60,1770628868.7337500
0.7,-60,1770628868.834780
0.7,-60,1770628868.933110
0.7,-60,1770628869.0345700
0.7,-60,1770628869.1337800
0.7,-60,1770628869.2339700
0.7,-60,1770628869.3340300
0.7,-60,1770628869.4340300
0.7,-60,1770628869.533430
0.7,-60,1770628869.6330000
0.7,-60,1770628869.732970
0.7,-60,1770628869.8330900
0.7,-60,1770628869.9390000
0.7,-60,1770628870.0334000
0.7,-60,1770628870.1337100
0.7,-60,1770628870.233840
0.7,-60,1770628870.3332000
0.7,-60,1770628870.4337700
0.7,-60,1770628870.5338100
0.7,-60,1770628870.6340400
0.7,-60,1770628870.733850
0.7,-60,1770628870.8331300
0.7,-60,1770628870.9325300
0.75,-60,1770628879.1575900
0.75,-60,1770628879.1577200
0.75,-60,1770628879.1578200
0.75,-60,1770628879.1579800
0.75,-60,1770628879.1580900
0.75,-60,1770628879.1581900
0.75,-60,1770628879.158290
0.75,-60,1770628879.158390
0.75,-60,1770628879.158490
0.75,-60,1770628879.1585900
0.75,-60,1770628879.1586900
0.75,-60,1770628879.1588000
0.75,-60,1770628879.1589000
0.75,-60,1770628879.159
0.75,-60,1770628879.1591000
0.75,-59,1770628879.1592000
0.75,-59,1770628879.1593000
0.75,-59,1770628879.1594600
0.75,-59,1770628879.159560
0.75,-59,1770628879.1596600
0.75,-59,1770628879.1597600
0.75,-59,1770628879.1598600
0.75,-59,1770628879.1599600
0.75,-59,1770628879.1600600
0.75,-59,1770628879.1601700
0.75,-59,1770628879.1602800
0.75,-59,1770628879.1603800
0.75,-59,1770628879.1604800
0.75,-59,1770628879.1605800
0.75,-59,1770628879.1606800
0.75,-60,1770628879.16078
0.75,-60,1770628879.1608800
0.75,-60,1770628879.1609800
0.75,-60,1770628879.16108
0.75,-61,1770628879.1611800
0.75,-60,1770628879.1612800
0.75,-60,1770628879.1613800
0.75,-60,1770628879.1614800
0.75,-59,1770628879.161580
0.75,-60,1770628879.161680
0.75,-58,1770628879.1617700
0.75,-58,1770628879.1618700
0.75,-59,1770628879.1620700
0.75,-60,1770628879.162230
0.75,-61,1770628879.162310
0.75,-62,1770628879.162400
0.75,-62,1770628879.162460
0.75,-61,1770628879.162530
0.75,-61,1770628879.1625900
0.75,-62,1770628879.1626500
0.75,-61,1770628879.1627200
0.75,-61,1770628879.1627800
0.75,-61,1770628879.1628500
0.75,-61,1770628879.162910
0.75,-60,1770628879.1629800
0.75,-59,1770628879.1630400
0.75,-59,1770628879.163100
0.75,-58,1770628879.1631700
0.75,-58,1770628879.1632300
0.75,-58,1770628879.1632900
0.75,-59,1770628879.1633600
0.75,-61,1770628879.1634200
0.75,-60,1770628879.1634800
0.75,-61,1770628879.1635500
0.75,-60,1770628879.163610
0.75,-60,1770628879.1637000
0.75,-61,1770628879.16383
0.75,-60,1770628879.1639000
0.75,-61,1770628879.1639600
0.75,-62,1770628879.1640300
0.75,-62,1770628879.1640900
0.75,-62,1770628879.1641500
0.75,-61,1770628879.1642200
0.75,-60,1770628879.1642800
0.75,-60,1770628879.164350
0.75,-60,1770628879.1644100
0.75,-59,1770628879.1644700
0.75,-59,1770628879.1645400
0.75,-60,1770628879.164600
0.75,-60,1770628879.1646600
0.75,-60,1770628879.1647300
0.75,-59,1770628879.1647900
0.75,-59,1770628879.2349500
0.75,-59,1770628879.3358100
0.75,-59,1770628879.435970
0.75,-59,1770628879.5368900
0.75,-60,1770628879.635960
0.75,-59,1770628879.7367600
0.75,-59,1770628879.8360500
0.75,-59,1770628879.9369300
0.75,-60,1770628880.0362400
0.75,-59,1770628880.1369100
0.75,-60,1770628880.2364000
0.75,-59,1770628880.3362600
0.75,-59,1770628880.4368500
0.75,-60,1770628880.5367300
0.75,-60,1770628880.636480
0.75,-60,1770628880.7355900
0.75,-59,1770628880.8356200
0.75,-60,1770628880.9350600
0.80,-60,1770628894.2390800
0.80,-60,1770628894.2392100
0.80,-60,1770628894.2393100
0.80,-60,1770628894.2394200
0.80,-60,1770628894.2395000
0.80,-60,1770628894.239590
0.80,-60,1770628894.2397000
0.80,-60,1770628894.2397800
0.80,-60,1770628894.2398700
0.80,-60,1770628894.2399500
0.80,-59,1770628894.2400400
0.80,-60,1770628894.240170
0.80,-60,1770628894.2402600
0.80,-60,1770628894.2403500
0.80,-60,1770628894.2404400
0.80,-60,1770628894.2405200
0.80,-60,1770628894.2406100
0.80,-60,1770628894.2406900
0.80,-60,1770628894.240780
0.80,-60,1770628894.2408700
0.80,-60,1770628894.2409600
0.80,-60,1770628894.2410400
0.80,-59,1770628894.241130
0.80,-60,1770628894.241210
0.80,-59,1770628894.241300
0.80,-60,1770628894.2413800
0.80,-60,1770628894.2414700
0.80,-59,1770628894.2415600
0.80,-61,1770628894.2416400
0.80,-60,1770628894.2417300
0.80,-60,1770628894.2418100
0.80,-60,1770628894.241900
0.80,-61,1770628894.2419800
0.80,-60,1770628894.242070
0.80,-59,1770628894.242160
0.80,-59,1770628894.2422500
0.80,-59,1770628894.242330
0.80,-59,1770628894.2424200
0.80,-60,1770628894.2425100
0.80,-60,1770628894.2425900
0.80,-60,1770628894.2426800
0.80,-60,1770628894.2427600
0.80,-60,1770628894.2428500
0.80,-60,1770628894.2429300
0.80,-59,1770628894.2430200
0.80,-60,1770628894.2433100
0.80,-60,1770628894.2434100
0.80,-60,1770628894.2435100
0.80,-60,1770628894.2436000
0.80,-60,1770628894.243710
0.80,-60,1770628894.2438200
0.80,-61,1770628894.243920
0.80,-61,1770628894.2440200
0.80,-62,1770628894.24412
0.80,-62,1770628894.2442200
0.80,-61,1770628894.244320
0.80,-61,1770628894.2444600
0.80,-61,1770628894.244540
0.80,-61,1770628894.244610
0.80,-60,1770628894.2446700
0.80,-60,1770628894.2447900
0.80,-60,1770628894.244860
0.80,-60,1770628894.2449400
0.80,-60,1770628894.2450000
0.80,-59,1770628894.2450700
0.80,-59,1770628894.2451300
0.80,-59,1770628894.245190
0.80,-59,1770628894.245260
0.80,-59,1770628894.2453300
0.80,-60,1770628894.2454000
0.80,-60,1770628894.2454600
0.80,-60,1770628894.2455200
0.80,-60,1770628894.2455800
0.80,-60,1770628894.2456500
0.80,-60,1770628894.2457100
0.80,-60,1770628894.2457800
0.80,-60,1770628894.2458400
0.80,-60,1770628894.2459000
0.80,-60,1770628894.2459600
0.80,-60,1770628894.2460300
0.80,-60,1770628894.2461000
0.80,-60,1770628894.2461800
0.80,-60,1770628894.2462400
0.80,-60,1770628894.2463100
0.80,-60,1770628894.2463700
0.80,-60,1770628894.2464300
0.80,-60,1770628894.2465000
0.80,-59,1770628894.2465600
0.80,-60,1770628894.2466300
0.80,-60,1770628894.2466900
0.80,-60,1770628894.2467500
0.80,-60,1770628894.246820
0.80,-60,1770628894.2468800
0.80,-60,1770628894.246940
0.80,-60,1770628894.2470100
0.80,-60,1770628894.2471400
0.80,-60,1770628894.2472100
0.80,-61,1770628894.2473400
0.80,-61,1770628894.2474200
0.80,-61,1770628894.2475100
0.80,-60,1770628894.247600
0.80,-60,1770628894.247680
0.80,-60,1770628894.2477700
0.80,-60,1770628894.2478600
0.80,-61,1770628894.2479500
0.80,-61,1770628894.248040
0.80,-61,1770628894.248120
0.80,-61,1770628894.2482300
0.80,-62,1770628894.2483300
0.80,-62,1770628894.248410
0.80,-63,1770628894.2485100
0.80,-63,1770628894.248590
0.80,-63,1770628894.2486700
0.80,-62,1770628894.2487600
0.80,-62,1770628894.248850
0.80,-61,1770628894.248940
0.80,-61,1770628894.2490700
0.80,-61,1770628894.24916
0.80,-61,1770628894.2492600
0.80,-61,1770628894.2493800
0.80,-61,1770628894.2495100
0.80,-61,1770628894.249580
0.80,-61,1770628894.2496400
0.80,-61,1770628894.2497600
0.80,-61,1770628894.2498200
0.80,-60,1770628894.2498800
0.80,-60,1770628894.2499600
0.80,-60,1770628894.2500200
0.80,-61,1770628894.2500900
0.80,-60,1770628894.2501600
0.80,-59,1770628894.2502300
0.80,-60,1770628894.2502900
0.80,-60,1770628894.2503500
0.80,-60,1770628894.339810
0.80,-61,1770628894.4400700
0.80,-60,1770628894.5405500
0.80,-61,1770628894.639860
0.80,-61,1770628894.7408600
0.80,-61,1770628894.8390400
0.80,-61,1770628894.9413200
0.80,-61,1770628895.0408000
0.80,-61,1770628895.1409000
0.80,-61,1770628895.2399500
0.80,-61,1770628895.3455100
0.80,-61,1770628895.4410100
0.80,-61,1770628895.540870
0.80,-61,1770628895.6416300
0.80,-61,1770628895.741360
0.80,-60,1770628895.8411800
0.80,-60,1770628895.9411200
0.80,-61,1770628896.0415800
0.80,-61,1770628896.1407900
0.80,-61,1770628896.2413000
0.80,-61,1770628896.3399100
0.80,-60,1770628896.4409400
0.80,-61,1770628896.5408200
0.80,-61,1770628896.6417100
0.80,-61,1770628896.7409400
0.80,-61,1770628896.8408500
0.80,-60,1770628896.9421
0.80,-61,1770628897.04163
0.80,-61,1770628897.1418900
0.80,-61,1770628897.2418900
0.80,-61,1770628897.3428400
0.80,-61,1770628897.443730
0.80,-61,1770628897.5434600
0.80,-61,1770628897.6450000
0.80,-61,1770628897.7431200
0.80,-61,1770628897.8441000
0.80,-61,1770628897.94392
0.80,-61,1770628898.0442300
0.80,-61,1770628898.1442700
0.80,-61,1770628898.2438200
0.80,-61,1770628898.3448900
0.80,-61,1770628898.444160
0.80,-61,1770628898.5457400
0.80,-61,1770628898.6465900
0.80,-61,1770628898.7450900
0.80,-61,1770628898.8457600
0.80,-60,1770628898.9456600
0.80,-61,1770628899.0457900
0.80,-60,1770628899.1450100
0.80,-60,1770628899.2449200
0.80,-60,1770628899.3457500
0.80,-60,1770628899.445770
0.80,-60,1770628899.5456500
0.80,-60,1770628899.645050
0.80,-60,1770628899.7456400
0.80,-60,1770628899.8440300
0.80,-60,1770628899.946780
0.80,-61,1770628900.0450600
0.80,-61,1770628900.145160
0.80,-60,1770628900.2448300
0.80,-61,1770628900.3462200
0.80,-61,1770628900.4457500
0.80,-61,1770628900.5449600
0.80,-61,1770628900.6451600
0.80,-60,1770628900.7458400
0.80,-60,1770628900.8458300
0.80,-61,1770628900.9448800
0.85,-61,1770628909.8303500
0.85,-61,1770628909.830470
0.85,-61,1770628909.830580
0.85,-60,1770628909.8306900
0.85,-60,1770628909.8307900
0.85,-61,1770628909.8308900
0.85,-61,1770628909.8310100
0.85,-61,1770628909.8311100
0.85,-61,1770628909.8312100
0.85,-61,1770628909.8313900
0.85,-61,1770628909.831500
0.85,-60,1770628909.8315800
0.85,-61,1770628909.8316700
0.85,-60,1770628909.8317600
0.85,-61,1770628909.8318400
0.85,-61,1770628909.8319300
0.85,-61,1770628909.8320100
0.85,-61,1770628909.8321000
0.85,-61,1770628909.8321800
0.85,-61,1770628909.8322700
0.85,-61,1770628909.8323600
0.85,-61,1770628909.832440
0.85,-61,1770628909.8325300
0.85,-61,1770628909.8326100
0.85,-61,1770628909.8327000
0.85,-61,1770628909.8327800
0.85,-61,1770628909.832870
0.85,-61,1770628909.8329600
0.85,-60,1770628909.8330400
0.85,-60,1770628909.8331300
0.85,-60,1770628909.833220
0.85,-60,1770628909.8333100
0.85,-60,1770628909.8333900
0.85,-60,1770628909.833480
0.85,-60,1770628909.8335600
0.85,-60,1770628909.833890
0.85,-60,1770628909.8340200
0.85,-60,1770628909.8341000
0.85,-60,1770628909.8341700
0.85,-61,1770628909.8343
0.85,-60,1770628909.8343900
0.85,-60,1770628909.834490
0.85,-60,1770628909.834570
0.85,-61,1770628909.8346700
0.85,-61,1770628909.834770
0.85,-62,1770628909.8349200
0.85,-61,1770628909.8350100
0.85,-61,1770628909.835110
0.85,-61,1770628909.83521
0.85,-61,1770628909.835320
0.85,-61,1770628909.8354100
0.85,-61,1770628909.8355100
0.85,-61,1770628909.8356000
0.85,-62,1770628909.8357000
0.85,-62,1770628909.8358100
0.85,-62,1770628909.8359100
0.85,-62,1770628909.8360000
0.85,-62,1770628909.8361000
0.85,-61,1770628909.8362700
0.85,-61,1770628909.8363600
0.85,-61,1770628909.8364700
0.85,-61,1770628909.836530
0.85,-61,1770628909.8366000
0.85,-61,1770628909.8366600
0.85,-60,1770628909.836730
0.85,-62,1770628909.8367900
0.85,-62,1770628909.836850
0.85,-62,1770628909.8369200
0.85,-62,1770628909.8369800
0.85,-62,1770628909.8370500
0.85,-61,1770628909.8371100
0.85,-62,1770628909.8371800
0.85,-61,1770628909.8372400
0.85,-62,1770628909.8373000
0.85,-63,1770628909.8373700
0.85,-62,1770628909.8374300
0.85,-62,1770628909.8374900
0.85,-62,1770628909.8375600
0.85,-62,1770628909.8376200
0.85,-62,1770628909.8376800
0.85,-62,1770628909.8377500
0.85,-62,1770628909.8378100
0.85,-62,1770628909.8378700
0.85,-62,1770628909.8379500
0.85,-62,1770628909.83802
0.85,-62,1770628909.8380800
0.85,-62,1770628909.838150
0.85,-62,1770628909.8382100
0.85,-62,1770628909.848700
0.85,-62,1770628909.9477700
0.85,-62,1770628910.0478100
0.85,-62,1770628910.146600
0.85,-62,1770628910.2463400
0.85,-62,1770628910.3465400
0.85,-62,1770628910.446380
0.85,-62,1770628910.548020
0.85,-63,1770628910.6473700
0.85,-62,1770628910.7474000
0.85,-62,1770628910.8468900
0.85,-62,1770628910.9470100
0.85,-63,1770628911.04891
0.85,-62,1770628911.1474600
0.85,-62,1770628911.2462000
0.85,-63,1770628911.3483300
0.85,-62,1770628911.4478000
0.85,-61,1770628911.547710
0.85,-63,1770628911.647150
0.85,-62,1770628911.7468500
0.85,-62,1770628911.847120
0.85,-62,1770628911.947820
0.85,-62,1770628912.048000
0.85,-62,1770628912.1466500
0.85,-63,1770628912.2481900
0.85,-62,1770628912.3483800
0.85,-62,1770628912.449940
0.85,-62,1770628912.5490800
0.85,-61,1770628912.6518900
0.85,-62,1770628912.7509600
0.85,-62,1770628912.850880
0.85,-62,1770628912.950700
0.85,-62,1770628913.0535000
0.85,-62,1770628913.1506000
0.85,-62,1770628913.2507300
0.85,-62,1770628913.3502100
0.85,-62,1770628913.449560
0.85,-62,1770628913.5509100
0.85,-62,1770628913.6517200
0.85,-62,1770628913.7510500
0.85,-62,1770628913.8507900
0.85,-62,1770628913.9502600
0.85,-63,1770628914.0509400
0.85,-63,1770628914.1507100
0.85,-63,1770628914.2507400
0.85,-62,1770628914.3517400
0.85,-62,1770628914.4510900
0.85,-62,1770628914.5517400
0.85,-62,1770628914.6509100
0.85,-62,1770628914.7514800
0.85,-62,1770628914.8522700
0.85,-62,1770628914.9515600
0.85,-62,1770628915.052680
0.85,-62,1770628915.1528100
0.85,-62,1770628915.2524200
0.85,-62,1770628915.353130
0.85,-62,1770628915.4529300
0.85,-62,1770628915.5534200
0.85,-62,1770628915.6538500
0.85,-62,1770628915.7538800
0.85,-62,1770628915.8539500
0.85,-62,1770628915.9530000
0.85,-62,1770628916.0538900
0.85,-62,1770628916.154030
0.85,-62,1770628916.252900
0.85,-62,1770628916.3550500
0.85,-62,1770628916.4543000
0.85,-62,1770628916.5557800
0.85,-62,1770628916.6565100
0.85,-62,1770628916.7558400
0.85,-62,1770628916.8559100
0.85,-62,1770628916.95512
0.85,-62,1770628917.0553600
0.85,-62,1770628917.155340
0.85,-62,1770628917.2560700
0.85,-62,1770628917.3561500
0.85,-62,1770628917.4560300
0.85,-62,1770628917.5569100
0.85,-62,1770628917.6568200
0.85,-62,1770628917.7571900
0.85,-62,1770628917.8571000
0.85,-62,1770628917.9576700
0.85,-62,1770628918.0578600
0.85,-62,1770628918.1571000
0.85,-62,1770628918.2578
0.85,-62,1770628918.3576100
0.85,-62,1770628918.4570000
0.85,-62,1770628918.556840
0.85,-62,1770628918.6577800
0.85,-62,1770628918.7578000
0.85,-62,1770628918.8577800
0.85,-62,1770628918.9579000
0.85,-62,1770628919.0562500
0.85,-62,1770628919.1578900
0.85,-62,1770628919.257120
0.85,-62,1770628919.3568600
0.85,-62,1770628919.4575600
0.85,-62,1770628919.5592700
0.85,-62,1770628919.6572100
0.85,-62,1770628919.7574100
0.85,-62,1770628919.8579600
0.85,-62,1770628919.9575
0.85,-62,1770628920.057110
0.85,-62,1770628920.1576100
0.85,-62,1770628920.2563300
0.85,-62,1770628920.3568100
0.85,-62,1770628920.4570500
0.85,-62,1770628920.5573500
0.85,-62,1770628920.6579900
0.85,-62,1770628920.7572300
0.85,-62,1770628920.8579100
0.85,-62,1770628920.9570200
0.9,-61,1770628927.6925900
0.9,-62,1770628927.6926800
0.9,-62,1770628927.6927500
0.9,-62,1770628927.6928200
0.9,-62,1770628927.6929000
0.9,-62,1770628927.6929600
0.9,-62,1770628927.6930300
0.9,-62,1770628927.6930900
0.9,-62,1770628927.6931500
0.9,-62,1770628927.6932200
0.9,-61,1770628927.693280
0.9,-62,1770628927.6933500
0.9,-62,1770628927.6934100
0.9,-62,1770628927.6934700
0.9,-63,1770628927.6935400
0.9,-62,1770628927.6936000
0.9,-63,1770628927.6936600
0.9,-61,1770628927.693730
0.9,-61,1770628927.693790
0.9,-62,1770628927.6938600
0.9,-61,1770628927.6939200
0.9,-62,1770628927.6939800
0.9,-61,1770628927.694060
0.9,-61,1770628927.6941300
0.9,-60,1770628927.6941900
0.9,-60,1770628927.6942500
0.9,-60,1770628927.6943200
0.9,-61,1770628927.6943800
0.9,-62,1770628927.6944400
0.9,-62,1770628927.6945100
0.9,-63,1770628927.694580
0.9,-63,1770628927.6946400
0.9,-62,1770628927.6947000
0.9,-62,1770628927.6947700
0.9,-62,1770628927.6948300
0.9,-62,1770628927.6948900
0.9,-62,1770628927.6949600
0.9,-62,1770628927.6950200
0.9,-62,1770628927.6950800
0.9,-62,1770628927.6951500
0.9,-62,1770628927.695210
0.9,-62,1770628927.6952800
0.9,-62,1770628927.6953400
0.9,-62,1770628927.6954000
0.9,-62,1770628927.6954700
0.9,-62,1770628927.695530
0.9,-62,1770628927.6956100
0.9,-63,1770628927.6957800
0.9,-63,1770628927.695850
0.9,-63,1770628927.6959200
0.9,-63,1770628927.6960100
0.9,-63,1770628927.6962000
0.9,-63,1770628927.6963600
0.9,-63,1770628927.696440
0.9,-63,1770628927.6965300
0.9,-63,1770628927.696610
0.9,-63,1770628927.6967000
0.9,-63,1770628927.6967800
0.9,-62,1770628927.6968700
0.9,-62,1770628927.6969500
0.9,-62,1770628927.697020
0.9,-62,1770628927.697080
0.9,-62,1770628927.6971400
0.9,-63,1770628927.6972100
0.9,-63,1770628927.6972700
0.9,-64,1770628927.6973400
0.9,-63,1770628927.697400
0.9,-63,1770628927.7600100
0.9,-62,1770628927.8590300
0.9,-63,1770628927.9591900
0.9,-63,1770628928.058910
0.9,-62,1770628928.1590500
0.9,-62,1770628928.2575900
0.9,-63,1770628928.3597600
0.9,-63,1770628928.4581300
0.9,-63,1770628928.559120
0.9,-63,1770628928.6582600
0.9,-63,1770628928.7594700
0.9,-63,1770628928.8589400
0.9,-63,1770628928.9585400
0.9,-63,1770628929.0589500
0.9,-62,1770628929.1590100
0.9,-62,1770628929.2590300
0.9,-62,1770628929.3590500
0.9,-62,1770628929.458340
0.9,-62,1770628929.5599600
0.9,-63,1770628929.6589000
0.9,-63,1770628929.7589200
0.9,-63,1770628929.858870
0.9,-63,1770628929.9589400
0.9,-63,1770628930.0583400
0.9,-63,1770628930.1600000
0.9,-63,1770628930.2586000
0.9,-63,1770628930.358090
0.9,-63,1770628930.4590300
0.9,-63,1770628930.5587300
0.9,-63,1770628930.658950
0.9,-63,1770628930.758680
0.9,-63,1770628930.8581400
0.9,-63,1770628930.9588700
0.9,-63,1770628931.058090
0.9,-63,1770628931.1588400
0.9,-63,1770628931.258760
0.9,-63,1770628931.357880
0.9,-63,1770628931.4581000
0.9,-63,1770628931.5581000
0.9,-63,1770628931.6586600
0.9,-63,1770628931.7582200
0.9,-63,1770628931.859040
0.9,-63,1770628931.9598000
0.9,-63,1770628932.0577900
0.9,-63,1770628932.1597600
0.9,-63,1770628932.2586000
0.9,-63,1770628932.3590500
0.9,-63,1770628932.4587600
0.9,-63,1770628932.5601300
0.9,-63,1770628932.6584700
0.9,-63,1770628932.7596700
0.9,-63,1770628932.858650
0.9,-63,1770628932.958830
0.9,-63,1770628933.058800
0.9,-63,1770628933.1588600
0.9,-62,1770628933.258730
0.9,-63,1770628933.3598100
0.9,-63,1770628933.4587600
0.9,-62,1770628933.557520
0.9,-63,1770628933.6578300
0.9,-63,1770628933.7590100
0.9,-63,1770628933.858610
0.9,-63,1770628933.960040
0.9,-63,1770628934.0587900
0.9,-63,1770628934.1580900
0.9,-63,1770628934.2579000
0.9,-62,1770628934.3582300
0.9,-62,1770628934.4577300
0.9,-62,1770628934.5589000
0.9,-62,1770628934.6578900
0.9,-62,1770628934.758170
0.9,-62,1770628934.857870
0.9,-62,1770628934.9579300
0.9,-62,1770628935.0585300
0.9,-62,1770628935.1584100
0.9,-62,1770628935.258640
0.9,-61,1770628935.3585400
0.9,-62,1770628935.4578300
0.9,-62,1770628935.5579000
0.9,-62,1770628935.65832
0.9,-62,1770628935.7587400
0.9,-62,1770628935.8587800
0.9,-61,1770628935.9586100
0.9,-62,1770628936.0581600
0.9,-62,1770628936.158660
0.9,-62,1770628936.2577700
0.9,-62,1770628936.3584100
0.9,-62,1770628936.4576100
0.9,-62,1770628936.5590000
0.9,-62,1770628936.6583900
0.9,-62,1770628936.7586100
0.9,-62,1770628936.8579600
0.9,-62,1770628936.9591000
0.9,-61,1770628937.0584500
0.9,-61,1770628937.1586200
0.9,-61,1770628937.2591400
0.9,-61,1770628937.3589100
0.9,-61,1770628937.4588700
0.9,-61,1770628937.558720
0.9,-61,1770628937.6588800
0.9,-61,1770628937.7587900
0.9,-61,1770628937.8643400
0.9,-61,1770628937.9587500
0.9,-61,1770628938.0593600
0.9,-61,1770628938.1597900
0.9,-61,1770628938.259390
0.9,-61,1770628938.3596500
0.9,-61,1770628938.4592100
0.9,-62,1770628938.5609700
0.9,-62,1770628938.6610300
0.9,-62,1770628938.7614300
0.9,-62,1770628938.8626100
0.9,-62,1770628938.9619700
0.9,-62,1770628939.0628100
0.9,-62,1770628939.1623800
0.9,-62,1770628939.262570
0.9,-62,1770628939.3630500
0.9,-62,1770628939.462710
0.9,-62,1770628939.563770
0.9,-62,1770628939.6618000
0.9,-62,1770628939.7623600
0.9,-62,1770628939.862510
0.9,-62,1770628939.963300
0.9,-62,1770628940.0626900
0.9,-62,1770628940.1633900
0.9,-62,1770628940.262510
0.9,-62,1770628940.3637300
0.9,-62,1770628940.4627400
0.9,-62,1770628940.5631500
0.9,-62,1770628940.6617000
0.9,-62,1770628940.7629800
0.9,-62,1770628940.862800
0.9,-62,1770628940.9638200
0.95,-62,1770628952.508260
0.95,-62,1770628952.5083800
0.95,-62,1770628952.5084800
0.95,-62,1770628952.5085800
0.95,-62,1770628952.5086700
0.95,-62,1770628952.508770
0.95,-61,1770628952.5088600
0.95,-62,1770628952.5090200
0.95,-62,1770628952.5091300
0.95,-62,1770628952.5092100
0.95,-62,1770628952.509360
0.95,-62,1770628952.5094400
0.95,-62,1770628952.509530
0.95,-63,1770628952.5096100
0.95,-63,1770628952.5096900
0.95,-63,1770628952.509780
0.95,-64,1770628952.5098700
0.95,-62,1770628952.5099500
0.95,-64,1770628952.5100300
0.95,-62,1770628952.5101200
0.95,-63,1770628952.5102200
0.95,-64,1770628952.5103100
0.95,-63,1770628952.5103900
0.95,-63,1770628952.5104800
0.95,-65,1770628952.5105600
0.95,-67,1770628952.5106600
0.95,-68,1770628952.5107400
0.95,-69,1770628952.510830
0.95,-69,1770628952.5109100
0.95,-69,1770628952.5110000
0.95,-68,1770628952.5110800
0.95,-68,1770628952.5111700
0.95,-68,1770628952.511260
0.95,-68,1770628952.5113400
0.95,-68,1770628952.5114300
0.95,-68,1770628952.5115100
0.95,-68,1770628952.5115900
0.95,-67,1770628952.511680
0.95,-66,1770628952.511760
0.95,-65,1770628952.5118500
0.95,-66,1770628952.5119300
0.95,-64,1770628952.5120200
0.95,-65,1770628952.5121000
0.95,-66,1770628952.5121900
0.95,-67,1770628952.5122700
0.95,-67,1770628952.5123600
0.95,-65,1770628952.5124400
0.95,-65,1770628952.5125800
0.95,-64,1770628952.5126500
0.95,-63,1770628952.5127200
0.95,-63,1770628952.512780
0.95,-64,1770628952.5128500
0.95,-64,1770628952.5129900
0.95,-64,1770628952.5131200
0.95,-65,1770628952.5131800
0.95,-65,1770628952.5132500
0.95,-65,1770628952.5133100
0.95,-65,1770628952.5133800
0.95,-65,1770628952.5134400
0.95,-66,1770628952.5135100
0.95,-66,1770628952.5135700
0.95,-66,1770628952.5136400
0.95,-66,1770628952.5137
0.95,-66,1770628952.5137600
0.95,-65,1770628952.5138300
0.95,-65,1770628952.5139000
0.95,-65,1770628952.513960
0.95,-66,1770628952.514030
0.95,-66,1770628952.5140900
0.95,-66,1770628952.5141600
0.95,-65,1770628952.5142200
0.95,-65,1770628952.5142800
0.95,-64,1770628952.5143400
0.95,-65,1770628952.514410
0.95,-65,1770628952.5144700
0.95,-65,1770628952.5145300
0.95,-63,1770628952.5145900
0.95,-68,1770628952.514680
0.95,-66,1770628952.5147400
0.95,-65,1770628952.5148000
0.95,-66,1770628952.514870
0.95,-68,1770628952.514950
0.95,-73,1770628952.5150300
0.95,-73,1770628952.5150900
0.95,-69,1770628952.5151800
0.95,-69,1770628952.5152500
0.95,-67,1770628952.5153300
0.95,-70,1770628952.5154000
0.95,-70,1770628952.5154600
0.95,-72,1770628952.5155300
0.95,-73,1770628952.5156400
0.95,-76,1770628952.5157100
0.95,-77,1770628952.5157700
0.95,-75,1770628952.5158300
0.95,-70,1770628952.5159000
0.95,-67,1770628952.5159600
0.95,-68,1770628952.5160200
0.95,-73,1770628952.5160900
0.95,-75,1770628952.5161500
0.95,-69,1770628952.5162100
0.95,-64,1770628952.516280
0.95,-63,1770628952.5163400
0.95,-64,1770628952.5164000
0.95,-63,1770628952.5164600
0.95,-64,1770628952.5165300
0.95,-64,1770628952.5165900
0.95,-64,1770628952.5166500
0.95,-65,1770628952.5167300
0.95,-64,1770628952.5167900
0.95,-64,1770628952.5168500
0.95,-63,1770628952.51692
0.95,-63,1770628952.5169800
0.95,-65,1770628952.5170500
0.95,-65,1770628952.5171100
0.95,-64,1770628952.5171700
0.95,-64,1770628952.5661600
0.95,-65,1770628952.66504
0.95,-63,1770628952.7665900
0.95,-64,1770628952.8656900
0.95,-63,1770628952.9656300
0.95,-64,1770628953.0649000
0.95,-64,1770628953.164730
0.95,-64,1770628953.2648300
0.95,-64,1770628953.3652400
0.95,-64,1770628953.4644200
0.95,-65,1770628953.5667300
0.95,-65,1770628953.6650500
0.95,-65,1770628953.7662600
0.95,-64,1770628953.8646500
0.95,-65,1770628953.9659500
0.95,-64,1770628954.064880
0.95,-64,1770628954.165110
0.95,-64,1770628954.2639600
0.95,-64,1770628954.3651100
0.95,-64,1770628954.4648400
0.95,-64,1770628954.5658500
0.95,-64,1770628954.6642100
0.95,-64,1770628954.7666200
0.95,-64,1770628954.8656700
0.95,-64,1770628954.9649900
0.95,-64,1770628955.0653400
0.95,-64,1770628955.166840
0.95,-64,1770628955.2651200
0.95,-64,1770628955.364350
0.95,-64,1770628955.4656600
0.95,-64,1770628955.5647200
0.95,-65,1770628955.66527
0.95,-64,1770628955.7667100
0.95,-64,1770628955.865630
0.95,-64,1770628955.9658400
0.95,-64,1770628956.0657400
0.95,-64,1770628956.164470
0.95,-64,1770628956.265040
0.95,-64,1770628956.3642000
0.95,-64,1770628956.4646900
0.95,-64,1770628956.564110
0.95,-64,1770628956.6649700
0.95,-64,1770628956.7647700
0.95,-64,1770628956.865810
0.95,-64,1770628956.9655800
0.95,-64,1770628957.0641300
0.95,-64,1770628957.1657700
0.95,-65,1770628957.2648400
0.95,-64,1770628957.3650900
0.95,-65,1770628957.4641600
0.95,-64,1770628957.5652700
0.95,-64,1770628957.6640300
0.95,-64,1770628957.7655900
0.95,-64,1770628957.8649100
0.95,-64,1770628957.9649300
0.95,-65,1770628958.0652300
0.95,-65,1770628958.1643900
0.95,-64,1770628958.2640000
0.95,-65,1770628958.3649400
0.95,-64,1770628958.4666600
0.95,-65,1770628958.5646400
0.95,-65,1770628958.6647300
0.95,-64,1770628958.7657100
0.95,-64,1770628958.8645400
0.95,-64,1770628958.9658100
0.95,-64,1770628959.064980
0.95,-64,1770628959.1648600
0.95,-64,1770628959.2657200
0.95,-64,1770628959.3649100
0.95,-65,1770628959.4654200
0.95,-65,1770628959.56407
0.95,-65,1770628959.6650500
0.95,-65,1770628959.7657800
0.95,-65,1770628959.86566
0.95,-64,1770628959.964920
0.95,-65,1770628960.0659400
0.95,-65,1770628960.1642700
0.95,-65,1770628960.2652900
0.95,-65,1770628960.3657400
0.95,-65,1770628960.4664400
0.95,-65,1770628960.5660700
0.95,-65,1770628960.6675100
0.95,-64,1770628960.768810
0.95,-64,1770628960.8684100
0.95,-64,1770628960.968030
1,-64,1770628976.1500500
1,-64,1770628976.1503000
1,-64,1770628976.1504500
1,-64,1770628976.1506100
1,-64,1770628976.1508300
1,-64,1770628976.1510000
1,-64,1770628976.1511500
1,-64,1770628976.1512400
1,-64,1770628976.1513100
1,-64,1770628976.151380
1,-64,1770628976.1514400
1,-64,1770628976.1515000
1,-64,1770628976.1515700
1,-63,1770628976.15163
1,-63,1770628976.1517000
1,-63,1770628976.1517700
1,-63,1770628976.1518300
1,-63,1770628976.1518900
1,-63,1770628976.1519600
1,-63,1770628976.1520200
1,-63,1770628976.1520800
1,-63,1770628976.1521500
1,-63,1770628976.152210
1,-63,1770628976.1522700
1,-63,1770628976.1523400
1,-63,1770628976.1524000
1,-64,1770628976.1524600
1,-64,1770628976.1525300
1,-64,1770628976.1525900
1,-65,1770628976.152650
1,-65,1770628976.1530600
1,-63,1770628976.1531700
1,-63,1770628976.1532600
1,-63,1770628976.1533300
1,-63,1770628976.1534000
1,-63,1770628976.1534600
1,-63,1770628976.1535400
1,-63,1770628976.1536000
1,-63,1770628976.1536600
1,-63,1770628976.1537300
1,-63,1770628976.1537900
1,-63,1770628976.1538500
1,-63,1770628976.1539200
1,-63,1770628976.1539800
1,-62,1770628976.1540400
1,-62,1770628976.1541100
1,-63,1770628976.154180
1,-63,1770628976.15424
1,-63,1770628976.1543000
1,-64,1770628976.154420
1,-63,1770628976.1544800
1,-63,1770628976.1545800
1,-63,1770628976.15464
1,-63,1770628976.154700
1,-63,1770628976.154770
1,-63,1770628976.154830
1,-63,1770628976.1549000
1,-63,1770628976.1549600
1,-63,1770628976.1550200
1,-63,1770628976.155090
1,-63,1770628976.1551500
1,-63,1770628976.1552100
1,-63,1770628976.1552800
1,-63,1770628976.1553400
1,-63,1770628976.1554100
1,-63,1770628976.1554700
1,-63,1770628976.1555400
1,-63,1770628976.1556000
1,-62,1770628976.1556700
1,-62,1770628976.1557300
1,-62,1770628976.1557900
1,-62,1770628976.1558600
1,-62,1770628976.15592
1,-62,1770628976.1559800
1,-62,1770628976.1560500
1,-62,1770628976.1561100
1,-62,1770628976.156170
1,-62,1770628976.1562300
1,-62,1770628976.1563000
1,-62,1770628976.156360
1,-62,1770628976.156430
1,-62,1770628976.1564900
1,-62,1770628976.1565500
1,-62,1770628976.1566200
1,-63,1770628976.1566800
1,-63,1770628976.156740
1,-63,1770628976.1568000
1,-62,1770628976.1568700
1,-62,1770628976.156930
1,-62,1770628976.1570000
1,-62,1770628976.1570600
1,-62,1770628976.1571200
1,-62,1770628976.1571900
1,-62,1770628976.1572500
1,-62,1770628976.1573100
1,-62,1770628976.1573800
1,-62,1770628976.1574400
1,-63,1770628976.157510
1,-62,1770628976.1575700
1,-61,1770628976.1576400
1,-59,1770628976.157700
1,-59,1770628976.1577600
1,-60,1770628976.1578300
1,-61,1770628976.1579000
1,-61,1770628976.1580000
1,-62,1770628976.1581100
1,-63,1770628976.1581700
1,-63,1770628976.1582400
1,-63,1770628976.1583
1,-63,1770628976.1583600
1,-64,1770628976.1584300
1,-63,1770628976.15849
1,-63,1770628976.1585500
1,-62,1770628976.1586200
1,-63,1770628976.1586800
1,-63,1770628976.1587400
1,-62,1770628976.1588100
1,-62,1770628976.1588700
1,-62,1770628976.1589400
1,-62,1770628976.1590000
1,-63,1770628976.1590600
1,-62,1770628976.1591300
1,-62,1770628976.1591900
1,-61,1770628976.159250
1,-62,1770628976.159320
1,-62,1770628976.1593800
1,-63,1770628976.1594400
1,-64,1770628976.159510
1,-64,1770628976.159570
1,-64,1770628976.1596500
1,-64,1770628976.1597100
1,-64,1770628976.1597800
1,-64,1770628976.1598400
1,-65,1770628976.1599000
1,-64,1770628976.159970
1,-63,1770628976.160050
1,-63,1770628976.160130
1,-62,1770628976.1601900
1,-63,1770628976.1602800
1,-63,1770628976.1603800
1,-63,1770628976.1604500
1,-63,1770628976.160520
1,-63,1770628976.160590
1,-62,1770628976.1606800
1,-62,1770628976.1607400
1,-63,1770628976.160810
1,-62,1770628976.1608700
1,-62,1770628976.160930
1,-62,1770628976.1610000
1,-62,1770628976.1610600
1,-62,1770628976.161120
1,-62,1770628976.1781300
1,-62,1770628976.2787400
1,-63,1770628976.3789100
1,-63,1770628976.4784400
1,-63,1770628976.5788000
1,-63,1770628976.6797600
1,-63,1770628976.7785300
1,-63,1770628976.8777600
1,-63,1770628976.9776000
1,-63,1770628977.0782500
1,-63,1770628977.1797400
1,-63,1770628977.2777000
1,-63,1770628977.3772800
1,-63,1770628977.4786800
1,-63,1770628977.5787800
1,-63,1770628977.6787600
1,-63,1770628977.7787800
1,-63,1770628977.8778200
1,-63,1770628977.9777900
1,-63,1770628978.0778200
1,-63,1770628978.1787500
1,-63,1770628978.2790900
1,-63,1770628978.3778900
1,-63,1770628978.4785700
1,-63,1770628978.5796700
1,-63,1770628978.6785500
1,-63,1770628978.777810
1,-62,1770628978.8796700
1,-63,1770628978.9789200
1,-63,1770628979.0782900
1,-63,1770628979.1786600
1,-63,1770628979.2789700
1,-63,1770628979.3816900
1,-63,1770628979.4785300
1,-63,1770628979.5798800
1,-63,1770628979.677860
1,-63,1770628979.7785500
1,-63,1770628979.8772700
1,-63,1770628979.9787500
1,-63,1770628980.0773700
1,-63,1770628980.1785300
1,-63,1770628980.277850
1,-63,1770628980.377710
1,-63,1770628980.4772500
1,-63,1770628980.5786200
1,-63,1770628980.677260
1,-63,1770628980.7778600
1,-63,1770628980.8784300
1,-63,1770628980.977800
1.05,-63,1770629000.9528200
1.05,-63,1770629000.952920
1.05,-63,1770629000.9530400
1.05,-63,1770629000.9532000
1.05,-63,1770629000.9533200
1.05,-63,1770629000.9534000
1.05,-63,1770629000.9534900
1.05,-63,1770629000.9535800
1.05,-62,1770629000.9536700
1.05,-63,1770629000.9537600
1.05,-63,1770629000.953840
1.05,-62,1770629000.953930
1.05,-63,1770629000.9540100
1.05,-62,1770629000.954100
1.05,-62,1770629000.9541800
1.05,-63,1770629000.9542700
1.05,-62,1770629000.9543700
1.05,-64,1770629000.9544500
1.05,-65,1770629000.9545400
1.05,-64,1770629000.9546200
1.05,-63,1770629000.9547100
1.05,-63,1770629000.9547900
1.05,-63,1770629000.954890
1.05,-62,1770629000.954970
1.05,-62,1770629000.9550600
1.05,-63,1770629000.9551400
1.05,-62,1770629000.9552300
1.05,-63,1770629000.9553100
1.05,-64,1770629000.9554000
1.05,-64,1770629000.9554800
1.05,-66,1770629000.9555700
1.05,-66,1770629000.9557900
1.05,-65,1770629000.9558700
1.05,-65,1770629000.9559400
1.05,-65,1770629000.9560000
1.05,-65,1770629000.9560600
1.05,-65,1770629000.9561500
1.05,-66,1770629000.9562100
1.05,-65,1770629000.9562800
1.05,-65,1770629000.9563400
1.05,-64,1770629000.9564100
1.05,-64,1770629000.95647
1.05,-64,1770629000.9565300
1.05,-63,1770629000.9566000
1.05,-64,1770629000.9567500
1.05,-63,1770629000.9568100
1.05,-62,1770629000.9568800
1.05,-63,1770629000.9569400
1.05,-63,1770629000.9570000
1.05,-62,1770629000.9570700
1.05,-62,1770629000.9571300
1.05,-62,1770629000.957200
1.05,-62,1770629000.9572600
1.05,-62,1770629000.9573200
1.05,-62,1770629000.957390
1.05,-62,1770629000.9574700
1.05,-62,1770629000.957540
1.05,-61,1770629000.9576000
1.05,-62,1770629000.957660
1.05,-61,1770629000.9577200
1.05,-62,1770629000.9577900
1.05,-61,1770629000.9578500
1.05,-62,1770629000.957920
1.05,-62,1770629000.9579800
1.05,-63,1770629000.9580400
1.05,-64,1770629000.9581100
1.05,-63,1770629000.9581800
1.05,-62,1770629000.9582400
1.05,-62,1770629000.9583100
1.05,-61,1770629000.9583700
1.05,-61,1770629000.9584400
1.05,-60,1770629000.9585000
1.05,-61,1770629000.9585700
1.05,-62,1770629000.9586300
1.05,-61,1770629000.9586900
1.05,-61,1770629000.9587600
1.05,-61,1770629000.958820
1.05,-61,1770629000.9588900
1.05,-62,1770629000.9589500
1.05,-65,1770629000.9590100
1.05,-65,1770629000.959080
1.05,-65,1770629000.9591400
1.05,-65,1770629000.9592000
1.05,-64,1770629000.959270
1.05,-65,1770629000.9593300
1.05,-64,1770629000.959390
1.05,-64,1770629000.959460
1.05,-64,1770629000.9595200
1.05,-63,1770629000.959580
1.05,-63,1770629000.9596500
1.05,-63,1770629000.9597100
1.05,-63,1770629000.9597700
1.05,-63,1770629000.959840
1.05,-62,1770629000.9599000
1.05,-62,1770629000.9599600
1.05,-62,1770629000.9600300
1.05,-62,1770629000.9601100
1.05,-62,1770629000.9602000
1.05,-62,1770629000.960290
1.05,-64,1770629000.96037
1.05,-62,1770629000.9604300
1.05,-61,1770629000.9605000
1.05,-62,1770629000.9605600
1.05,-62,1770629000.9606200
1.05,-61,1770629000.9606900
1.05,-62,1770629000.9607500
1.05,-63,1770629000.9608200
1.05,-65,1770629000.960880
1.05,-66,1770629000.9609400
1.05,-66,1770629000.9610100
1.05,-65,1770629000.9610700
1.05,-65,1770629000.9611300
1.05,-66,1770629000.9612000
1.05,-66,1770629000.9612600
1.05,-67,1770629000.9613300
1.05,-66,1770629000.9613900
1.05,-66,1770629000.9614600
1.05,-66,1770629000.9615200
1.05,-66,1770629000.9615800
1.05,-66,1770629000.9616500
1.05,-67,1770629000.9617100
1.05,-68,1770629000.961780
1.05,-68,1770629000.961840
1.05,-67,1770629000.9619000
1.05,-66,1770629000.9619700
1.05,-65,1770629000.9620300
1.05,-64,1770629000.9620900
1.05,-64,1770629000.9621700
1.05,-65,1770629000.9622300
1.05,-65,1770629000.9622900
1.05,-66,1770629000.962360
1.05,-66,1770629000.9624400
1.05,-66,1770629000.9625000
1.05,-66,1770629000.9625600
1.05,-66,1770629000.9626300
1.05,-66,1770629000.9626900
1.05,-66,1770629000.9627500
1.05,-66,1770629000.962820
1.05,-66,1770629000.9629000
1.05,-66,1770629000.962970
1.05,-66,1770629000.9630400
1.05,-65,1770629000.9631100
1.05,-64,1770629000.9631700
1.05,-62,1770629000.9632300
1.05,-62,1770629000.9633000
1.05,-61,1770629000.963360
1.05,-62,1770629000.9634300
1.05,-61,1770629000.9634900
1.05,-61,1770629000.9635500
1.05,-60,1770629000.9636200
1.05,-60,1770629000.9636800
1.05,-59,1770629000.9637400
1.05,-60,1770629000.9638100
1.05,-59,1770629000.9638700
1.05,-59,1770629000.9639300
1.05,-62,1770629000.9640000
1.05,-60,1770629000.9640600
1.05,-61,1770629000.9641200
1.05,-62,1770629000.9642000
1.05,-63,1770629000.964260
1.05,-64,1770629000.9643300
1.05,-68,1770629000.9643900
1.05,-70,1770629000.964460
1.05,-77,1770629000.9645200
1.05,-77,1770629000.9645800
1.05,-76,1770629000.9646500
1.05,-77,1770629000.9647100
1.05,-76,1770629000.9647700
1.05,-74,1770629000.964840
1.05,-75,1770629000.9649100
1.05,-78,1770629000.9649700
1.05,-78,1770629000.9650300
1.05,-78,1770629000.9651000
1.05,-77,1770629000.9651600
1.05,-74,1770629000.9652300
1.05,-74,1770629000.9652900
1.05,-75,1770629000.9653500
1.05,-76,1770629000.9654200
1.05,-76,1770629000.9654800
1.05,-75,1770629000.9655400
1.05,-71,1770629000.9656100
1.05,-71,1770629000.9656700
1.05,-71,1770629000.965740
1.05,-67,1770629000.965800
1.05,-65,1770629000.965860
1.05,-64,1770629000.965930
1.05,-64,1770629000.9659900
1.05,-64,1770629000.9660500
1.05,-65,1770629000.9661200
1.05,-64,1770629000.9661900
1.05,-65,1770629000.966250
1.05,-64,1770629000.9663200
1.05,-65,1770629000.96638
1.05,-66,1770629000.9664500
1.05,-65,1770629000.966510
1.05,-66,1770629000.9665700
1.05,-65,1770629000.966640
1.05,-65,1770629000.96672
1.05,-65,1770629000.9667800
1.05,-66,1770629000.9908700
1.1,-65,1770629013.9277200
1.1,-65,1770629013.9278000
1.1,-65,1770629013.9278600
1.1,-66,1770629013.927940
1.1,-66,1770629013.9280000
1.1,-66,1770629013.9280800
1.1,-65,1770629013.9281500
1.1,-66,1770629013.9282300
1.1,-66,1770629013.9283200
1.1,-65,1770629013.9284200
1.1,-65,1770629013.9285200
1.1,-64,1770629013.9286200
1.1,-65,1770629013.9287200
1.1,-65,1770629013.9288300
1.1,-65,1770629013.9289300
1.1,-65,1770629013.9290300
1.1,-65,1770629013.929130
1.1,-65,1770629013.9292400
1.1,-65,1770629013.929340
1.1,-65,1770629013.9294300
1.1,-65,1770629013.9295500
1.1,-64,1770629013.929670
1.1,-65,1770629013.9297700
1.1,-65,1770629013.929870
1.1,-65,1770629013.92997
1.1,-65,1770629013.9300700
1.1,-65,1770629013.9301700
1.1,-65,1770629013.930270
1.1,-65,1770629013.930380
1.1,-65,1770629013.9304800
1.1,-64,1770629013.9305800
1.1,-65,1770629013.9306800
1.1,-65,1770629013.9307800
1.1,-65,1770629013.9308700
1.1,-65,1770629013.9309800
1.1,-64,1770629013.931080
1.1,-64,1770629013.93118
1.1,-64,1770629013.9312800
1.1,-64,1770629013.931380
1.1,-65,1770629013.9314800
1.1,-65,1770629013.9317200
1.1,-64,1770629013.9318300
1.1,-65,1770629013.931930
1.1,-65,1770629013.9320300
1.1,-65,1770629013.9321300
1.1,-65,1770629013.9322900
1.1,-66,1770629013.932390
1.1,-66,1770629013.9324500
1.1,-65,1770629013.932520
1.1,-65,1770629013.9325800
1.1,-64,1770629013.9326400
1.1,-65,1770629013.9327100
1.1,-65,1770629013.9327700
1.1,-65,1770629013.932840
1.1,-65,1770629013.9329500
1.1,-66,1770629013.9330500
1.1,-66,1770629013.933120
1.1,-65,1770629013.9331800
1.1,-65,1770629013.933240
1.1,-65,1770629013.933310
1.1,-64,1770629013.9333700
1.1,-64,1770629013.9334300
1.1,-65,1770629013.933500
1.1,-65,1770629013.9335600
1.1,-65,1770629013.9336200
1.1,-65,1770629013.9336900
1.1,-65,1770629013.9337500
1.1,-65,1770629013.9338100
1.1,-65,1770629013.9338800
1.1,-65,1770629013.9339400
1.1,-64,1770629013.9340100
1.1,-64,1770629013.9340700
1.1,-65,1770629013.9341300
1.1,-65,1770629013.9342000
1.1,-65,1770629013.9342600
1.1,-64,1770629013.9343200
1.1,-65,1770629013.9343800
1.1,-65,1770629013.9344500
1.1,-64,1770629013.9345100
1.1,-65,1770629013.9345900
1.1,-65,1770629013.9346500
1.1,-65,1770629013.9347100
1.1,-65,1770629013.9347800
1.1,-64,1770629013.934840
1.1,-64,1770629013.9349000
1.1,-67,1770629013.9349700
1.1,-66,1770629013.9350300
1.1,-64,1770629013.9351000
1.1,-64,1770629013.9351700
1.1,-64,1770629013.935230
1.1,-65,1770629013.9352900
1.1,-65,1770629013.935380
1.1,-66,1770629013.9354500
1.1,-67,1770629013.9355100
1.1,-66,1770629013.9355700
1.1,-67,1770629013.9356400
1.1,-67,1770629013.9357000
1.1,-68,1770629013.935760
1.1,-66,1770629013.935830
1.1,-66,1770629013.9359000
1.1,-65,1770629013.9359600
1.1,-64,1770629013.9360200
1.1,-64,1770629013.9360800
1.1,-64,1770629013.9361500
1.1,-64,1770629013.9362100
1.1,-64,1770629013.9362700
1.1,-65,1770629013.936340
1.1,-65,1770629013.9364000
1.1,-64,1770629013.9364600
1.1,-64,1770629013.9365300
1.1,-64,1770629013.9366000
1.1,-64,1770629013.9366700
1.1,-64,1770629013.9367600
1.1,-64,1770629013.9368300
1.1,-63,1770629013.9369100
1.1,-64,1770629013.93698
1.1,-64,1770629013.9370700
1.1,-64,1770629013.9371400
1.1,-64,1770629013.9372200
1.1,-64,1770629013.9373000
1.1,-64,1770629013.9373600
1.1,-63,1770629013.9374200
1.1,-63,1770629013.9375200
1.1,-64,1770629013.9375900
1.1,-64,1770629013.9376500
1.1,-64,1770629013.9377100
1.1,-63,1770629013.9377800
1.1,-64,1770629013.9378400
1.1,-64,1770629013.937900
1.1,-64,1770629013.99763
1.1,-65,1770629014.0978900
1.1,-65,1770629014.1988600
1.1,-64,1770629014.2998800
1.1,-64,1770629014.3986500
1.1,-65,1770629014.4975100
1.1,-65,1770629014.5988000
1.1,-64,1770629014.6979000
1.1,-65,1770629014.7982400
1.1,-65,1770629014.897900
1.1,-64,1770629014.9973600
1.1,-65,1770629015.097750
1.1,-65,1770629015.1984800
1.1,-65,1770629015.2979300
1.1,-64,1770629015.3968700
1.1,-65,1770629015.4996000
1.1,-65,1770629015.5977100
1.1,-65,1770629015.7001800
1.1,-65,1770629015.799020
1.1,-65,1770629015.900100
1.1,-65,1770629016.001000
1.1,-65,1770629016.1004300
1.1,-65,1770629016.2008000
1.1,-65,1770629016.3019200
1.1,-65,1770629016.4030200
1.1,-65,1770629016.5117300
1.1,-64,1770629016.6076600
1.1,-65,1770629016.704450
1.1,-64,1770629016.8069400
1.1,-65,1770629016.9039800
1.1,-65,1770629017.0038400
1.1,-65,1770629017.1049800
1.1,-65,1770629017.2046400
1.1,-65,1770629017.3031800
1.1,-65,1770629017.4041100
1.1,-64,1770629017.5046300
1.1,-65,1770629017.6049700
1.1,-64,1770629017.7039300
1.1,-64,1770629017.8038200
1.1,-65,1770629017.9039600
1.1,-65,1770629018.0045100
1.1,-65,1770629018.10372
1.1,-64,1770629018.2060100
1.1,-65,1770629018.3055300
1.1,-64,1770629018.406650
1.1,-64,1770629018.5066700
1.1,-64,1770629018.6077500
1.1,-64,1770629018.7060100
1.1,-64,1770629018.809050
1.1,-65,1770629018.906700
1.1,-64,1770629019.008410
1.1,-64,1770629019.1081200
1.1,-64,1770629019.2079000
1.1,-64,1770629019.3075700
1.1,-64,1770629019.4070800
1.1,-64,1770629019.508680
1.1,-64,1770629019.6091400
1.1,-64,1770629019.7096900
1.1,-64,1770629019.810890
1.1,-64,1770629019.9088200
1.1,-64,1770629020.009890
1.1,-64,1770629020.1098200
1.1,-65,1770629020.209530
1.1,-65,1770629020.3105000
1.1,-65,1770629020.4098600
1.1,-65,1770629020.5096700
1.1,-65,1770629020.6096700
1.1,-65,1770629020.7106900
1.1,-65,1770629020.8106400
1.1,-65,1770629020.9116800
1.1,-65,1770629021.0098200
1.15,-65,1770629025.976920
1.15,-65,1770629025.9770400
1.15,-65,1770629025.9771500
1.15,-65,1770629025.977250
1.15,-65,1770629025.9773500
1.15,-65,1770629025.977450
1.15,-65,1770629025.9775500
1.15,-64,1770629025.9776500
1.15,-64,1770629025.9777500
1.15,-65,1770629025.9778500
1.15,-64,1770629025.977960
1.15,-64,1770629025.9780600
1.15,-65,1770629025.9781600
1.15,-65,1770629025.9782800
1.15,-64,1770629025.9783800
1.15,-65,1770629025.9784900
1.15,-65,1770629025.9785900
1.15,-65,1770629025.97869
1.15,-65,1770629025.9787900
1.15,-65,1770629025.9789000
1.15,-66,1770629025.9789900
1.15,-66,1770629025.9791000
1.15,-66,1770629025.9792000
1.15,-65,1770629025.9793
1.15,-65,1770629025.9794000
1.15,-65,1770629025.979510
1.15,-64,1770629025.9796100
1.15,-62,1770629025.9797100
1.15,-61,1770629025.9798000
1.15,-61,1770629025.9799000
1.15,-62,1770629025.9800000
1.15,-62,1770629025.9801100
1.15,-62,1770629025.9802100
1.15,-62,1770629025.98032
1.15,-61,1770629025.9804200
1.15,-61,1770629025.980520
1.15,-62,1770629025.980610
1.15,-62,1770629025.980700
1.15,-62,1770629025.9808000
1.15,-62,1770629025.9808900
1.15,-62,1770629025.9809900
1.15,-61,1770629025.9810800
1.15,-62,1770629025.9812700
1.15,-62,1770629025.9814300
1.15,-61,1770629025.9815600
1.15,-61,1770629025.9816300
1.15,-60,1770629025.9816900
1.15,-60,1770629025.981750
1.15,-60,1770629025.9818200
1.15,-60,1770629026.014770
1.15,-61,1770629026.1159100
1.15,-61,1770629026.2152000
1.15,-61,1770629026.3161200
1.15,-61,1770629026.4160000
1.15,-61,1770629026.5163800
1.15,-61,1770629026.6157200
1.15,-61,1770629026.7168100
1.15,-61,1770629026.8165800
1.15,-61,1770629026.9168800
1.15,-61,1770629027.0181800
1.15,-61,1770629027.1154000
1.15,-61,1770629027.216770
1.15,-61,1770629027.3162900
1.15,-61,1770629027.4171400
1.15,-61,1770629027.516510
1.15,-61,1770629027.6209400
1.15,-61,1770629027.7157900
1.15,-60,1770629027.8165200
1.15,-60,1770629027.9161900
1.15,-60,1770629028.0174900
1.15,-60,1770629028.1162200
1.15,-61,1770629028.2165600
1.15,-61,1770629028.3162100
1.15,-61,1770629028.4161800
1.15,-61,1770629028.5162500
1.15,-61,1770629028.616820
1.15,-61,1770629028.7167000
1.15,-61,1770629028.8166000
1.15,-61,1770629028.9163700
1.15,-61,1770629029.015500
1.15,-61,1770629029.115740
1.15,-61,1770629029.2167300
1.15,-61,1770629029.3165500
1.15,-61,1770629029.4153100
1.15,-61,1770629029.515390
1.15,-61,1770629029.6170200
1.15,-61,1770629029.71668
1.15,-61,1770629029.8166700
1.15,-61,1770629029.9156100
1.15,-60,1770629030.0161600
1.15,-60,1770629030.1153300
1.15,-60,1770629030.2166100
1.15,-60,1770629030.3173100
1.15,-60,1770629030.4169700
1.15,-61,1770629030.5161100
1.15,-61,1770629030.6161700
1.15,-61,1770629030.716090
1.15,-61,1770629030.8163000
1.15,-61,1770629030.9167800
1.15,-61,1770629031.0158800
1.15,-61,1770629031.1158300
1.15,-61,1770629031.2158200
1.15,-60,1770629031.3160200
1.15,-60,1770629031.4158600
1.15,-61,1770629031.5164300
1.15,-61,1770629031.616780
1.15,-61,1770629031.7163500
1.15,-61,1770629031.8166200
1.15,-61,1770629031.9163400
1.15,-61,1770629032.0161300
1.15,-61,1770629032.1162300
1.15,-60,1770629032.2158100
1.15,-61,1770629032.3165700
1.15,-61,1770629032.4167000
1.15,-60,1770629032.5174500
1.15,-60,1770629032.61615
1.15,-61,1770629032.7163100
1.15,-61,1770629032.8172600
1.15,-61,1770629032.915850
1.15,-61,1770629033.016690
1.15,-61,1770629033.1164100
1.15,-61,1770629033.2161400
1.15,-61,1770629033.316850
1.15,-61,1770629033.4158800
1.15,-61,1770629033.5163100
1.15,-61,1770629033.6166900
1.15,-61,1770629033.7167100
1.15,-61,1770629033.8164900
1.15,-61,1770629033.9155600
1.15,-61,1770629034.0160000
1.15,-61,1770629034.1158000
1.15,-61,1770629034.2158500
1.15,-61,1770629034.316220
1.15,-61,1770629034.4168000
1.15,-61,1770629034.5166300
1.15,-61,1770629034.6167100
1.15,-61,1770629034.716350
1.15,-61,1770629034.8155600
1.15,-61,1770629034.9153100
1.15,-61,1770629035.016720
1.15,-61,1770629035.1164000
1.15,-61,1770629035.2157800
1.15,-61,1770629035.3157900
1.15,-61,1770629035.416180
1.15,-61,1770629035.5160700
1.15,-61,1770629035.6155600
1.15,-61,1770629035.7166900
1.15,-61,1770629035.8154500
1.15,-61,1770629035.915670
1.15,-61,1770629036.0176700
1.15,-61,1770629036.1177900
1.15,-61,1770629036.21732
1.15,-61,1770629036.3161800
1.15,-61,1770629036.4198400
1.15,-60,1770629036.5196900
1.15,-60,1770629036.6193000
1.15,-61,1770629036.7191200
1.15,-61,1770629036.8197100
1.15,-60,1770629036.919760
1.15,-61,1770629037.0195100
1.15,-61,1770629037.1195000
1.15,-60,1770629037.218510
1.15,-60,1770629037.3197500
1.15,-60,1770629037.4203300
1.15,-60,1770629037.5191800
1.15,-61,1770629037.619530
1.15,-61,1770629037.718410
1.15,-61,1770629037.8205500
1.15,-60,1770629037.9196900
1.15,-60,1770629038.019840
1.15,-60,1770629038.1198800
1.15,-60,1770629038.2192900
1.15,-60,1770629038.3191900
1.15,-61,1770629038.418840
1.15,-61,1770629038.5192400
1.15,-61,1770629038.619870
1.15,-61,1770629038.718830
1.15,-61,1770629038.8207100
1.15,-61,1770629038.9208100
1.15,-61,1770629039.0211800
1.15,-61,1770629039.1209900
1.15,-61,1770629039.220250
1.15,-61,1770629039.3210000
1.15,-61,1770629039.421700
1.15,-61,1770629039.520840
1.15,-60,1770629039.621390
1.15,-60,1770629039.7213600
1.15,-60,1770629039.8217200
1.15,-60,1770629039.9217000
1.15,-60,1770629040.0208100
1.15,-60,1770629040.1219200
1.15,-60,1770629040.221180
1.15,-60,1770629040.3217900
1.15,-60,1770629040.4222400
1.15,-60,1770629040.5218000
1.15,-60,1770629040.620740
1.15,-60,1770629040.7206900
1.15,-60,1770629040.8222300
1.15,-60,1770629040.922660
1.15,-61,1770629041.0226600
1.2,-61,1770629048.0459800
1.2,-61,1770629048.0460900
1.2,-61,1770629048.0461700
1.2,-61,1770629048.0462600
1.2,-60,1770629048.0463500
1.2,-60,1770629048.0464300
1.2,-60,1770629048.0465200
1.2,-60,1770629048.0466000
1.2,-60,1770629048.046690
1.2,-59,1770629048.0467700
1.2,-60,1770629048.0468600
1.2,-60,1770629048.0469400
1.2,-60,1770629048.0470300
1.2,-60,1770629048.0471100
1.2,-60,1770629048.0471900
1.2,-60,1770629048.0472800
1.2,-60,1770629048.0473600
1.2,-61,1770629048.0474500
1.2,-62,1770629048.047540
1.2,-69,1770629048.0476300
1.2,-68,1770629048.0477200
1.2,-69,1770629048.047800
1.2,-69,1770629048.047890
1.2,-71,1770629048.048070
1.2,-73,1770629048.0481500
1.2,-73,1770629048.0482400
1.2,-73,1770629048.0483200
1.2,-72,1770629048.048410
1.2,-70,1770629048.0485000
1.2,-70,1770629048.048580
1.2,-70,1770629048.0486700
1.2,-71,1770629048.0487500
1.2,-70,1770629048.048900
1.2,-69,1770629048.0489800
1.2,-68,1770629048.0490600
1.2,-68,1770629048.049150
1.2,-68,1770629048.0492300
1.2,-69,1770629048.0493200
1.2,-67,1770629048.0494000
1.2,-68,1770629048.049490
1.2,-68,1770629048.049580
1.2,-68,1770629048.0496700
1.2,-68,1770629048.049750
1.2,-68,1770629048.0498400
1.2,-67,1770629048.0499200
1.2,-68,1770629048.0500100
1.2,-68,1770629048.0500900
1.2,-68,1770629048.0501600
1.2,-69,1770629048.0502400
1.2,-68,1770629048.0503000
1.2,-67,1770629048.050370
1.2,-67,1770629048.05043
1.2,-67,1770629048.0504900
1.2,-67,1770629048.0505600
1.2,-67,1770629048.0506200
1.2,-67,1770629048.0507000
1.2,-66,1770629048.0507700
1.2,-67,1770629048.050830
1.2,-68,1770629048.0508900
1.2,-68,1770629048.0509600
1.2,-68,1770629048.0510200
1.2,-69,1770629048.051090
1.2,-67,1770629048.0511500
1.2,-67,1770629048.0512100
1.2,-68,1770629048.0512800
1.2,-67,1770629048.0513400
1.2,-68,1770629048.0514100
1.2,-69,1770629048.0514700
1.2,-69,1770629048.051530
1.2,-69,1770629048.0516100
1.2,-69,1770629048.1278800
1.2,-68,1770629048.2260300
1.2,-67,1770629048.3268400
1.2,-68,1770629048.4268800
1.2,-67,1770629048.5273200
1.2,-68,1770629048.6267200
1.2,-67,1770629048.7267100
1.2,-67,1770629048.8270700
1.2,-67,1770629048.9268000
1.2,-67,1770629049.026840
1.2,-68,1770629049.1267600
1.2,-67,1770629049.2269400
1.2,-67,1770629049.3267900
1.2,-67,1770629049.4269500
1.2,-67,1770629049.526130
1.2,-67,1770629049.6275200
1.2,-68,1770629049.7265600
1.2,-68,1770629049.8283800
1.2,-67,1770629049.9274000
1.2,-68,1770629050.0274200
1.2,-68,1770629050.127310
1.2,-68,1770629050.2274300
1.2,-68,1770629050.3273100
1.2,-68,1770629050.4287200
1.2,-68,1770629050.527310
1.2,-68,1770629050.6285500
1.2,-68,1770629050.7279700
1.2,-68,1770629050.827380
1.2,-68,1770629050.9271500
1.2,-68,1770629051.0275800
1.2,-68,1770629051.1286500
1.2,-69,1770629051.2275400
1.2,-68,1770629051.3279500
1.2,-68,1770629051.4278500
1.2,-68,1770629051.5286000
1.2,-67,1770629051.627930
1.2,-67,1770629051.7285400
1.2,-68,1770629051.8276700
1.2,-68,1770629051.9274200
1.2,-68,1770629052.028670
1.2,-68,1770629052.1284100
1.2,-68,1770629052.2270200
1.2,-68,1770629052.3279400
1.2,-68,1770629052.4277300
1.2,-68,1770629052.5279400
1.2,-69,1770629052.6281100
1.2,-68,1770629052.7269900
1.2,-68,1770629052.8274200
1.2,-68,1770629052.9275200
1.2,-68,1770629053.0279200
1.2,-68,1770629053.127040
1.2,-68,1770629053.2271200
1.2,-68,1770629053.327610
1.2,-68,1770629053.4301900
1.2,-68,1770629053.5277100
1.2,-68,1770629053.628060
1.2,-68,1770629053.7275400
1.2,-68,1770629053.8285200
1.2,-68,1770629053.9279400
1.2,-68,1770629054.0270100
1.2,-68,1770629054.127610
1.2,-68,1770629054.2267300
1.2,-68,1770629054.3271900
1.2,-68,1770629054.4274200
1.2,-69,1770629054.5277100
1.2,-69,1770629054.628030
1.2,-68,1770629054.7278100
1.2,-68,1770629054.8278800
1.2,-68,1770629054.9268200
1.2,-68,1770629055.0274700
1.2,-68,1770629055.1273600
1.2,-68,1770629055.2278100
1.2,-68,1770629055.327060
1.2,-68,1770629055.428220
1.2,-68,1770629055.5268000
1.2,-68,1770629055.6277600
1.2,-68,1770629055.728130
1.2,-68,1770629055.8296500
1.2,-68,1770629055.9264500
1.2,-68,1770629056.0275500
1.2,-68,1770629056.1275800
1.2,-68,1770629056.227640
1.2,-69,1770629056.3281800
1.2,-69,1770629056.4276200
1.2,-68,1770629056.5269500
1.2,-68,1770629056.6274600
1.2,-68,1770629056.727160
1.2,-68,1770629056.8268900
1.2,-68,1770629056.9277400
1.2,-68,1770629057.027160
1.2,-68,1770629057.127620
1.2,-68,1770629057.226790
1.2,-68,1770629057.326750
1.2,-67,1770629057.427640
1.2,-68,1770629057.5272300
1.2,-67,1770629057.627640
1.2,-67,1770629057.727380
1.2,-67,1770629057.8269900
1.2,-67,1770629057.9268600
1.2,-67,1770629058.026820
1.2,-67,1770629058.1271100
1.2,-67,1770629058.2266100
1.2,-67,1770629058.3268400
1.2,-67,1770629058.4267200
1.2,-67,1770629058.5267500
1.2,-67,1770629058.6264700
1.2,-67,1770629058.7276300
1.2,-67,1770629058.8267200
1.2,-68,1770629058.9266400
1.2,-68,1770629059.027100
1.2,-68,1770629059.1267100
1.2,-68,1770629059.2269100
1.2,-68,1770629059.326520
1.2,-68,1770629059.4268200
1.2,-69,1770629059.5265600
1.2,-69,1770629059.6267100
1.2,-68,1770629059.726420
1.2,-68,1770629059.8269500
1.2,-69,1770629059.9265000
1.2,-68,1770629060.0273800
1.2,-67,1770629060.1264300
1.2,-67,1770629060.2276800
1.2,-67,1770629060.3272800
1.2,-67,1770629060.4275300
1.2,-68,1770629060.52751
1.2,-68,1770629060.627770
1.2,-68,1770629060.7277600
1.2,-67,1770629060.8278800
1.2,-67,1770629060.9279200
1.2,-67,1770629061.027890
1.25,-67,1770629074.838150
1.25,-68,1770629074.8382300
1.25,-68,1770629074.8382900
1.25,-68,1770629074.838360
1.25,-68,1770629074.838420
1.25,-68,1770629074.838490
1.25,-68,1770629074.8385800
1.25,-68,1770629074.8386400
1.25,-68,1770629074.8387000
1.25,-68,1770629074.838770
1.25,-67,1770629074.838840
1.25,-68,1770629074.8389000
1.25,-68,1770629074.8389700
1.25,-68,1770629074.8390300
1.25,-68,1770629074.8390900
1.25,-68,1770629074.8391600
1.25,-68,1770629074.839280
1.25,-68,1770629074.839360
1.25,-68,1770629074.83942
1.25,-68,1770629074.8394800
1.25,-67,1770629074.839550
1.25,-67,1770629074.8396100
1.25,-68,1770629074.839670
1.25,-68,1770629074.839750
1.25,-68,1770629074.8398200
1.25,-68,1770629074.8398800
1.25,-68,1770629074.8399600
1.25,-68,1770629074.840030
1.25,-69,1770629074.840090
1.25,-69,1770629074.8401600
1.25,-69,1770629074.8402300
1.25,-68,1770629074.840290
1.25,-67,1770629074.840360
1.25,-68,1770629074.8404200
1.25,-68,1770629074.8404800
1.25,-68,1770629074.84055
1.25,-68,1770629074.8406100
1.25,-67,1770629074.8406800
1.25,-67,1770629074.8407400
1.25,-68,1770629074.8408000
1.25,-68,1770629074.8408700
1.25,-68,1770629074.8409400
1.25,-68,1770629074.8410000
1.25,-68,1770629074.8410600
1.25,-68,1770629074.8411200
1.25,-67,1770629074.8411900
1.25,-66,1770629074.8412500
1.25,-67,1770629074.8413100
1.25,-67,1770629074.841380
1.25,-67,1770629074.8414400
1.25,-66,1770629074.8415000
1.25,-67,1770629074.8415600
1.25,-67,1770629074.8416300
1.25,-67,1770629074.841690
1.25,-69,1770629074.8417700
1.25,-69,1770629074.841830
1.25,-69,1770629074.8419000
1.25,-70,1770629074.841970
1.25,-70,1770629074.8420300
1.25,-70,1770629074.8420900
1.25,-70,1770629074.8421500
1.25,-70,1770629074.8422200
1.25,-69,1770629074.8422800
1.25,-68,1770629074.8423500
1.25,-67,1770629074.8424300
1.25,-67,1770629074.8425100
1.25,-67,1770629074.8425800
1.25,-67,1770629074.842650
1.25,-68,1770629074.8427100
1.25,-69,1770629074.8427700
1.25,-70,1770629074.8428400
1.25,-70,1770629074.8429000
1.25,-70,1770629074.8429600
1.25,-69,1770629074.8430300
1.25,-67,1770629074.8430900
1.25,-64,1770629074.843150
1.25,-66,1770629074.8432200
1.25,-62,1770629074.8432800
1.25,-73,1770629074.843340
1.25,-67,1770629074.8434100
1.25,-66,1770629074.8434700
1.25,-66,1770629074.8435300
1.25,-67,1770629074.8436000
1.25,-65,1770629074.8436600
1.25,-65,1770629074.8437200
1.25,-65,1770629074.843800
1.25,-64,1770629074.8438600
1.25,-64,1770629074.8439200
1.25,-64,1770629074.8439900
1.25,-64,1770629074.8440500
1.25,-64,1770629074.844120
1.25,-64,1770629074.8441800
1.25,-65,1770629074.8442500
1.25,-65,1770629074.8443100
1.25,-65,1770629074.8443700
1.25,-64,1770629074.8444400
1.25,-65,1770629074.8445000
1.25,-66,1770629074.8445600
1.25,-66,1770629074.8446300
1.25,-66,1770629074.844690
1.25,-65,1770629074.8447500
1.25,-65,1770629074.8448100
1.25,-65,1770629074.8448800
1.25,-65,1770629074.8449400
1.25,-65,1770629074.8450000
1.25,-65,1770629074.8450700
1.25,-65,1770629074.8451300
1.25,-65,1770629074.8452000
1.25,-65,1770629074.8452600
1.25,-65,1770629074.8453300
1.25,-67,1770629074.84539
1.25,-67,1770629074.8454500
1.25,-66,1770629074.8455200
1.25,-65,1770629074.8455800
1.25,-65,1770629074.8456400
1.25,-66,1770629074.8458800
1.25,-66,1770629074.8459900
1.25,-65,1770629074.8460600
1.25,-65,1770629074.8461300
1.25,-64,1770629074.8461900
1.25,-63,1770629074.8462500
1.25,-64,1770629074.8463200
1.25,-65,1770629074.8463800
1.25,-65,1770629074.8464400
1.25,-65,1770629074.8465100
1.25,-64,1770629074.8465700
1.25,-65,1770629074.846630
1.25,-65,1770629074.8467000
1.25,-66,1770629074.8467600
1.25,-66,1770629074.8468200
1.25,-65,1770629074.8468900
1.25,-66,1770629074.8469500
1.25,-66,1770629074.8470100
1.25,-66,1770629074.8470800
1.25,-66,1770629074.8471400
1.25,-66,1770629074.8472000
1.25,-66,1770629074.8472700
1.25,-66,1770629074.8473300
1.25,-67,1770629074.9287300
1.25,-67,1770629075.0277600
1.25,-67,1770629075.128750
1.25,-66,1770629075.2277000
1.25,-66,1770629075.3279600
1.25,-66,1770629075.428800
1.25,-65,1770629075.5287800
1.25,-66,1770629075.6286800
1.25,-65,1770629075.7287600
1.25,-66,1770629075.828750
1.25,-65,1770629075.9279600
1.25,-65,1770629076.0287400
1.25,-66,1770629076.1296300
1.25,-65,1770629076.2282600
1.25,-65,1770629076.3278300
1.25,-65,1770629076.427650
1.25,-65,1770629076.5277800
1.25,-65,1770629076.627550
1.25,-65,1770629076.727810
1.25,-65,1770629076.8287000
1.25,-64,1770629076.9278800
1.25,-64,1770629077.0278500
1.25,-65,1770629077.1278600
1.25,-65,1770629077.228630
1.25,-65,1770629077.3279100
1.25,-65,1770629077.428320
1.25,-65,1770629077.5283700
1.25,-65,1770629077.6286900
1.25,-65,1770629077.7276600
1.25,-65,1770629077.8277900
1.25,-66,1770629077.9276200
1.25,-65,1770629078.0287100
1.25,-66,1770629078.1275100
1.25,-65,1770629078.2286800
1.25,-66,1770629078.3286900
1.25,-66,1770629078.4287000
1.25,-66,1770629078.5286900
1.25,-66,1770629078.6296700
1.25,-66,1770629078.7295000
1.25,-66,1770629078.8306700
1.25,-65,1770629078.930540
1.25,-65,1770629079.0308900
1.25,-65,1770629079.1316200
1.25,-65,1770629079.2318500
1.25,-65,1770629079.3316700
1.25,-66,1770629079.4319500
1.25,-67,1770629079.5329100
1.25,-66,1770629079.6320100
1.25,-66,1770629079.7319700
1.25,-66,1770629079.8317800
1.25,-66,1770629079.9326500
1.25,-66,1770629080.0326500
1.25,-66,1770629080.1319300
1.25,-65,1770629080.231800
1.25,-66,1770629080.3617300
1.25,-66,1770629080.4326700
1.25,-66,1770629080.5327000
1.25,-67,1770629080.6327400
1.25,-66,1770629080.732540
1.25,-67,1770629080.8327800
1.25,-67,1770629080.933760
1.25,-67,1770629081.0347400
1.30,-67,1770629088.3924200
1.30,-67,1770629088.3924900
1.30,-67,1770629088.3925600
1.30,-67,1770629088.3926300
1.30,-67,1770629088.392710
1.30,-66,1770629088.3927700
1.30,-65,1770629088.3928400
1.30,-65,1770629088.392910
1.30,-65,1770629088.392970
1.30,-65,1770629088.3930500
1.30,-65,1770629088.393120
1.30,-65,1770629088.3931900
1.30,-65,1770629088.3932500
1.30,-65,1770629088.393320
1.30,-65,1770629088.3933800
1.30,-66,1770629088.3934400
1.30,-66,1770629088.393510
1.30,-66,1770629088.39357
1.30,-66,1770629088.3936300
1.30,-65,1770629088.393700
1.30,-66,1770629088.393760
1.30,-65,1770629088.3938200
1.30,-65,1770629088.3938900
1.30,-65,1770629088.3939500
1.30,-65,1770629088.3940100
1.30,-64,1770629088.394080
1.30,-65,1770629088.3941400
1.30,-65,1770629088.3942000
1.30,-65,1770629088.3942700
1.30,-66,1770629088.394330
1.30,-66,1770629088.3943900
1.30,-65,1770629088.3944600
1.30,-65,1770629088.3945200
1.30,-65,1770629088.3945800
1.30,-66,1770629088.394650
1.30,-66,1770629088.3947200
1.30,-68,1770629088.3947800
1.30,-69,1770629088.394850
1.30,-68,1770629088.3949200
1.30,-69,1770629088.3949800
1.30,-70,1770629088.3950400
1.30,-70,1770629088.3951100
1.30,-69,1770629088.395170
1.30,-68,1770629088.3952400
1.30,-66,1770629088.3953000
1.30,-64,1770629088.3953600
1.30,-63,1770629088.3954300
1.30,-62,1770629088.395490
1.30,-61,1770629088.3955500
1.30,-62,1770629088.3956200
1.30,-61,1770629088.39568
1.30,-61,1770629088.3957400
1.30,-62,1770629088.3958100
1.30,-62,1770629088.3958700
1.30,-62,1770629088.3959300
1.30,-62,1770629088.3960000
1.30,-62,1770629088.3960600
1.30,-62,1770629088.3961200
1.30,-62,1770629088.3962000
1.30,-62,1770629088.3962900
1.30,-62,1770629088.3963800
1.30,-62,1770629088.3964400
1.30,-62,1770629088.3965100
1.30,-62,1770629088.3965800
1.30,-61,1770629088.3966400
1.30,-62,1770629088.3967100
1.30,-63,1770629088.3967800
1.30,-62,1770629088.3968500
1.30,-63,1770629088.3969100
1.30,-63,1770629088.396980
1.30,-63,1770629088.397040
1.30,-63,1770629088.3971000
1.30,-63,1770629088.3971700
1.30,-63,1770629088.4371600
1.30,-63,1770629088.5380300
1.30,-62,1770629088.6378600
1.30,-62,1770629088.7389000
1.30,-62,1770629088.8377400
1.30,-62,1770629088.9376300
1.30,-62,1770629089.0377600
1.30,-62,1770629089.1377000
1.30,-62,1770629089.237680
1.30,-62,1770629089.3376300
1.30,-62,1770629089.4387800
1.30,-62,1770629089.537020
1.30,-62,1770629089.6387300
1.30,-62,1770629089.7368200
1.30,-62,1770629089.837620
1.30,-62,1770629089.9369300
1.30,-62,1770629090.0388100
1.30,-62,1770629090.1367300
1.30,-62,1770629090.239730
1.30,-62,1770629090.3376900
1.30,-62,1770629090.4387500
1.30,-62,1770629090.5371500
1.30,-61,1770629090.637480
1.30,-61,1770629090.7378700
1.30,-62,1770629090.8377000
1.30,-62,1770629090.9375900
1.30,-62,1770629091.037680
1.30,-62,1770629091.1376700
1.30,-61,1770629091.237780
1.30,-61,1770629091.3375100
1.30,-61,1770629091.4377600
1.30,-61,1770629091.5379600
1.30,-62,1770629091.637580
1.30,-62,1770629091.737690
1.30,-62,1770629091.8376200
1.30,-61,1770629091.937860
1.30,-62,1770629092.0373100
1.30,-62,1770629092.1377700
1.30,-62,1770629092.2376900
1.30,-62,1770629092.337710
1.30,-62,1770629092.437380
1.30,-62,1770629092.53787
1.30,-62,1770629092.6378200
1.30,-62,1770629092.7375600
1.30,-62,1770629092.8376400
1.30,-62,1770629092.9376100
1.30,-62,1770629093.0377200
1.30,-62,1770629093.1376900
1.30,-62,1770629093.2371200
1.30,-62,1770629093.3387000
1.30,-62,1770629093.4378200
1.30,-62,1770629093.5377800
1.30,-62,1770629093.6376800
1.30,-62,1770629093.7374900
1.30,-62,1770629093.838640
1.30,-62,1770629093.93865
1.30,-62,1770629094.0374300
1.30,-62,1770629094.137850
1.30,-62,1770629094.2379600
1.30,-62,1770629094.3378200
1.30,-62,1770629094.437410
1.30,-62,1770629094.5386500
1.30,-62,1770629094.6376400
1.30,-62,1770629094.737080
1.30,-62,1770629094.837400
1.30,-62,1770629094.937230
1.30,-62,1770629095.0378300
1.30,-62,1770629095.137330
1.30,-62,1770629095.2374600
1.30,-62,1770629095.3377700
1.30,-62,1770629095.4378200
1.30,-62,1770629095.5371600
1.30,-62,1770629095.6378300
1.30,-62,1770629095.7379200
1.30,-62,1770629095.8377400
1.30,-62,1770629095.9376000
1.30,-62,1770629096.047590
1.30,-62,1770629096.1377800
1.30,-62,1770629096.2377500
1.30,-62,1770629096.3370300
1.30,-62,1770629096.437670
1.30,-62,1770629096.537750
1.30,-62,1770629096.6373300
1.30,-62,1770629096.73692
1.30,-62,1770629096.8376900
1.30,-62,1770629096.9369500
1.30,-62,1770629097.0371600
1.30,-62,1770629097.1376700
1.30,-62,1770629097.2371600
1.30,-62,1770629097.3368900
1.30,-62,1770629097.4377800
1.30,-62,1770629097.537840
1.30,-62,1770629097.637830
1.30,-62,1770629097.736820
1.30,-62,1770629097.8376500
1.30,-62,1770629097.9377400
1.30,-62,1770629098.0376600
1.30,-62,1770629098.1377200
1.30,-62,1770629098.2377300
1.30,-62,1770629098.3374800
1.30,-62,1770629098.4377400
1.30,-62,1770629098.5374500
1.30,-62,1770629098.6378000
1.30,-62,1770629098.7373700
1.30,-62,1770629098.8388100
1.30,-62,1770629098.9377800
1.30,-62,1770629099.037900
1.30,-62,1770629099.1388000
1.30,-62,1770629099.2381000
1.30,-62,1770629099.3378100
1.30,-62,1770629099.4388600
1.30,-62,1770629099.5396800
1.30,-61,1770629099.6390300
1.30,-61,1770629099.7406500
1.30,-61,1770629099.8406700
1.30,-62,1770629099.9404200
1.30,-62,1770629100.0400800
1.30,-62,1770629100.1404300
1.30,-62,1770629100.2403900
1.30,-62,1770629100.340330
1.30,-62,1770629100.4400400
1.30,-62,1770629100.54027
1.30,-61,1770629100.6405900
1.30,-62,1770629100.7402800
1.30,-62,1770629100.8399900
1.30,-61,1770629100.9403400
1.30,-62,1770629101.0409200
1.35,-62,1770629106.7048300
1.35,-62,1770629106.7049500
1.35,-62,1770629106.7050600
1.35,-62,1770629106.7051600
1.35,-61,1770629106.705250
1.35,-61,1770629106.705340
1.35,-61,1770629106.7054300
1.35,-62,1770629106.7055000
1.35,-62,1770629106.705570
1.35,-61,1770629106.7056300
1.35,-61,1770629106.7057100
1.35,-61,1770629106.7058500
1.35,-62,1770629106.705920
1.35,-63,1770629106.70598
1.35,-61,1770629106.706050
1.35,-62,1770629106.7061100
1.35,-61,1770629106.7061700
1.35,-62,1770629106.7062400
1.35,-62,1770629106.706300
1.35,-62,1770629106.7063600
1.35,-60,1770629106.706430
1.35,-62,1770629106.706490
1.35,-62,1770629106.706550
1.35,-62,1770629106.706620
1.35,-63,1770629106.7066800
1.35,-66,1770629106.7067400
1.35,-70,1770629106.7068000
1.35,-72,1770629106.7068700
1.35,-75,1770629106.7069300
1.35,-76,1770629106.7070000
1.35,-77,1770629106.70707
1.35,-77,1770629106.7071300
1.35,-77,1770629106.7072000
1.35,-77,1770629106.7072600
1.35,-76,1770629106.7073200
1.35,-76,1770629106.7073900
1.35,-76,1770629106.7074500
1.35,-75,1770629106.7075200
1.35,-75,1770629106.707580
1.35,-75,1770629106.7076400
1.35,-75,1770629106.7077100
1.35,-75,1770629106.7077700
1.35,-74,1770629106.707830
1.35,-74,1770629106.707900
1.35,-74,1770629106.7079600
1.35,-74,1770629106.708020
1.35,-73,1770629106.7080900
1.35,-72,1770629106.708150
1.35,-72,1770629106.7082100
1.35,-72,1770629106.708280
1.35,-71,1770629106.70834
1.35,-71,1770629106.7084000
1.35,-72,1770629106.7084700
1.35,-71,1770629106.70853
1.35,-71,1770629106.7085900
1.35,-71,1770629106.708660
1.35,-71,1770629106.7462000
1.35,-71,1770629106.8457400
1.35,-69,1770629106.948110
1.35,-70,1770629107.0458900
1.35,-70,1770629107.1457200
1.35,-70,1770629107.2459400
1.35,-70,1770629107.3476700
1.35,-71,1770629107.4457500
1.35,-70,1770629107.5453700
1.35,-70,1770629107.645100
1.35,-70,1770629107.7451600
1.35,-70,1770629107.8450500
1.35,-70,1770629107.9462700
1.35,-70,1770629108.046300
1.35,-70,1770629108.1468900
1.35,-70,1770629108.2475800
1.35,-70,1770629108.3468000
1.35,-70,1770629108.4477700
1.35,-70,1770629108.5461200
1.35,-69,1770629108.64695
1.35,-69,1770629108.7462200
1.35,-69,1770629108.8466100
1.35,-69,1770629108.9468800
1.35,-68,1770629109.0485300
1.35,-68,1770629109.1466900
1.35,-68,1770629109.2494700
1.35,-68,1770629109.3485900
1.35,-68,1770629109.4491100
1.35,-68,1770629109.5477500
1.35,-68,1770629109.6496700
1.35,-68,1770629109.7484200
1.35,-68,1770629109.849450
1.35,-69,1770629109.9491600
1.35,-69,1770629110.0480000
1.35,-68,1770629110.1496500
1.35,-69,1770629110.2474900
1.35,-69,1770629110.3476300
1.35,-69,1770629110.449070
1.35,-69,1770629110.5471600
1.35,-69,1770629110.6486200
1.35,-69,1770629110.7498000
1.35,-69,1770629110.8480200
1.35,-69,1770629110.9476400
1.35,-69,1770629111.0487100
1.35,-69,1770629111.1494700
1.35,-68,1770629111.2500300
1.35,-69,1770629111.3488200
1.35,-69,1770629111.4502100
1.35,-69,1770629111.5493900
1.35,-69,1770629111.6494000
1.35,-69,1770629111.7489500
1.35,-69,1770629111.8506100
1.35,-69,1770629111.9524700
1.35,-69,1770629112.0522600
1.35,-69,1770629112.1506300
1.35,-69,1770629112.2506200
1.35,-69,1770629112.3524100
1.35,-69,1770629112.4530700
1.35,-69,1770629112.551870
1.35,-69,1770629112.6527700
1.35,-69,1770629112.7517400
1.35,-69,1770629112.8524300
1.35,-69,1770629112.9520200
1.35,-69,1770629113.0532900
1.35,-69,1770629113.1527900
1.35,-69,1770629113.2536000
1.35,-69,1770629113.3517300
1.35,-69,1770629113.4536100
1.35,-69,1770629113.5525800
1.35,-69,1770629113.6522000
1.35,-69,1770629113.7517600
1.35,-69,1770629113.8520100
1.35,-69,1770629113.9522400
1.35,-69,1770629114.0532100
1.35,-69,1770629114.1529000
1.35,-69,1770629114.2534600
1.35,-69,1770629114.3515200
1.35,-69,1770629114.4534700
1.35,-69,1770629114.5525800
1.35,-69,1770629114.6535300
1.35,-69,1770629114.7530300
1.35,-69,1770629114.8534900
1.35,-69,1770629114.9544900
1.35,-69,1770629115.0536700
1.35,-69,1770629115.1539000
1.35,-69,1770629115.2535800
1.35,-69,1770629115.3536000
1.35,-69,1770629115.4529300
1.35,-68,1770629115.5531300
1.35,-69,1770629115.6532600
1.35,-68,1770629115.7532400
1.35,-69,1770629115.853330
1.35,-69,1770629115.95386
1.35,-70,1770629116.0536300
1.35,-71,1770629116.1537700
1.35,-70,1770629116.2538200
1.35,-70,1770629116.354650
1.35,-70,1770629116.4540200
1.35,-70,1770629116.5529000
1.35,-70,1770629116.6544400
1.35,-70,1770629116.7538600
1.35,-70,1770629116.854440
1.35,-70,1770629116.9536800
1.35,-70,1770629117.0545900
1.35,-69,1770629117.1535200
1.35,-70,1770629117.253990
1.35,-70,1770629117.3544600
1.35,-70,1770629117.4535400
1.35,-70,1770629117.553600
1.35,-70,1770629117.6556700
1.35,-70,1770629117.7537400
1.35,-70,1770629117.8538200
1.35,-70,1770629117.9538200
1.35,-70,1770629118.054470
1.35,-70,1770629118.153800
1.35,-70,1770629118.2536100
1.35,-70,1770629118.3539700
1.35,-70,1770629118.45423
1.35,-70,1770629118.5530700
1.35,-70,1770629118.6536000
1.35,-70,1770629118.7544800
1.35,-70,1770629118.853220
1.35,-70,1770629118.9544900
1.35,-70,1770629119.0581800
1.35,-70,1770629119.1538200
1.35,-70,1770629119.2536700
1.35,-69,1770629119.353880
1.35,-69,1770629119.4538100
1.35,-70,1770629119.5537000
1.35,-70,1770629119.6535100
1.35,-70,1770629119.7542000
1.35,-70,1770629119.853070
1.35,-70,1770629119.9536700
1.35,-70,1770629120.05444
1.35,-70,1770629120.15353
1.35,-70,1770629120.2533900
1.35,-70,1770629120.35365
1.35,-70,1770629120.4534900
1.35,-70,1770629120.5540600
1.35,-70,1770629120.6528700
1.35,-70,1770629120.75408
1.35,-70,1770629120.8526100
1.35,-70,1770629120.9544600
1.35,-69,1770629121.0539100
1.4,-69,1770629127.4328200
1.4,-69,1770629127.4329100
1.4,-69,1770629127.432970
1.4,-69,1770629127.4330600
1.4,-69,1770629127.4331300
1.4,-69,1770629127.4331900
1.4,-69,1770629127.4332600
1.4,-68,1770629127.4333200
1.4,-69,1770629127.4333800
1.4,-70,1770629127.4334800
1.4,-70,1770629127.4335400
1.4,-70,1770629127.4336100
1.4,-70,1770629127.4337000
1.4,-70,1770629127.4337900
1.4,-71,1770629127.4338600
1.4,-71,1770629127.4339200
1.4,-71,1770629127.4339900
1.4,-71,1770629127.4340500
1.4,-70,1770629127.4341400
1.4,-71,1770629127.4342300
1.4,-71,1770629127.434290
1.4,-71,1770629127.4343600
1.4,-70,1770629127.4344200
1.4,-70,1770629127.4344900
1.4,-71,1770629127.4345500
1.4,-70,1770629127.434610
1.4,-70,1770629127.4346700
1.4,-70,1770629127.4347400
1.4,-70,1770629127.4348
1.4,-70,1770629127.4348600
1.4,-69,1770629127.4349300
1.4,-70,1770629127.434990
1.4,-70,1770629127.4350600
1.4,-70,1770629127.435130
1.4,-70,1770629127.4351900
1.4,-70,1770629127.4352500
1.4,-70,1770629127.4353200
1.4,-70,1770629127.4353800
1.4,-70,1770629127.4354400
1.4,-70,1770629127.4355100
1.4,-70,1770629127.435570
1.4,-70,1770629127.435640
1.4,-70,1770629127.435700
1.4,-70,1770629127.4357700
1.4,-70,1770629127.4358400
1.4,-70,1770629127.4359000
1.4,-70,1770629127.4359600
1.4,-70,1770629127.4360400
1.4,-70,1770629127.4362300
1.4,-70,1770629127.4363300
1.4,-70,1770629127.4364000
1.4,-70,1770629127.4364800
1.4,-70,1770629127.4365500
1.4,-70,1770629127.4366200
1.4,-70,1770629127.4367000
1.4,-70,1770629127.4367700
1.4,-70,1770629127.4368400
1.4,-71,1770629127.4369500
1.4,-71,1770629127.4370600
1.4,-71,1770629127.4371300
1.4,-71,1770629127.4372200
1.4,-71,1770629127.437310
1.4,-70,1770629127.4373800
1.4,-70,1770629127.4528700
1.4,-70,1770629127.5534400
1.4,-70,1770629127.6528500
1.4,-71,1770629127.7525900
1.4,-70,1770629127.8545800
1.4,-70,1770629127.953710
1.4,-71,1770629128.0538500
1.4,-71,1770629128.1545300
1.4,-70,1770629128.2544500
1.4,-70,1770629128.3544100
1.4,-70,1770629128.4538700
1.4,-70,1770629128.5545400
1.4,-70,1770629128.6537400
1.4,-69,1770629128.7550200
1.4,-70,1770629128.8546800
1.4,-70,1770629128.9561100
1.4,-70,1770629129.0572700
1.4,-69,1770629129.1561200
1.4,-69,1770629129.2563700
1.4,-69,1770629129.3557700
1.4,-70,1770629129.455410
1.4,-69,1770629129.5563300
1.4,-69,1770629129.655320
1.4,-69,1770629129.7561200
1.4,-69,1770629129.8557000
1.4,-69,1770629129.954550
1.4,-70,1770629130.055080
1.4,-69,1770629130.1547500
1.4,-69,1770629130.256610
1.4,-68,1770629130.3552700
1.4,-69,1770629130.4552500
1.4,-69,1770629130.5552500
1.4,-68,1770629130.6555900
1.4,-70,1770629130.754820
1.4,-69,1770629130.855890
1.4,-69,1770629130.9546100
1.4,-69,1770629131.056410
1.4,-70,1770629131.155560
1.4,-69,1770629131.2560100
1.4,-70,1770629131.3547900
1.4,-70,1770629131.4563100
1.4,-70,1770629131.5563400
1.4,-70,1770629131.657500
1.4,-69,1770629131.755800
1.4,-69,1770629131.8542900
1.4,-70,1770629131.9551800
1.4,-70,1770629132.0555300
1.4,-70,1770629132.1571300
1.4,-69,1770629132.2551500
1.4,-69,1770629132.3551900
1.4,-69,1770629132.4551700
1.4,-70,1770629132.5562300
1.4,-69,1770629132.6551700
1.4,-68,1770629132.7555300
1.4,-68,1770629132.855560
1.4,-70,1770629132.9551700
1.4,-71,1770629133.0553800
1.4,-70,1770629133.1550100
1.4,-70,1770629133.256030
1.4,-69,1770629133.3555500
1.4,-69,1770629133.4569400
1.4,-69,1770629133.5564700
1.4,-69,1770629133.6568200
1.4,-69,1770629133.7570700
1.4,-69,1770629133.8565300
1.4,-69,1770629133.9586400
1.4,-69,1770629134.0583200
1.4,-70,1770629134.158310
1.4,-69,1770629134.2584100
1.4,-69,1770629134.3576400
1.4,-69,1770629134.4585100
1.4,-69,1770629134.5582300
1.4,-70,1770629134.656300
1.4,-69,1770629134.7580000
1.4,-70,1770629134.857370
1.4,-70,1770629134.9584700
1.4,-70,1770629135.056430
1.4,-69,1770629135.157590
1.4,-69,1770629135.2568000
1.4,-69,1770629135.3579300
1.4,-70,1770629135.4575700
1.4,-70,1770629135.558090
1.4,-69,1770629135.657890
1.4,-69,1770629135.7585400
1.4,-69,1770629135.8578900
1.4,-69,1770629135.9575000
1.4,-69,1770629136.0582100
1.4,-68,1770629136.1580700
1.4,-68,1770629136.2578100
1.4,-69,1770629136.3569500
1.4,-69,1770629136.4575100
1.4,-69,1770629136.557140
1.4,-69,1770629136.6575300
1.4,-69,1770629136.7582700
1.4,-68,1770629136.8572600
1.4,-68,1770629136.9582000
1.4,-68,1770629137.0575800
1.4,-69,1770629137.1578300
1.4,-69,1770629137.2585400
1.4,-70,1770629137.3586200
1.4,-70,1770629137.4579100
1.4,-70,1770629137.55811
1.4,-69,1770629137.6576600
1.4,-69,1770629137.7581900
1.4,-69,1770629137.857600
1.4,-69,1770629137.9585100
1.4,-69,1770629138.0576800
1.4,-69,1770629138.1585600
1.4,-69,1770629138.2573000
1.4,-70,1770629138.357960
1.4,-69,1770629138.4576100
1.4,-69,1770629138.557840
1.4,-69,1770629138.6589300
1.4,-69,1770629138.757310
1.4,-69,1770629138.8577300
1.4,-69,1770629138.9577000
1.4,-69,1770629139.057670
1.4,-69,1770629139.1575300
1.4,-69,1770629139.2598500
1.4,-69,1770629139.3581400
1.4,-69,1770629139.4581100
1.4,-69,1770629139.5570700
1.4,-69,1770629139.657600
1.4,-69,1770629139.7576500
1.4,-69,1770629139.8584700
1.4,-69,1770629139.9591000
1.4,-70,1770629140.057490
1.4,-70,1770629140.1583300
1.4,-70,1770629140.258130
1.4,-70,1770629140.3579500
1.4,-70,1770629140.458540
1.4,-70,1770629140.558420
1.4,-70,1770629140.6584500
1.4,-70,1770629140.7577200
1.4,-70,1770629140.8595500
1.4,-70,1770629140.9576300
1.4,-70,1770629141.0578600