Distance_m,RSSI_dBm,Timestamp,RSSI_filtered
0.15,-51,1770628280.5154,-51.0
0.15,-51,1770628280.51551,-51.0
0.15,-51,1770628280.5156,-51.0
0.15,-51,1770628280.51568,-51.0
0.15,-51,1770628280.51577,-51.0
0.15,-51,1770628280.51586,-51.0
0.15,-51,1770628280.51607,-51.0
0.15,-51,1770628280.51615,-51.0
0.15,-51,1770628280.51622,-51.0
0.15,-51,1770628280.51628,-51.0
0.15,-51,1770628280.51635,-51.0
0.15,-51,1770628280.51641,-51.0
0.15,-51,1770628280.51647,-51.0
0.15,-51,1770628280.51654,-51.0
0.15,-51,1770628280.5166,-51.0
0.15,-51,1770628280.51666,-51.0
0.15,-51,1770628280.51673,-51.0
0.15,-51,1770628280.5168,-51.0
0.15,-51,1770628280.51686,-51.0
0.15,-51,1770628280.51692,-51.0
0.15,-51,1770628280.51699,-51.0
0.15,-51,1770628280.51705,-51.0
0.15,-51,1770628280.51711,-51.0
0.15,-51,1770628280.51718,-51.0
0.15,-52,1770628280.51724,-51.02222288641622
0.15,-51,1770628280.5173,-51.0217397650009
0.15,-51,1770628280.51737,-51.021277201535064
0.15,-51,1770628280.51743,-51.02083391115016
0.15,-52,1770628280.51749,-51.040817617524844
0.15,-51,1770628280.51756,-51.04000123418991
0.15,-50,1770628280.51762,-51.01960824434344
0.15,-51,1770628280.5177,-51.01923114711039
0.15,-51,1770628280.51776,-51.018868279614
0.15,-51,1770628280.51783,-51.01851885131515
0.15,-51,1770628280.51789,-51.01818212916835
0.15,-50,1770628280.51795,-50.999999420538536
0.15,-51,1770628280.51802,-50.99999943070504
0.15,-51,1770628280.51808,-50.99999944052099
0.15,-51,1770628280.51814,-50.999999450004196
0.15,-52,1770628280.51821,-51.01666706666105
0.15,-52,1770628280.51827,-51.03278822130833
0.15,-52,1770628280.51833,-51.04838935560343
0.15,-53,1770628280.5184,-51.07936924224868
0.15,-55,1770628280.51846,-51.14063306407691
0.15,-56,1770628280.51852,-51.215397556743305
0.15,-56,1770628280.51859,-51.28789654148858
0.15,-56,1770628280.51865,-51.35823145877857
0.15,-56,1770628280.51872,-51.42649778200373
0.15,-56,1770628280.51878,-51.492785449875115
0.15,-56,1770628280.51884,-51.55717926175791
0.15,-56,1770628280.51891,-51.6197592395966
0.15,-56,1770628280.51897,-51.68060095967969
0.15,-56,1770628280.51903,-51.7397758571362
0.15,-56,1770628280.5191,-51.79735150574327
0.15,-56,1770628280.51916,-51.85339187534919
0.15,-56,1770628280.51922,-51.90795756897358
0.15,-56,1770628280.51928,-51.9611060414323
0.15,-56,1770628280.51935,-52.01289180114507
0.15,-55,1770628280.51951,-52.050707096809674
0.15,-55,1770628280.5196,-52.08757706007449
0.15,-54,1770628280.5197,-52.111189717932724
0.15,-55,1770628280.51977,-52.14642293458856
0.15,-56,1770628280.51983,-52.19285673956123
0.15,-56,1770628280.51989,-52.23818504205979
0.15,-55,1770628280.51997,-52.27068077924015
0.15,-55,1770628280.52013,-52.30242084763867
0.15,-55,1770628280.5202,-52.33343130476229
0.15,-56,1770628280.52027,-52.37510208582871
0.15,-56,1770628280.52033,-52.41583650587192
0.15,-55,1770628280.5204,-52.44455320596465
0.15,-55,1770628280.52046,-52.47263881276181
0.15,-55,1770628280.52053,-52.50011390536471
0.15,-55,1770628280.52059,-52.5269981777532
0.15,-55,1770628280.52065,-52.55331048586653
0.15,-55,1770628280.52078,-52.579068891710705
0.15,-55,1770628280.52084,-52.6042907047091
0.15,-55,1770628280.52097,-52.628992520495345
0.15,-55,1770628280.52105,-52.65319025733112
0.15,-55,1770628280.52115,-52.67689919031681
0.15,-55,1770628280.52123,-52.70013398354955
0.15,-55,1770628280.52132,-52.72290872037085
0.15,-55,1770628280.5214,-52.745236931834995
0.15,-55,1770628280.52151,-52.76713162351904
0.15,-55,1770628280.52161,-52.78860530078616
0.15,-55,1770628280.52175,-52.809669992605265
0.15,-55,1770628280.52184,-52.83033727402246
0.15,-55,1770628280.52192,-52.85061828737234
0.15,-55,1770628280.522,-52.87052376231091
0.15,-55,1770628280.52208,-52.89006403474576
0.15,-55,1770628280.52216,-52.90924906473374
0.15,-55,1770628280.52224,-52.92808845341111
0.15,-55,1770628280.52232,-52.94659145901678
0.15,-55,1770628280.5224,-52.96476701206476
0.15,-55,1770628280.52249,-52.98262372971802
0.15,-55,1770628280.52258,-53.00016992941244
0.15,-55,1770628280.52271,-53.01741364177608
0.15,-55,1770628280.5228,-53.03436262288589
0.15,-55,1770628280.52288,-53.05102436590122
0.15,-57,1770628280.52298,-53.08421673398106
0.15,-55,1770628280.52307,-53.10018536172559
0.15,-55,1770628280.62239,-53.11589007686912
0.15,-56,1770628280.71728,-53.139536090375664
0.15,-56,1770628280.82627,-53.162797663511796
0.15,-55,1770628280.91727,-53.177617547517585
0.15,-56,1770628281.01791,-53.20020239412075
0.15,-56,1770628281.11767,-53.22242879772034
0.15,-56,1770628281.2166,-53.244305225465276
0.15,-56,1770628281.31728,-53.26583987990634
0.15,-56,1770628281.41694,-53.287040709251876
0.15,-56,1770628281.51697,-53.30791541715023
0.15,-56,1770628281.61709,-53.328471472024034
0.15,-56,1770628281.718,-53.34871611598031
0.15,-56,1770628281.81718,-53.36865637331854
0.15,-56,1770628281.9179,-53.38829905865781
0.15,-56,1770628282.01699,-53.40765078470276
0.15,-56,1770628282.11713,-53.42671796966689
0.15,-56,1770628282.21647,-53.44550684437076
0.15,-56,1770628282.3188,-53.46402345903161
0.15,-56,1770628282.42066,-53.48227368975984
0.15,-56,1770628282.51931,-53.50026324477715
0.15,-56,1770628282.61707,-53.517997670369994
0.15,-56,1770628282.72056,-53.53548235659154
0.15,-56,1770628282.81739,-53.55272254272437
0.15,-56,1770628282.92204,-53.569723322515564
0.15,-56,1770628283.01882,-53.58648964919515
0.15,-56,1770628283.11801,-53.603026340288345
0.15,-56,1770628283.21726,-53.61933808223134
0.15,-56,1770628283.31904,-53.635429434799995
0.15,-56,1770628283.4178,-53.65130483536019
0.15,-56,1770628283.51781,-53.66696860294814
0.15,-56,1770628283.61788,-53.68242494218857
0.15,-56,1770628283.71855,-53.6976779470583
0.15,-56,1770628283.8198,-53.71273160450217
0.15,-56,1770628283.91973,-53.727589797908045
0.15,-56,1770628284.01762,-53.74225631044746
0.15,-56,1770628284.11804,-53.75673482828759
0.15,-56,1770628284.21942,-53.771028943680605
0.15,-56,1770628284.31977,-53.78514215793565
0.15,-56,1770628284.42352,-53.799077884278695
0.15,-56,1770628284.52498,-53.81283945060511
0.15,-56,1770628284.6225,-53.82643010212971
0.15,-56,1770628284.72126,-53.8398530039386
0.15,-56,1770628284.82291,-53.85311124344711
0.15,-56,1770628284.92179,-53.86620783276782
0.15,-56,1770628285.02563,-53.87914571099245
0.15,-56,1770628285.12386,-53.89192774639128
0.15,-56,1770628285.22433,-53.904556738533564
0.15,-60,1770628285.32258,-53.94085602579182
0.15,-56,1770628285.42298,-53.95304604875617
0.15,-56,1770628285.52764,-53.96509269367923
0.15,-56,1770628285.62763,-53.97699847596301
0.15,-56,1770628285.72255,-53.98876585251184
0.15,-56,1770628285.82573,-54.000397223423064
0.15,-56,1770628285.92543,-54.0118949336194
0.15,-56,1770628286.03471,-54.02326127442537
0.15,-56,1770628286.12334,-54.03449848508998
0.15,-56,1770628286.22273,-54.04560875425777
0.15,-56,1770628286.32382,-54.05659422139028
0.15,-56,1770628286.42405,-54.06745697813988
0.15,-56,1770628286.52431,-54.07819906967783
0.15,-56,1770628286.62478,-54.08882249597824
0.15,-56,1770628286.72458,-54.09932921305979
0.15,-56,1770628286.8253,-54.109721134186664
0.15,-56,1770628286.92634,-54.12000013103039
0.15,-56,1770628287.02552,-54.130168034793925
0.15,-56,1770628287.12677,-54.140226637299556
0.15,-56,1770628287.22454,-54.150177692041844
0.15,-56,1770628287.32629,-54.16002291520697
0.15,-56,1770628287.42541,-54.16976398665975
0.15,-56,1770628287.52466,-54.17940255089943
0.15,-56,1770628287.62542,-54.18894021798551
0.15,-56,1770628287.72522,-54.1983785644346
0.15,-56,1770628287.82532,-54.2077191340894
0.15,-56,1770628287.9253,-54.216963438960846
0.15,-56,1770628288.02563,-54.226112960044254
0.15,-56,1770628288.12524,-54.235169148110586
0.15,-56,1770628288.22475,-54.244133424473524
0.15,-56,1770628288.32577,-54.253007181733366
0.15,-56,1770628288.42583,-54.26179178449846
0.15,-56,1770628288.52503,-54.270488570085014
0.15,-56,1770628288.62542,-54.27909884919596
0.15,-56,1770628288.72616,-54.28762390657976
0.15,-56,1770628288.82692,-54.29606500166964
0.15,-56,1770628288.92726,-54.304423369204066
0.15,-56,1770628289.02795,-54.31270021982906
0.15,-56,1770628289.12983,-54.32089674068297
0.15,-56,1770628289.22975,-54.329014095964276
0.15,-56,1770628289.3295,-54.33705342748305
0.15,-56,1770628289.42938,-54.34501585519654
0.15,-56,1770628289.52946,-54.3529024777295
0.15,-56,1770628289.63111,-54.36071437287966
0.15,-56,1770628289.7306,-54.36845259810898
0.15,-56,1770628289.83144,-54.376118191020964
0.15,-56,1770628289.93168,-54.38371216982469
0.15,-56,1770628290.03282,-54.3912355337858
0.15,-56,1770628290.13176,-54.39868926366505
0.15,-55,1770628290.23166,-54.401462438696896
0.15,-55,1770628290.33175,-54.404210181687795
0.15,-56,1770628290.43189,-54.41150267294887
0.15,-56,1770628290.53166,-54.41872889519298
0.15,-56,1770628290.63274,-54.42588974799863
0.15,-56,1770628290.73182,-54.432986114735726
0.15,-56,1770628290.83286,-54.440018862928966
0.15,-56,1770628290.93239,-54.446988844611546
0.15,-56,1770628291.03283,-54.45389689666941
0.15,-56,1770628291.13242,-54.46074384117638
0.15,-56,1770628291.23371,-54.46753048572039
0.15,-56,1770628291.33258,-54.474257623721165
0.15,-56,1770628291.43469,-54.48092603473959
0.15,-56,1770628291.53472,-54.487536484778964
0.15,-56,1770628291.63544,-54.494089726578466
0.15,-55,1770628291.73543,-54.496272316354876
0.15,-56,1770628291.83775,-54.50273188069975
0.15,-56,1770628291.93981,-54.50913625993396
0.15,-56,1770628292.03563,-54.51548615854752
0.15,-56,1770628292.13572,-54.52178226908991
0.15,-56,1770628292.23466,-54.52802527242204
0.15,-56,1770628292.33683,-54.534215837961774
0.15,-56,1770628292.43588,-54.540354623923335
0.15,-56,1770628292.53583,-54.54644227755071
0.15,-56,1770628292.63568,-54.552479435345255
0.15,-56,1770628292.73576,-54.55846672328765
0.15,-56,1770628292.83533,-54.56440475705436
0.15,-56,1770628292.93604,-54.57029414222881
0.15,-56,1770628293.03643,-54.57613547450733
0.15,-56,1770628293.13995,-54.58192933990016
0.15,-56,1770628293.23732,-54.58767631492748
0.15,-56,1770628293.33589,-54.593376966810766
0.15,-56,1770628293.43594,-54.59903185365951
0.15,-56,1770628293.53532,-54.60464152465345
0.15,-56,1770628293.63491,-54.61020652022046
0.15,-57,1770628293.73537,-54.619699798380026
0.15,-56,1770628293.83493,-54.62516131230426
0.15,-56,1770628293.93568,-54.63057984498757
0.15,-56,1770628294.03687,-54.63595590209099
0.15,-56,1770628294.13564,-54.64128998137456
0.15,-56,1770628294.23646,-54.646582572851116
0.15,-56,1770628294.33639,-54.651834158936374
0.15,-56,1770628294.43665,-54.65704521459563
0.15,-56,1770628294.53687,-54.66221620748702
0.15,-56,1770628294.63696,-54.66734759810151
0.15,-56,1770628294.73705,-54.67243983989967
0.15,-56,1770628294.83974,-54.67749337944532
0.15,-56,1770628294.93677,-54.68250865653619
0.15,-56,1770628295.03638,-54.68748610433154
0.15,-56,1770628295.13961,-54.69242614947695
0.15,-56,1770628295.23709,-54.69732921222633
0.15,-56,1770628295.33949,-54.70219570656111
0.15,-56,1770628295.43606,-54.70702604030691
0.15,-56,1770628295.53548,-54.71182061524745
0.15,-56,1770628295.63602,-54.716579827236075
0.15,-56,1770628295.73592,-54.721304066304775
0.15,-56,1770628295.83679,-54.725993716770766
0.15,-56,1770628295.9356,-54.730649157340814
0.15,-56,1770628296.03788,-54.7352707612132
0.15,-56,1770628296.13614,-54.73985889617756
0.15,-56,1770628296.2376,-54.74441392471247
0.15,-56,1770628296.33594,-54.74893620408099
0.15,-56,1770628296.43714,-54.75342608642415
0.15,-56,1770628296.53557,-54.75788391885237
0.15,-56,1770628296.63708,-54.76231004353501
0.15,-56,1770628296.7373,-54.76670479778796
0.15,-56,1770628296.83671,-54.771068514159396
0.15,-56,1770628296.9387,-54.775401520513725
0.15,-56,1770628297.03878,-54.779704140113736
0.15,-56,1770628297.14007,-54.78397669170106
0.15,-56,1770628297.23897,-54.788219489574956
0.15,-56,1770628297.34056,-54.792432843669395
0.15,-56,1770628297.44053,-54.796617059628616
0.15,-56,1770628297.54116,-54.80077243888107
0.15,-56,1770628297.64093,-54.804899278711865
0.15,-56,1770628297.74255,-54.80899787233371
0.15,-56,1770628297.84175,-54.81306850895641
0.15,-56,1770628297.94333,-54.81711147385495
0.15,-56,1770628298.04161,-54.82112704843617
0.15,-56,1770628298.14283,-54.82511551030411
0.15,-56,1770628298.24153,-54.82907713332405
0.15,-56,1770628298.34301,-54.83301218768522
0.15,-56,1770628298.44139,-54.83692093996228
0.15,-56,1770628298.54142,-54.84080365317556
0.15,-56,1770628298.64172,-54.844660586850104
0.15,-56,1770628298.74154,-54.84849199707354
0.15,-56,1770628298.84279,-54.85229813655279
0.15,-56,1770628298.94285,-54.856079254669694
0.15,-56,1770628299.04305,-54.859835597535515
0.15,-56,1770628299.14342,-54.86356740804437
0.15,-56,1770628299.24273,-54.86727492592563
0.15,-56,1770628299.344,-54.8709583877953
0.15,-56,1770628299.44449,-54.874618027206395
0.15,-56,1770628299.54478,-54.87825407469835
0.15,-56,1770628299.64524,-54.88186675784544
0.15,-56,1770628299.74401,-54.88545630130434
0.15,-56,1770628299.84482,-54.88902292686071
0.15,-56,1770628299.94431,-54.89256685347492
0.15,-56,1770628300.04403,-54.89608829732687
0.15,-56,1770628300.14475,-54.89958747186002
0.15,-56,1770628300.2458,-54.90306458782455
0.15,-56,1770628300.34485,-54.90651985331967
0.15,-56,1770628300.44464,-54.90995347383521
0.15,-56,1770628300.54395,-54.91336565229236
0.15,-56,1770628300.64574,-54.916756589083725
0.15,-56,1770628300.74434,-54.920126482112536
0.15,-56,1770628300.84479,-54.92347552683122
0.15,-56,1770628300.94385,-54.926803916279205
0.15,-56,1770628301.04549,-54.93011184112006
0.15,-56,1770628301.14564,-54.93339948967791
0.15,-56,1770628301.24513,-54.93666704797323
0.15,-56,1770628301.3444,-54.93991469975795
0.15,-56,1770628301.44452,-54.94314262654993
0.15,-56,1770628301.54532,-54.94635100766681
0.15,-56,1770628301.64478,-54.94954002025927
0.15,-56,1770628301.74572,-54.95270983934362
0.15,-56,1770628301.84371,-54.95586063783388
0.15,-56,1770628301.94375,-54.95899258657324
0.15,-56,1770628302.04591,-54.96210585436498
0.15,-56,1770628302.14436,-54.9652006080028
0.15,-56,1770628302.24533,-54.96827701230068
0.15,-56,1770628302.34415,-54.971335230122115
0.15,-56,1770628302.44382,-54.974375422408905
0.15,-56,1770628302.54442,-54.977397748209434
0.15,-56,1770628302.64464,-54.9804023647064
0.15,-56,1770628302.74542,-54.98338942724411
0.15,-56,1770628302.84524,-54.98635908935529
0.15,-56,1770628302.94587,-54.98931150278737
0.15,-56,1770628303.04477,-54.992246817528425
0.15,-56,1770628303.14624,-54.99516518183253
0.15,-56,1770628303.24514,-54.99806674224481
0.15,-56,1770628303.34626,-55.00095164362593
0.15,-56,1770628303.4459,-55.00382002917629
0.15,-56,1770628303.54565,-55.00667204045969
0.15,-56,1770628303.6469,-55.00950781742669
0.15,-56,1770628303.74689,-55.01232749843748
0.15,-56,1770628303.84667,-55.01513122028444
0.15,-56,1770628303.94786,-55.01791911821427
0.15,-56,1770628304.04863,-55.02069132594978
0.15,-56,1770628304.14754,-55.023447975711235
0.15,-55,1770628304.24873,-55.0233821562591
0.15,-56,1770628304.34869,-55.026115938396295
0.15,-56,1770628304.44697,-55.02883450668559
0.15,-56,1770628304.54828,-55.031537987908614
0.15,-56,1770628304.64775,-55.0342265074422
0.15,-56,1770628304.74854,-55.0369001892778
0.15,-56,1770628304.84867,-55.039559156040575
0.15,-55,1770628304.94663,-55.03945023817904
0.15,-56,1770628305.04867,-55.04208769723296
0.15,-56,1770628305.14927,-55.04471075981225
0.15,-56,1770628305.24928,-55.047319543598825
0.15,-56,1770628305.34792,-55.04991416499545
0.15,-56,1770628305.44923,-55.05249473914306
0.15,-56,1770628305.54977,-55.055061379937825
0.15,-56,1770628305.64933,-55.05761420004792
0.15,-56,1770628305.75058,-55.06015331093005
0.15,-56,1770628305.85077,-55.06267882284564
0.15,-56,1770628305.94994,-55.06519084487688
0.15,-56,1770628306.04988,-55.067689484942406
0.15,-56,1770628306.15036,-55.07017484981278
0.15,-56,1770628306.24991,-55.07264704512571
0.15,-56,1770628306.35043,-55.07510617540107
0.15,-56,1770628306.44985,-55.07755234405559
0.15,-56,1770628306.55066,-55.079985653417424
0.15,-56,1770628306.64991,-55.08240620474041
0.15,-56,1770628306.75038,-55.084814098218125
0.15,-56,1770628306.8524,-55.08720943299775
0.15,-56,1770628306.95002,-55.08959230719368
0.15,-56,1770628307.05086,-55.091962817900935
0.15,-56,1770628307.15065,-55.09432106120836
0.15,-56,1770628307.25092,-55.09666713221165
0.15,-56,1770628307.34978,-55.09900112502612
0.15,-56,1770628307.45073,-55.10132313279932
0.15,-55,1770628307.55025,-55.101062674240985
0.15,-56,1770628307.65031,-55.10336757859858
0.15,-56,1770628307.75029,-55.105660738088815
0.15,-56,1770628307.84994,-55.10794224236674
0.15,-56,1770628307.95076,-55.110212180177186
0.15,-56,1770628308.05074,-55.11247063936631
0.15,-56,1770628308.15066,-55.114717706892925
0.15,-56,1770628308.24977,-55.116953468839704
0.15,-56,1770628308.35062,-55.11917801042414
0.15,-56,1770628308.45005,-55.12139141600944
0.15,-56,1770628308.55176,-55.123593769115146
0.15,-56,1770628308.65083,-55.12578515242772
0.15,-56,1770628308.75119,-55.12796564781085
0.15,-56,1770628308.84976,-55.1301353363157
0.15,-56,1770628308.95084,-55.132294298190935
0.15,-56,1770628309.05085,-55.13444261289263
0.15,-56,1770628309.15052,-55.136580359094054
0.15,-56,1770628309.25088,-55.13870761469527
0.15,-56,1770628309.35212,-55.14082445683262
0.15,-55,1770628309.45299,-55.140479186960114
0.15,-55,1770628309.55318,-55.140135599005184
0.15,-56,1770628309.65282,-55.14223359115277
0.15,-56,1770628309.75373,-55.144321413072745
0.15,-57,1770628309.85276,-55.14882729986759
0.15,-56,1770628309.95381,-55.15088912043844
0.15,-56,1770628310.05279,-55.152941018580876
0.15,-56,1770628310.15287,-55.15498306585043
0.15,-56,1770628310.25313,-55.15701533311627
0.15,-56,1770628310.35364,-55.15903789056938
0.15,-56,1770628310.45394,-55.16105080773067
0.15,-56,1770628310.55374,-55.16305415345893
0.15,-55,1770628310.65382,-55.162665712196834
0.15,-56,1770628310.75329,-55.16465578093271
0.15,-56,1770628310.85674,-55.16663645418651
0.15,-56,1770628310.95385,-55.16860779843526
0.15,-56,1770628311.05378,-55.17056987953035
0.15,-56,1770628311.15295,-55.17252276270481
0.15,-56,1770628311.25234,-55.174466512580615
0.15,-56,1770628311.35357,-55.176401193175785
0.15,-56,1770628311.45373,-55.178326867911444
0.15,-56,1770628311.55445,-55.180243599618734
0.15,-56,1770628311.65365,-55.18215145054569
0.15,-56,1770628311.75503,-55.184050482363965
0.15,-56,1770628311.85369,-55.18594075617551
0.15,-56,1770628311.95465,-55.18782233251912
0.15,-56,1770628312.05509,-55.1896952713769
0.15,-56,1770628312.15424,-55.19155963218066
0.15,-56,1770628312.25396,-55.193415473818234
0.15,-56,1770628312.3546,-55.195262854639644
0.15,-56,1770628312.45469,-55.197101832463254
0.15,-56,1770628312.55443,-55.1989324645818
0.15,-56,1770628312.65391,-55.20075480776837
0.15,-56,1770628312.75318,-55.20256891828225
0.15,-56,1770628312.85461,-55.20437485187477
0.15,-56,1770628312.95503,-55.20617266379495
0.15,-56,1770628313.05392,-55.20796240879523
0.15,-56,1770628313.15468,-55.20974414113697
0.15,-56,1770628313.25481,-55.21151791459599
0.15,-56,1770628313.35386,-55.21328378246794
0.15,-56,1770628313.45391,-55.215041797573704
0.15,-56,1770628313.55321,-55.216792012264634
0.15,-56,1770628313.65471,-55.21853447842776
0.15,-56,1770628313.754,-55.220269247490954
0.15,-56,1770628313.8544,-55.22199637042795
0.15,-56,1770628313.95407,-55.2237158977634
0.15,-56,1770628314.05351,-55.225427879577765
0.15,-56,1770628314.15342,-55.22713236551221
0.15,-56,1770628314.25319,-55.22882940477341
0.15,-56,1770628314.35469,-55.23051904613827
0.15,-56,1770628314.45401,-55.232201337958635
0.15,-56,1770628314.55459,-55.2338763281659
0.15,-56,1770628314.65473,-55.23554406427556
0.15,-56,1770628314.7544,-55.23720459339172
0.15,-56,1770628314.85415,-55.23885796221156
0.15,-56,1770628314.95477,-55.24050421702966
0.15,-56,1770628315.05408,-55.24214340374239
0.15,-56,1770628315.15459,-55.243775567852154
0.15,-56,1770628315.25374,-55.24540075447162
0.15,-56,1770628315.35514,-55.24701900832786
0.15,-56,1770628315.45362,-55.248630373766495
0.15,-56,1770628315.55398,-55.25023489475572
0.15,-56,1770628315.65459,-55.25183261489034
0.15,-56,1770628315.75549,-55.25342357739571
0.15,-56,1770628315.85384,-55.25500782513163
0.15,-56,1770628315.95464,-55.25658540059622
0.15,-56,1770628316.05407,-55.258156345929734
0.15,-56,1770628316.15496,-55.25972070291829
0.15,-56,1770628316.25382,-55.26127851299759
0.15,-56,1770628316.35388,-55.262829817256616
0.15,-56,1770628316.45385,-55.264374656441206
0.15,-56,1770628316.5547,-55.26591307095766
0.15,-56,1770628316.65394,-55.26744510087626
0.15,-56,1770628316.7544,-55.26897078593474
0.15,-56,1770628316.85805,-55.27049016554176
0.15,-56,1770628316.95483,-55.27200327878027
0.15,-56,1770628317.05376,-55.273510164410894
0.15,-56,1770628317.15477,-55.27501086087524
0.15,-56,1770628317.25412,-55.27650540629918
0.15,-56,1770628317.354,-55.27799383849606
0.15,-56,1770628317.45434,-55.279476194969924
0.15,-56,1770628317.55417,-55.28095251291866
0.15,-56,1770628317.65467,-55.28242282923712
0.15,-56,1770628317.75444,-55.28388718052019
0.15,-56,1770628317.85382,-55.28534560306584
0.15,-56,1770628317.95473,-55.28679813287814
0.15,-56,1770628318.05508,-55.288244805670196
0.15,-56,1770628318.15534,-55.28968565686712
0.15,-56,1770628318.25455,-55.29112072160892
0.15,-56,1770628318.35571,-55.29255003475333
0.15,-56,1770628318.45445,-55.29397363087868
0.15,-56,1770628318.55489,-55.29539154428667
0.15,-56,1770628318.65516,-55.296803809005134
0.15,-56,1770628318.75485,-55.298210458790756
0.15,-56,1770628318.85489,-55.29961152713179
0.15,-56,1770628318.95566,-55.30100704725069
0.15,-56,1770628319.05436,-55.3023970521068
0.15,-56,1770628319.15586,-55.303781574398876
0.15,-56,1770628319.25665,-55.305160646567714
0.15,-56,1770628319.35512,-55.30653430079866
0.15,-56,1770628319.45445,-55.30790256902414
0.15,-56,1770628319.55487,-55.30926548292612
0.15,-56,1770628319.65409,-55.31062307393857
0.15,-56,1770628319.75566,-55.311975373249886
0.15,-56,1770628319.85559,-55.31332241180527
0.15,-56,1770628319.95576,-55.314664220309105
0.15,-56,1770628320.05399,-55.3160008292273
0.15,-56,1770628320.15538,-55.317332268789585
0.15,-57,1770628320.25587,-55.32060138852405
0.15,-56,1770628320.35514,-55.32191881180497
0.15,-56,1770628320.45581,-55.32323116951048
0.15,-56,1770628320.55571,-55.32453849086463
0.2,-56,1770628333.63723,-56.0
0.2,-56,1770628333.63735,-56.0
0.2,-56,1770628333.63745,-56.0
0.2,-56,1770628333.63755,-56.0
0.2,-56,1770628333.63765,-56.0
0.2,-56,1770628333.63775,-56.0
0.2,-56,1770628333.63785,-56.0
0.2,-56,1770628333.63794,-56.0
0.2,-56,1770628333.63804,-56.0
0.2,-56,1770628333.6382,-56.0
0.2,-56,1770628333.63831,-56.0
0.2,-55,1770628333.63838,-55.96874961201239
0.2,-56,1770628333.63844,-55.969696606336875
0.2,-56,1770628333.6385,-55.970587895805394
0.2,-56,1770628333.63857,-55.971428255103035
0.2,-56,1770628333.63863,-55.972221928396145
0.2,-56,1770628333.63869,-55.97297270102381
0.2,-56,1770628333.63876,-55.973683959869646
0.2,-55,1770628333.63882,-55.94871717478951
0.2,-55,1770628333.63888,-55.924998709693064
0.2,-56,1770628333.63895,-55.92682805333735
0.2,-56,1770628333.63901,-55.92857028682613
0.2,-56,1770628333.63908,-55.93023148759464
0.2,-56,1770628333.63914,-55.931817180585575
0.2,-56,1770628333.6392,-55.93333239963696
0.2,-56,1770628333.63927,-55.93478174086294
0.2,-56,1770628333.63933,-55.93616940922004
0.2,-56,1770628333.63939,-55.93749925925265
0.2,-56,1770628333.63946,-55.93877483084925
0.2,-56,1770628333.63952,-55.93999938070796
0.2,-56,1770628333.63958,-55.94117591010021
0.2,-56,1770628333.63964,-55.94230718943095
0.2,-56,1770628333.63971,-55.943395780018434
0.2,-56,1770628333.63978,-55.944444053454085
0.2,-56,1770628333.63984,-55.945454208850336
0.2,-56,1770628333.63992,-55.9464282882405
0.2,-56,1770628333.63998,-55.94736819035762
0.2,-56,1770628333.64005,-55.948275682987926
0.2,-56,1770628333.64011,-55.94915241406797
0.2,-55,1770628333.64017,-55.933332314182344
0.2,-55,1770628333.64023,-55.91803088974704
0.2,-55,1770628333.6403,-55.9032230436129
0.2,-56,1770628333.64036,-55.90475928197446
0.2,-56,1770628333.64042,-55.90624751454223
0.2,-56,1770628333.64049,-55.90768995696403
0.2,-56,1770628333.64055,-55.90908869060622
0.2,-56,1770628333.64061,-55.910445672574724
0.2,-56,1770628333.64067,-55.91176274485179
0.2,-55,1770628333.64074,-55.898547789850696
0.2,-55,1770628333.6408,-55.885710389566356
0.2,-56,1770628333.64086,-55.88732023198619
0.2,-56,1770628333.64093,-55.88888535848939
0.2,-56,1770628333.64099,-55.89040760671326
0.2,-56,1770628333.64105,-55.89188871496351
0.2,-56,1770628333.64112,-55.893330328836356
0.2,-56,1770628333.64118,-55.894734007317844
0.2,-56,1770628333.64124,-55.89610122840785
0.2,-56,1770628333.64131,-55.89743339431151
0.2,-56,1770628333.64137,-55.89873183623635
0.2,-56,1770628333.64143,-55.89999781882961
0.2,-56,1770628333.6415,-55.90123254428691
0.2,-56,1770628333.64156,-55.90243715616028
0.2,-55,1770628333.64162,-55.89156320964307
0.2,-55,1770628333.64168,-55.880948151553916
0.2,-55,1770628333.64174,-55.870582844667545
0.2,-56,1770628333.64181,-55.87208787542062
0.2,-56,1770628333.64187,-55.873558309921634
0.2,-57,1770628333.64194,-55.886360389727834
0.2,-57,1770628333.64201,-55.89887480109491
0.2,-58,1770628333.64207,-55.922223703875765
0.2,-57,1770628333.64226,-55.9340689911026
0.2,-55,1770628333.64232,-55.923914671982075
0.2,-55,1770628333.64239,-55.913978709796204
0.2,-54,1770628333.64245,-55.89361431010936
0.2,-54,1770628333.64251,-55.87367860284844
0.2,-54,1770628333.64259,-55.85415819139257
0.2,-53,1770628333.64266,-55.824729374629555
0.2,-53,1770628333.64275,-55.795901098620135
0.2,-54,1770628333.64281,-55.77775778771514
0.2,-54,1770628333.64287,-55.75997731325476
0.2,-54,1770628333.64293,-55.74254889793224
0.2,-54,1770628333.643,-55.7254621870798
0.2,-54,1770628333.64306,-55.708707228152186
0.2,-53,1770628333.64312,-55.682657369843874
0.2,-53,1770628333.64319,-55.65710365445688
0.2,-54,1770628333.64331,-55.64146773318086
0.2,-54,1770628333.64337,-55.62612404468428
0.2,-54,1770628333.6437,-55.611064471399416
0.2,-54,1770628333.64379,-55.596281193650604
0.2,-55,1770628333.64388,-55.59085938333511
0.2,-54,1770628333.64399,-55.57652442944455
0.2,-54,1770628333.64409,-55.562445430558945
0.2,-55,1770628333.64417,-55.55746699759946
0.2,-54,1770628333.64427,-55.54380210095359
0.2,-54,1770628333.6444,-55.53037482893149
0.2,-55,1770628333.64451,-55.52580162487305
0.2,-54,1770628333.64461,-55.5127576619657
0.2,-54,1770628333.64471,-55.4999347579542
0.2,-54,1770628333.64481,-55.48732733993119
0.2,-54,1770628333.6449,-55.47493002075271
0.2,-54,1770628333.64498,-55.462737591362014
0.2,-54,1770628333.64507,-55.450745013490945
0.2,-54,1770628333.64518,-55.43894741271729
0.2,-55,1770628333.64528,-55.43540662158508
0.2,-55,1770628333.64536,-55.43192247585924
0.2,-54,1770628333.64546,-55.42055505172653
0.2,-54,1770628333.6456,-55.409366618493465
0.2,-54,1770628333.64566,-55.39835298106508
0.2,-55,1770628333.64573,-55.39526412993717
0.2,-55,1770628333.64583,-55.39222279301653
0.2,-54,1770628333.64589,-55.381592143328874
0.2,-54,1770628333.64596,-55.3711225410987
0.2,-54,1770628333.64602,-55.360810353680165
0.2,-54,1770628333.64611,-55.350652056864526
0.2,-54,1770628333.64618,-55.34064423086395
0.2,-54,1770628333.64624,-55.330783556472504
0.2,-54,1770628333.6463,-55.32106681139528
0.2,-54,1770628333.64637,-55.31149086673717
0.2,-54,1770628333.64643,-55.3020526836431
0.2,-55,1770628333.64649,-55.29989446916664
0.2,-54,1770628333.64656,-55.29067234539948
0.2,-54,1770628333.64662,-55.2815800892381
0.2,-54,1770628333.64668,-55.272614976189836
0.2,-54,1770628333.64675,-55.263774357442315
0.2,-55,1770628333.64681,-55.26195459466076
0.2,-55,1770628333.64687,-55.26015975578182
0.2,-54,1770628333.64693,-55.25158419189943
0.2,-54,1770628333.647,-55.243124493211894
0.2,-54,1770628333.64706,-55.23477832686508
0.2,-54,1770628333.64712,-55.22654342221426
0.2,-54,1770628333.67082,-55.21841756876419
0.2,-54,1770628333.77154,-55.21039861419049
0.2,-54,1770628333.87025,-55.20248446243867
0.2,-54,1770628333.97146,-55.194673071897164
0.2,-54,1770628334.07083,-55.186962453641115
0.2,-54,1770628334.17164,-55.17935066974371
0.2,-54,1770628334.27195,-55.171835831652025
0.2,-54,1770628334.37008,-55.16441609862456
0.2,-54,1770628334.47258,-55.15708967622774
0.2,-55,1770628334.57032,-55.15610745155784
0.2,-55,1770628334.67188,-55.1551374258434
0.2,-55,1770628334.77217,-55.15417937317805
0.2,-55,1770628334.87117,-55.15323307319912
0.2,-54,1770628334.97092,-55.14619804639363
0.2,-54,1770628335.07154,-55.1392482736026
0.2,-54,1770628335.17165,-55.13238221409218
0.2,-55,1770628335.27161,-55.131589141682696
0.2,-55,1770628335.37195,-55.13080550842599
0.2,-55,1770628335.47092,-55.13003114676331
0.2,-55,1770628335.57265,-55.12926589307842
0.2,-55,1770628335.6708,-55.12850958758237
0.2,-55,1770628335.77249,-55.12776207420225
0.2,-55,1770628335.87106,-55.12702320047376
0.2,-55,1770628335.97163,-55.1262928174375
0.2,-55,1770628336.07202,-55.1255707795389
0.2,-55,1770628336.17156,-55.124856944531395
0.2,-55,1770628336.27096,-55.12415117338307
0.2,-55,1770628336.37115,-55.1234533301863
0.2,-55,1770628336.47058,-55.122763282070515
0.2,-55,1770628336.57197,-55.122080899117805
0.2,-55,1770628336.67157,-55.12140605428138
0.2,-55,1770628336.7709,-55.120738623306686
0.2,-54,1770628336.87408,-55.11461098276143
0.2,-54,1770628336.97161,-55.1085499285006
0.2,-54,1770628337.07108,-55.102554380747584
0.2,-54,1770628337.17083,-55.09662328294674
0.2,-54,1770628337.2725,-55.090755601142526
0.2,-54,1770628337.3719,-55.08495032337846
0.2,-55,1770628337.47194,-55.08450058561987
0.2,-55,1770628337.57064,-55.08405558054028
0.2,-54,1770628337.67269,-55.0783764771036
0.2,-55,1770628337.7716,-55.077968017729866
0.2,-55,1770628337.8719,-55.07756378980158
0.2,-55,1770628337.97041,-55.077163727884084
0.2,-55,1770628338.07073,-55.07676776788496
0.2,-55,1770628338.17106,-55.0763758470198
0.2,-55,1770628338.27299,-55.075987903779
0.2,-55,1770628338.37299,-55.07560387789559
0.2,-55,1770628338.47263,-55.07522371031398
0.2,-55,1770628338.57143,-55.07484734315969
0.2,-55,1770628338.6714,-55.07447471970998
0.2,-55,1770628338.77299,-55.07410578436534
0.2,-55,1770628338.87197,-55.07374048262179
0.2,-54,1770628338.97348,-55.068473428656034
0.2,-55,1770628339.07168,-55.0681391799229
0.2,-55,1770628339.17172,-55.06780817519228
0.2,-55,1770628339.27268,-55.06748036744969
0.2,-55,1770628339.37264,-55.067155710584764
0.2,-55,1770628339.47225,-55.06683415936964
0.2,-55,1770628339.57258,-55.06651566943793
0.2,-54,1770628339.67223,-55.06145737235898
0.2,-55,1770628339.77267,-55.061167263679046
0.2,-55,1770628339.87272,-55.060879878009246
0.2,-55,1770628339.97268,-55.06059517717657
0.2,-55,1770628340.07276,-55.060313123718224
0.2,-55,1770628340.17257,-55.060033680865146
0.2,-55,1770628340.273,-55.05975681252606
0.2,-54,1770628340.37443,-55.054891722109126
0.2,-53,1770628340.47351,-55.04550121231017
0.2,-55,1770628340.57231,-55.045294223058804
0.2,-55,1770628340.67324,-55.04508910626176
0.2,-55,1770628340.77202,-55.04488583661564
0.2,-55,1770628340.87372,-55.0446843892709
0.2,-54,1770628340.97312,-55.04001674882047
0.2,-55,1770628341.07567,-55.03983874766247
0.2,-54,1770628341.17278,-55.0352338036674
0.2,-54,1770628341.27362,-55.03066941468955
0.2,-55,1770628341.3729,-55.030534784027665
0.2,-54,1770628341.47384,-55.02603072776265
0.2,-54,1770628341.57487,-55.021565820180896
0.2,-55,1770628341.67323,-55.021472379226566
0.2,-55,1770628341.77352,-55.02137974344145
0.2,-54,1770628341.87274,-55.01699220157129
0.2,-55,1770628341.97361,-55.016919519530255
0.2,-55,1770628342.07325,-55.01684745577907
0.2,-55,1770628342.17335,-55.01677600245814
0.2,-54,1770628342.27338,-55.01248182045867
0.2,-54,1770628342.3725,-55.00822370722486
0.2,-54,1770628342.47352,-55.004001210011204
0.2,-55,1770628342.57335,-55.00398452240952
0.2,-55,1770628342.67324,-55.00396797322805
0.2,-55,1770628342.7736,-55.00395156075085
0.2,-55,1770628342.87348,-55.00393528329021
0.2,-54,1770628342.97364,-54.99981673970868
0.2,-54,1770628343.0737,-54.99573180030487
0.2,-55,1770628343.17299,-54.99574916809096
0.2,-55,1770628343.27322,-54.99576639531772
0.2,-55,1770628343.37274,-54.995783483685464
0.2,-55,1770628343.47459,-54.99580043486719
0.2,-55,1770628343.57459,-54.99581725050913
0.2,-54,1770628343.67362,-54.9918457129562
0.2,-55,1770628343.7732,-54.991878105259445
0.2,-55,1770628343.87367,-54.991910241631786
0.2,-55,1770628343.97328,-54.99194212509602
0.2,-55,1770628344.0736,-54.99197375862752
0.2,-54,1770628344.17371,-54.988094656270164
0.2,-54,1770628344.27242,-54.98424572508977
0.2,-55,1770628344.37541,-54.98430685547663
0.2,-55,1770628344.47275,-54.98436751407448
0.2,-55,1770628344.57352,-54.98442770632702
0.2,-55,1770628344.67371,-54.984487437594545
0.2,-54,1770628344.77268,-54.9807255803598
0.2,-55,1770628344.8737,-54.9807989510776
0.2,-55,1770628344.97367,-54.98087176627511
0.2,-55,1770628345.07406,-54.980944032241226
0.2,-54,1770628345.17389,-54.97725195109802
0.2,-55,1770628345.27323,-54.977337250380465
0.2,-55,1770628345.37356,-54.97742191347698
0.2,-55,1770628345.47369,-54.97750594748257
0.2,-55,1770628345.57389,-54.97758935938712
0.2,-55,1770628345.67371,-54.97767215607735
0.2,-55,1770628345.77459,-54.97775434433869
0.2,-54,1770628345.87379,-54.97416840494863
0.2,-54,1770628345.97364,-54.97060862414209
0.2,-55,1770628346.07232,-54.97071563576718
0.2,-54,1770628346.17243,-54.967194111782185
0.2,-55,1770628346.27345,-54.967312695134865
0.2,-54,1770628346.37464,-54.96382869803565
0.2,-55,1770628346.47315,-54.96395851147166
0.2,-55,1770628346.5736,-54.96408739826656
0.2,-55,1770628346.67327,-54.96421536831329
0.2,-55,1770628346.77293,-54.96434243136448
0.2,-55,1770628346.87327,-54.9644685970349
0.2,-54,1770628346.97338,-54.961068042481905
0.2,-54,1770628347.07279,-54.957691335532
0.2,-55,1770628347.17395,-54.9578394684213
0.2,-54,1770628347.27268,-54.954497493615044
0.2,-55,1770628347.37312,-54.95465570557665
0.2,-55,1770628347.47387,-54.95481282339771
0.2,-55,1770628347.57323,-54.9549688583969
0.2,-54,1770628347.67326,-54.95168257341666
0.2,-54,1770628347.77379,-54.948418781456745
0.2,-54,1770628347.87308,-54.94517725221362
0.2,-54,1770628347.9736,-54.94195775851711
0.2,-54,1770628348.07247,-54.93876007627735
0.2,-54,1770628348.17326,-54.93558398443267
0.2,-54,1770628348.27269,-54.93242926489869
0.2,-55,1770628348.37366,-54.93265634605272
0.2,-54,1770628348.47358,-54.9295324722831
0.2,-54,1770628348.57259,-54.92642940892626
0.2,-54,1770628348.67361,-54.92334694856986
0.2,-54,1770628348.77305,-54.92028488654873
0.2,-54,1770628348.8732,-54.917243020899555
0.2,-54,1770628348.9741,-54.91422115231644
0.2,-54,1770628349.07397,-54.911219084107344
0.2,-54,1770628349.17723,-54.90823662215134
0.2,-54,1770628349.27315,-54.905273574856786
0.2,-54,1770628349.3739,-54.90232975312023
0.2,-54,1770628349.4749,-54.899404970286156
0.2,-54,1770628349.5736,-54.896499042107536
0.2,-54,1770628349.6746,-54.89361178670705
0.2,-54,1770628349.77497,-54.89074302453914
0.2,-54,1770628349.87429,-54.887892578352776
0.2,-54,1770628349.97457,-54.88506027315489
0.2,-55,1770628350.07321,-54.88542576139742
0.2,-54,1770628350.1745,-54.88261914265447
0.2,-54,1770628350.27381,-54.8798302166535
0.2,-54,1770628350.37385,-54.87705881648224
0.2,-55,1770628350.47565,-54.87744486223827
0.2,-54,1770628350.57558,-54.87469819190411
0.2,-54,1770628350.67598,-54.87196862028094
0.2,-54,1770628350.7757,-54.86925598806438
0.2,-54,1770628350.87775,-54.86656013792287
0.2,-54,1770628350.97769,-54.8638809144672
0.2,-55,1770628351.07874,-54.86430047591658
0.2,-55,1770628351.17859,-54.86471746561868
0.2,-54,1770628351.27911,-54.862068381260904
0.2,-55,1770628351.3778,-54.86248965464185
0.2,-55,1770628351.47799,-54.86290836936967
0.2,-54,1770628351.57813,-54.8602887737767
0.2,-54,1770628351.67862,-54.85768499229664
0.2,-55,1770628351.77827,-54.85811443543213
0.2,-54,1770628351.87854,-54.85553277681525
0.2,-54,1770628351.97793,-54.852966563052114
0.2,-54,1770628352.0787,-54.850415655830965
0.2,-54,1770628352.17861,-54.84787991848663
0.2,-54,1770628352.27819,-54.84535921597609
0.2,-54,1770628352.37896,-54.84285341485444
0.2,-54,1770628352.48039,-54.84036238325136
0.2,-54,1770628352.58055,-54.83788599084795
0.2,-54,1770628352.68029,-54.83542410885398
0.2,-54,1770628352.78153,-54.83297660998552
0.2,-54,1770628352.88166,-54.830543368443024
0.2,-54,1770628352.98059,-54.82812425988972
0.2,-54,1770628353.08173,-54.82571916143042
0.2,-54,1770628353.18125,-54.8233279515907
0.2,-55,1770628353.2808,-54.82383810969067
0.2,-54,1770628353.38073,-54.82146600388215
0.2,-54,1770628353.48086,-54.81910747819057
0.2,-55,1770628353.58157,-54.81962536404291
0.2,-55,1770628353.68097,-54.82014030196766
0.2,-54,1770628353.78141,-54.81780556972411
0.2,-54,1770628353.8812,-54.81548405187404
0.2,-54,1770628353.98267,-54.81317563643143
0.2,-54,1770628354.08101,-54.8108802126721
0.2,-54,1770628354.18054,-54.80859767111594
0.2,-54,1770628354.28267,-54.806327903509505
0.2,-54,1770628354.38138,-54.804070802808894
0.2,-54,1770628354.48155,-54.8018262631629
0.2,-54,1770628354.58221,-54.799594179896445
0.2,-54,1770628354.68079,-54.79737444949427
0.2,-54,1770628354.78123,-54.79516696958494
0.2,-54,1770628354.88099,-54.79297163892508
0.2,-54,1770628354.98124,-54.79078835738389
0.2,-54,1770628355.08261,-54.78861702592787
0.2,-54,1770628355.18187,-54.78645754660588
0.2,-54,1770628355.2831,-54.784309822534354
0.2,-54,1770628355.3826,-54.782173757882816
0.2,-54,1770628355.48231,-54.780049257859595
0.2,-54,1770628355.58207,-54.7779362286978
0.2,-54,1770628355.68275,-54.7758345776415
0.2,-54,1770628355.7826,-54.773744212932144
0.2,-54,1770628355.88348,-54.77166504379519
0.2,-54,1770628355.98143,-54.76959698042694
0.2,-54,1770628356.08234,-54.76753993398162
0.2,-54,1770628356.18257,-54.765493816558596
0.2,-54,1770628356.28182,-54.76345854118989
0.2,-54,1770628356.38224,-54.76143402182782
0.2,-54,1770628356.48265,-54.75942017333284
0.2,-54,1770628356.5817,-54.75741691146163
0.2,-54,1770628356.68255,-54.75542415285531
0.2,-54,1770628356.78278,-54.75344181502787
0.2,-54,1770628356.88273,-54.75146981635476
0.2,-54,1770628356.98361,-54.74950807606171
0.2,-54,1770628357.08207,-54.747556514213635
0.2,-54,1770628357.18275,-54.745615051703815
0.2,-55,1770628357.28207,-54.7462740105526
0.2,-54,1770628357.3832,-54.74434581969365
0.2,-54,1770628357.48366,-54.74242753008498
0.2,-54,1770628357.58273,-54.7405190655635
0.2,-54,1770628357.68382,-54.738620350745244
0.2,-55,1770628357.784,-54.73928883563263
0.2,-55,1770628357.8849,-54.739953922878755
0.2,-54,1770628357.98518,-54.738071029788976
0.2,-54,1770628358.08665,-54.736197658112815
0.2,-54,1770628358.18662,-54.7343337357187
0.2,-54,1770628358.28711,-54.73247919120184
0.2,-55,1770628358.38671,-54.733153120766
0.2,-54,1770628358.48812,-54.73131079027064
0.2,-54,1770628358.58867,-54.72947765931843
0.2,-54,1770628358.6886,-54.72765365908521
0.2,-54,1770628358.78786,-54.72583872143166
0.2,-54,1770628358.88816,-54.724032778894745
0.2,-55,1770628358.98865,-54.7247177161431
0.2,-55,1770628359.08847,-54.725399275543126
0.2,-54,1770628359.18887,-54.72360769064199
0.2,-54,1770628359.28856,-54.721824897617516
0.2,-54,1770628359.38766,-54.720050831823905
0.2,-54,1770628359.48867,-54.71828542924761
0.2,-54,1770628359.58881,-54.71652862649958
0.2,-54,1770628359.68957,-54.71478036080772
0.2,-55,1770628359.79151,-54.71547459155466
0.2,-54,1770628359.88934,-54.71373730389243
0.2,-54,1770628359.99082,-54.71200839710874
0.2,-55,1770628360.08842,-54.71270433617775
0.2,-54,1770628360.18992,-54.71098618434226
0.2,-54,1770628360.28871,-54.70927626127385
0.2,-55,1770628360.39039,-54.70997378934008
0.2,-55,1770628360.48878,-54.71066799271752
0.2,-54,1770628360.58882,-54.70897097256357
0.2,-55,1770628360.68971,-54.70966428628987
0.2,-54,1770628360.78926,-54.707977647238195
0.2,-55,1770628360.88923,-54.708670057445175
0.2,-55,1770628360.98956,-54.70935920638819
0.2,-54,1770628361.08973,-54.70768512250112
0.2,-54,1770628361.19058,-54.706018886450074
0.2,-54,1770628361.29056,-54.7043604430984
0.2,-54,1770628361.38954,-54.70270973782474
0.2,-54,1770628361.48985,-54.70106671651702
0.2,-54,1770628361.58967,-54.699431325566536
0.2,-54,1770628361.6891,-54.69780351186212
0.2,-54,1770628361.78977,-54.69618322278437
0.2,-54,1770628361.89019,-54.69457040619998
0.2,-54,1770628361.98995,-54.692965010456135
0.2,-54,1770628362.09187,-54.69136698437498
0.2,-54,1770628362.19248,-54.68977627724819
0.2,-54,1770628362.2905,-54.688192838831604
0.2,-54,1770628362.39166,-54.68661661933989
0.2,-54,1770628362.49141,-54.68504756944134
0.2,-54,1770628362.5926,-54.683485640252734
0.2,-54,1770628362.69262,-54.68193078333423
0.2,-54,1770628362.79364,-54.68038295068436
0.2,-54,1770628362.89334,-54.678842094735074
0.2,-54,1770628362.99372,-54.67730816834686
0.2,-54,1770628363.09345,-54.67578112480394
0.2,-54,1770628363.19432,-54.67426091780951
0.2,-54,1770628363.29385,-54.672747501481055
0.2,-54,1770628363.39509,-54.671240830345724
0.2,-54,1770628363.49432,-54.669740859335775
0.2,-54,1770628363.59454,-54.66824754378407
0.2,-54,1770628363.69361,-54.666760839419624
0.2,-54,1770628363.79549,-54.66528070236323
0.2,-54,1770628363.89463,-54.663807089123154
0.2,-54,1770628363.99562,-54.66233995659083
0.2,-54,1770628364.09437,-54.66087926203667
0.2,-54,1770628364.19557,-54.659424963105934
0.2,-54,1770628364.2938,-54.65797701781457
0.2,-54,1770628364.39574,-54.65653538454521
0.2,-54,1770628364.49377,-54.65510002204317
0.2,-54,1770628364.59488,-54.65367088941251
0.2,-54,1770628364.69404,-54.65224794611212
0.2,-53,1770628364.79531,-54.648658980818716
0.2,-54,1770628364.89529,-54.647253004164554
0.2,-54,1770628364.9946,-54.64585307705012
0.2,-54,1770628365.09655,-54.64445916044648
0.2,-54,1770628365.19646,-54.64307121565972
0.2,-54,1770628365.29719,-54.641689204327335
0.2,-54,1770628365.39768,-54.64031308841473
0.2,-54,1770628365.49755,-54.63894283021168
0.2,-54,1770628365.59748,-54.63757839232892
0.2,-54,1770628365.69859,-54.63621973769469
0.2,-54,1770628365.7965,-54.63486682955141
0.2,-54,1770628365.89803,-54.633519631452366
0.2,-54,1770628365.99689,-54.632178107258376
0.2,-54,1770628366.09809,-54.630842221134614
0.2,-54,1770628366.19855,-54.62951193754738
0.2,-54,1770628366.29863,-54.628187221260944
0.2,-54,1770628366.3987,-54.626868037334454
0.2,-54,1770628366.49987,-54.62555435111882
0.2,-54,1770628366.59919,-54.624246128253716
0.2,-54,1770628366.69878,-54.62294333466454
0.2,-54,1770628366.80066,-54.621645936559474
0.2,-54,1770628366.89967,-54.62035390042656
0.2,-53,1770628367.0016,-54.616993042461395
0.2,-53,1770628367.10144,-54.613646016974215
0.2,-54,1770628367.20239,-54.61237841987523
0.2,-54,1770628367.30228,-54.611116018391186
0.2,-54,1770628367.40333,-54.609858780582194
0.2,-54,1770628367.50322,-54.60860667476961
0.2,-54,1770628367.60432,-54.6073596695334
0.2,-54,1770628367.70279,-54.6061177337095
0.2,-54,1770628367.80274,-54.60488083638722
0.2,-54,1770628367.90391,-54.603648946906645
0.2,-54,1770628368.00372,-54.60242203485615
0.2,-54,1770628368.10302,-54.60120007006982
0.2,-54,1770628368.20459,-54.59998302262506
0.2,-54,1770628368.30304,-54.59877086284008
0.2,-54,1770628368.40461,-54.59756356127148
0.2,-54,1770628368.50419,-54.59636108871191
0.2,-54,1770628368.60376,-54.59516341618767
0.2,-54,1770628368.7037,-54.593970514956375
0.2,-54,1770628368.80395,-54.592782356504685
0.2,-54,1770628368.90574,-54.59159891254599
0.2,-54,1770628369.00544,-54.59042015501819
0.2,-54,1770628369.10755,-54.589246056081436
0.2,-54,1770628369.20699,-54.58807658811599
0.2,-54,1770628369.30697,-54.58691172372
0.2,-54,1770628369.40646,-54.58575143570739
0.2,-54,1770628369.50687,-54.584595697105705
0.2,-54,1770628369.60551,-54.58344448115407
0.2,-54,1770628369.70753,-54.58229776130107
0.2,-54,1770628369.80644,-54.58115551120273
0.2,-54,1770628369.9057,-54.58001770472048
0.2,-54,1770628370.00557,-54.578884315919176
0.2,-54,1770628370.10692,-54.5777553190651
0.2,-54,1770628370.20756,-54.57663068862402
0.2,-54,1770628370.30623,-54.57551039925928
0.2,-54,1770628370.40659,-54.57439442582985
0.2,-54,1770628370.50786,-54.57328274338848
0.2,-54,1770628370.60732,-54.57217532717983
0.25,-54,1770628379.19253,-54.0
0.25,-54,1770628379.19264,-54.0
0.25,-54,1770628379.19273,-54.0
0.25,-54,1770628379.19294,-54.0
0.25,-54,1770628379.19305,-54.0
0.25,-54,1770628379.19317,-54.0
0.25,-54,1770628379.19327,-54.0
0.25,-54,1770628379.19338,-54.0
0.25,-54,1770628379.19349,-54.0
0.25,-54,1770628379.19359,-54.0
0.25,-54,1770628379.1937,-54.0
0.25,-54,1770628379.19381,-54.0
0.25,-54,1770628379.19391,-54.0
0.25,-54,1770628379.19401,-54.0
0.25,-54,1770628379.19411,-54.0
0.25,-54,1770628379.19421,-54.0
0.25,-54,1770628379.19431,-54.0
0.25,-54,1770628379.19441,-54.0
0.25,-54,1770628379.19451,-54.0
0.25,-54,1770628379.19462,-54.0
0.25,-54,1770628379.19472,-54.0
0.25,-54,1770628379.19481,-54.0
0.25,-54,1770628379.19492,-54.0
0.25,-54,1770628379.19502,-54.0
0.25,-54,1770628379.19512,-54.0
0.25,-54,1770628379.19524,-54.0
0.25,-54,1770628379.19534,-54.0
0.25,-54,1770628379.19544,-54.0
0.25,-54,1770628379.19554,-54.0
0.25,-54,1770628379.19564,-54.0
0.25,-54,1770628379.19574,-54.0
0.25,-54,1770628379.19584,-54.0
0.25,-54,1770628379.19594,-54.0
0.25,-54,1770628379.19615,-54.0
0.25,-54,1770628379.19625,-54.0
0.25,-54,1770628379.19634,-54.0
0.25,-54,1770628379.19643,-54.0
0.25,-53,1770628379.19653,-53.98275771560068
0.25,-53,1770628379.19663,-53.966099898094576
0.25,-54,1770628379.19672,-53.966664931687
0.25,-54,1770628379.19682,-53.967211440171795
0.25,-54,1770628379.19691,-53.96774031992336
0.25,-54,1770628379.19701,-53.96825241040352
0.25,-54,1770628379.1972,-53.968748498607866
0.25,-54,1770628379.19728,-53.96922932310156
0.25,-54,1770628379.19734,-53.969695577688334
0.25,-54,1770628379.19744,-53.970147914750875
0.25,-54,1770628379.1975,-53.970586948296486
0.25,-54,1770628379.19756,-53.97101325673791
0.25,-54,1770628379.19763,-53.971427385435796
0.25,-55,1770628379.19769,-53.98591549000208
0.25,-54,1770628379.19776,-53.986111124411615
0.25,-54,1770628379.19782,-53.98630139921166
0.25,-54,1770628379.19788,-53.986486531683326
0.25,-54,1770628379.19795,-53.98666672751939
0.25,-54,1770628379.19801,-53.986842181586745
0.25,-54,1770628379.19807,-53.98701307862932
0.25,-54,1770628379.19814,-53.98717959391702
0.25,-54,1770628379.1982,-53.98734189384534
0.25,-54,1770628379.19827,-53.98750013649001
0.25,-54,1770628379.19833,-53.987654472120575
0.25,-54,1770628379.19839,-53.987805043676346
0.25,-54,1770628379.19846,-53.98795198720802
0.25,-54,1770628379.19859,-53.9880954322877
0.25,-54,1770628379.19867,-53.988235502389976
0.25,-54,1770628379.19876,-53.98837231524645
0.25,-55,1770628379.19883,-54.00000164479389
0.25,-55,1770628379.19889,-54.01136668824192
0.25,-55,1770628379.19896,-54.02247635409829
0.25,-55,1770628379.19902,-54.03333915493759
0.25,-55,1770628379.19912,-54.04396322915585
0.25,-54,1770628379.1992,-54.04348530229748
0.25,-55,1770628379.19926,-54.0537718516454
0.25,-55,1770628379.19932,-54.06383955412788
0.25,-55,1770628379.19939,-54.07369532068949
0.25,-55,1770628379.19945,-54.083345774319135
0.25,-54,1770628379.19951,-54.082486407964524
0.25,-55,1770628379.19958,-54.09185025545772
0.25,-55,1770628379.19964,-54.10102494952979
0.25,-54,1770628379.19971,-54.10001453542985
0.25,-55,1770628379.19977,-54.108926764208384
0.25,-55,1770628379.19983,-54.11766425831623
0.25,-55,1770628379.1999,-54.12623210710653
0.25,-55,1770628379.19996,-54.13463520418829
0.25,-55,1770628379.20002,-54.14287825674755
0.25,-55,1770628379.22187,-54.15096579434088
0.25,-55,1770628379.3218,-54.15890217719583
0.25,-55,1770628379.42078,-54.166691604050236
0.25,-55,1770628379.52169,-54.17433811955998
0.25,-54,1770628379.62166,-54.172752914081286
0.25,-55,1770628379.72249,-54.180207091965876
0.25,-55,1770628379.8212,-54.18752817321465
0.25,-55,1770628379.92135,-54.19471969136265
0.25,-55,1770628380.02171,-54.20178505596135
0.25,-55,1770628380.12104,-54.208727557969276
0.25,-54,1770628380.22153,-54.20692778606619
0.25,-55,1770628380.32148,-54.213707700553606
0.25,-54,1770628380.42161,-54.21189620529589
0.25,-54,1770628380.52217,-54.21011515180441
0.25,-54,1770628380.62407,-54.20836377903581
0.25,-55,1770628380.72341,-54.21490779711898
0.25,-55,1770628380.82463,-54.22134454929834
0.25,-54,1770628380.92387,-54.21954455370865
0.25,-55,1770628381.02559,-54.225840136375844
0.25,-55,1770628381.12497,-54.23203500261408
0.25,-54,1770628381.22488,-54.23019297531665
0.25,-54,1770628381.3256,-54.228379952490165
0.25,-54,1770628381.42671,-54.226595254343046
0.25,-54,1770628381.52557,-54.224838222162475
0.25,-54,1770628381.62625,-54.223108217503714
0.25,-54,1770628381.72704,-54.2214046214165
0.25,-55,1770628381.82577,-54.227304759131805
0.25,-55,1770628381.92674,-54.233116185829566
0.25,-55,1770628382.02706,-54.23884088757539
0.25,-55,1770628382.12669,-54.24448079158856
0.25,-54,1770628382.22622,-54.24268259231591
0.25,-54,1770628382.32591,-54.24091064009066
0.25,-55,1770628382.42558,-54.246413009568386
0.25,-54,1770628382.52663,-54.244639691003954
0.25,-54,1770628382.6266,-54.242891701493406
0.25,-54,1770628382.72579,-54.24116850212121
0.25,-55,1770628382.82657,-54.2465141581172
0.25,-54,1770628382.92577,-54.24478970303704
0.25,-55,1770628383.02607,-54.25003600803468
0.25,-55,1770628383.12569,-54.25520996267273
0.25,-54,1770628383.22675,-54.253461336106774
0.25,-55,1770628383.32664,-54.258541636420695
0.25,-54,1770628383.42574,-54.25679410368861
0.25,-55,1770628383.52581,-54.26178388554426
0.25,-55,1770628383.62579,-54.26670714924429
0.25,-55,1770628383.72558,-54.27156521634025
0.25,-54,1770628383.8259,-54.269777923387934
0.25,-55,1770628383.92712,-54.27455245655336
0.25,-55,1770628384.02715,-54.27926499484907
0.25,-55,1770628384.1278,-54.28391673817469
0.25,-55,1770628384.22772,-54.288508855663196
0.25,-55,1770628384.328,-54.293042486660774
0.25,-55,1770628384.42967,-54.29751874166942
0.25,-55,1770628384.52866,-54.301938703253995
0.25,-55,1770628384.62865,-54.30630342691526
0.25,-55,1770628384.72874,-54.310613941930356
0.25,-55,1770628384.82794,-54.31487125216223
0.25,-54,1770628384.92797,-54.312938680683004
0.25,-54,1770628385.02795,-54.311029671950735
0.25,-54,1770628385.12882,-54.30914379755222
0.25,-55,1770628385.22971,-54.313307472766
0.25,-55,1770628385.32798,-54.317421295010824
0.25,-54,1770628385.4277,-54.315531003152586
0.25,-55,1770628385.52848,-54.31958302326117
0.25,-55,1770628385.62797,-54.32358738384457
0.25,-55,1770628385.72888,-54.32754492103407
0.25,-55,1770628385.82909,-54.33145645151605
0.25,-54,1770628385.92783,-54.32953957230369
0.25,-55,1770628386.02926,-54.33339471782862
0.25,-54,1770628386.12938,-54.331488642516085
0.25,-55,1770628386.22771,-54.33528894392089
0.25,-54,1770628386.32966,-54.33339367679049
0.25,-54,1770628386.4276,-54.331519699260895
0.25,-54,1770628386.52874,-54.32966665452345
0.25,-54,1770628386.63165,-54.3278341936986
0.25,-57,1770628386.72881,-54.34260552409908
0.25,-54,1770628386.82873,-54.34072204686857
0.25,-55,1770628386.93022,-54.34432665032578
0.25,-55,1770628387.02952,-54.34789208419573
0.25,-55,1770628387.13017,-54.35141898366034
0.25,-55,1770628387.22873,-54.354907970241726
0.25,-55,1770628387.32915,-54.35835965216743
0.25,-55,1770628387.42906,-54.36177462472398
0.25,-55,1770628387.52982,-54.365153470599246
0.25,-55,1770628387.63153,-54.36849676021401
0.25,-55,1770628387.73049,-54.371805052043065
0.25,-54,1770628387.82985,-54.36986738829085
0.25,-54,1770628387.93153,-54.367949797816415
0.25,-54,1770628388.03064,-54.36605197020854
0.25,-54,1770628388.13241,-54.36417360142338
0.25,-54,1770628388.23057,-54.3623143936221
0.25,-55,1770628388.33087,-54.36555345191606
0.25,-55,1770628388.4302,-54.368759802979696
0.25,-54,1770628388.53076,-54.366905526104006
0.25,-54,1770628388.63052,-54.36506978590753
0.25,-55,1770628388.7314,-54.36823075163736
0.25,-55,1770628388.83147,-54.37136043116201
0.25,-54,1770628388.92982,-54.36952982354952
0.25,-55,1770628389.03144,-54.37262248932576
0.25,-55,1770628389.13077,-54.375684993164874
0.25,-55,1770628389.23148,-54.37871777431798
0.25,-54,1770628389.33083,-54.3768869240064
0.25,-55,1770628389.43079,-54.379884802432244
0.25,-55,1770628389.52981,-54.38285400331715
0.25,-55,1770628389.6315,-54.38579493633989
0.25,-55,1770628389.73064,-54.38870800341281
0.25,-54,1770628389.83102,-54.386873112635335
0.25,-55,1770628389.93499,-54.389753801922375
0.25,-55,1770628390.02997,-54.39260757900617
0.25,-55,1770628390.13259,-54.39543481940546
0.25,-54,1770628390.23105,-54.393602690221485
0.25,-54,1770628390.33062,-54.391787440489466
0.25,-55,1770628390.43079,-54.394579599086384
0.25,-55,1770628390.53,-54.39734626856395
0.25,-54,1770628390.63127,-54.39553870339175
0.25,-54,1770628390.73192,-54.39374748971225
0.25,-55,1770628390.82976,-54.396480582990065
0.25,-54,1770628390.93162,-54.3947011806951
0.25,-54,1770628391.03077,-54.39293765937157
0.25,-54,1770628391.13316,-54.39118980727339
0.25,-55,1770628391.2315,-54.39388593380978
0.25,-54,1770628391.33047,-54.392149274314654
0.25,-55,1770628391.43138,-54.39481757908513
0.25,-54,1770628391.53073,-54.393091989014636
0.25,-55,1770628391.63126,-54.395733029001406
0.25,-55,1770628391.73083,-54.39835121286671
0.25,-55,1770628391.83095,-54.40094683616352
0.25,-54,1770628391.93159,-54.399224488483654
0.25,-55,1770628392.03254,-54.401794231444704
0.25,-55,1770628392.13267,-54.40434211417757
0.25,-55,1770628392.23273,-54.4068684145662
0.25,-55,1770628392.33385,-54.409373405804516
0.25,-55,1770628392.43554,-54.411857356494956
0.25,-54,1770628392.53468,-54.410132474876164
0.25,-54,1770628392.63559,-54.40842196046677
0.25,-55,1770628392.73551,-54.41087900081494
0.25,-55,1770628392.83546,-54.41331574481786
0.25,-54,1770628392.9359,-54.41161319456204
0.25,-55,1770628393.03628,-54.41402699228519
0.25,-55,1770628393.13559,-54.41642109525798
0.25,-54,1770628393.23581,-54.41472663084127
0.25,-54,1770628393.33619,-54.41304587990433
0.25,-55,1770628393.43677,-54.41541504013686
0.25,-55,1770628393.53623,-54.41776518066741
0.25,-55,1770628393.63669,-54.42009652973213
0.25,-55,1770628393.73637,-54.42240931192993
0.25,-54,1770628393.83656,-54.420731322124844
0.25,-54,1770628393.93747,-54.419066590082174
0.25,-55,1770628394.03684,-54.421356172632215
0.25,-54,1770628394.13757,-54.419702016428474
0.25,-55,1770628394.23765,-54.421971265243236
0.25,-54,1770628394.33674,-54.42032755798329
0.25,-54,1770628394.4368,-54.418696585667966
0.25,-55,1770628394.53619,-54.42094349354438
0.25,-55,1770628394.6367,-54.42317312711889
0.25,-55,1770628394.73612,-54.42538568494644
0.25,-54,1770628394.83668,-54.423760229754876
0.25,-55,1770628394.93753,-54.425953765350656
0.25,-55,1770628395.03849,-54.42813069277393
0.25,-55,1770628395.13854,-54.430291200041474
0.25,-55,1770628395.23673,-54.43243547234276
0.25,-54,1770628395.33881,-54.43081395149703
0.25,-54,1770628395.4378,-54.42920452440771
0.25,-55,1770628395.5383,-54.43132898389797
0.25,-55,1770628395.63856,-54.433437716083
0.25,-55,1770628395.73855,-54.435530895065554
0.25,-55,1770628395.83823,-54.43760869238805
0.25,-55,1770628395.93677,-54.43967127707946
0.25,-55,1770628396.03863,-54.4417188157012
0.25,-55,1770628396.13765,-54.443751472391945
0.25,-55,1770628396.23846,-54.44576940891157
0.25,-55,1770628396.33789,-54.44777278468407
0.25,-54,1770628396.43939,-54.4461600289632
0.25,-55,1770628396.53949,-54.448147678445984
0.25,-54,1770628396.63969,-54.44654507210885
0.25,-54,1770628396.7399,-54.44495386481706
0.25,-54,1770628396.83892,-54.44337393530437
0.25,-55,1770628396.94005,-54.445343421820596
0.25,-55,1770628397.04052,-54.447299047911564
0.25,-55,1770628397.14059,-54.44924095947624
0.25,-55,1770628397.24096,-54.45116930037305
0.25,-55,1770628397.33932,-54.45308421245542
0.25,-55,1770628397.44445,-54.45498583560659
0.25,-55,1770628397.54036,-54.45687430777371
0.25,-55,1770628397.63971,-54.458749765001194
0.25,-55,1770628397.74037,-54.460612341463445
0.25,-55,1770628397.83999,-54.46246216949685
0.25,-54,1770628397.94159,-54.46088155481948
0.25,-54,1770628398.04102,-54.459311684980676
0.25,-55,1770628398.14259,-54.46114717007176
0.25,-55,1770628398.24076,-54.46297026217151
0.25,-54,1770628398.3421,-54.46140916091921
0.25,-54,1770628398.4404,-54.45985852920585
0.25,-54,1770628398.54249,-54.4583182619861
0.25,-55,1770628398.64114,-54.46012656110681
0.25,-55,1770628398.74067,-54.46192285390239
0.25,-55,1770628398.84143,-54.46370725964073
0.25,-54,1770628398.94154,-54.46217454384262
0.25,-54,1770628399.04195,-54.460651904038194
0.25,-54,1770628399.14181,-54.45913924111952
0.25,-54,1770628399.24159,-54.4576364572742
0.25,-55,1770628399.33987,-54.45940587373324
0.25,-55,1770628399.44139,-54.461163809437714
0.25,-55,1770628399.54151,-54.462910375851024
0.25,-55,1770628399.64064,-54.46464568299833
0.25,-55,1770628399.74217,-54.46636983948968
0.25,-55,1770628399.84249,-54.46808295254269
0.25,-55,1770628399.94265,-54.469785128004766
0.25,-55,1770628400.04173,-54.47147647037496
0.25,-54,1770628400.14271,-54.46997725760248
0.25,-54,1770628400.24187,-54.4684875257272
0.25,-54,1770628400.3426,-54.46700718502475
0.25,-54,1770628400.44283,-54.46553614689937
0.25,-55,1770628400.54166,-54.46721440878312
0.25,-55,1770628400.64189,-54.46888219036216
0.25,-55,1770628400.74224,-54.47053958958302
0.25,-55,1770628400.84214,-54.47218670317551
0.25,-55,1770628400.9418,-54.473823626671546
0.25,-55,1770628401.04153,-54.475450454423644
0.25,-55,1770628401.14242,-54.47706727962306
0.25,-54,1770628401.24282,-54.475601304379914
0.25,-54,1770628401.34319,-54.47414428746276
0.25,-54,1770628401.44216,-54.47269614693588
0.25,-55,1770628401.54249,-54.47430177077995
0.25,-55,1770628401.64243,-54.475897672283956
0.25,-55,1770628401.74172,-54.47748393956555
0.25,-54,1770628401.84231,-54.47604310627985
0.25,-55,1770628401.94184,-54.477619443623325
0.25,-55,1770628402.04272,-54.47918635047915
0.25,-55,1770628402.14366,-54.480743911299214
0.25,-55,1770628402.24385,-54.48229220953004
0.25,-55,1770628402.34391,-54.483831327627676
0.25,-55,1770628402.44279,-54.48536134707236
0.25,-55,1770628402.54273,-54.48688234838293
0.25,-55,1770628402.64362,-54.488394411130905
0.25,-55,1770628402.74405,-54.489897613954454
0.25,-54,1770628402.84301,-54.48846238621431
0.25,-54,1770628402.94331,-54.48703551905401
0.25,-55,1770628403.04392,-54.488529621361664
0.25,-55,1770628403.14477,-54.490015070682766
0.25,-55,1770628403.24466,-54.49149194204298
0.25,-55,1770628403.34491,-54.49296030960311
0.25,-55,1770628403.44483,-54.49442024667157
0.25,-55,1770628403.54564,-54.49587182571651
0.25,-55,1770628403.6447,-54.49731511837793
0.25,-55,1770628403.74481,-54.498750195479374
0.25,-54,1770628403.84516,-54.4973303796746
0.25,-54,1770628403.94522,-54.49591859991112
0.25,-55,1770628404.04496,-54.4973455184212
0.25,-54,1770628404.14561,-54.49594161664594
0.25,-55,1770628404.24466,-54.49736048738512
0.25,-55,1770628404.34454,-54.49877141759702
0.25,-54,1770628404.44553,-54.497375239551836
0.25,-55,1770628404.54469,-54.498778301568194
0.25,-55,1770628404.64571,-54.50017357710013
0.25,-55,1770628404.74551,-54.50156113085504
0.25,-55,1770628404.84477,-54.502941026825326
0.25,-55,1770628404.94556,-54.50431332829823
0.25,-54,1770628405.04562,-54.50292480703643
0.25,-55,1770628405.14575,-54.50428966653696
0.25,-55,1770628405.24448,-54.505647076001395
0.25,-55,1770628405.34567,-54.50699709632898
0.25,-55,1770628405.44488,-54.508339787757016
0.25,-55,1770628405.54618,-54.50967520986982
0.25,-55,1770628405.64557,-54.51100342160755
0.25,-55,1770628405.74556,-54.5123244812749
0.25,-55,1770628405.84637,-54.513638446549635
0.25,-55,1770628405.94545,-54.51494537449098
0.25,-55,1770628406.0457,-54.516245321547906
0.25,-55,1770628406.14558,-54.51753834356726
0.25,-55,1770628406.24502,-54.51882449580177
0.25,-54,1770628406.345,-54.517445058510255
0.25,-55,1770628406.44483,-54.51872468506442
0.25,-54,1770628406.5458,-54.51735275670769
0.25,-54,1770628406.6466,-54.51598804045722
0.25,-54,1770628406.7454,-54.51463047952504
0.25,-54,1770628406.84585,-54.51328001771777
0.25,-54,1770628406.94589,-54.51193659942894
0.25,-54,1770628407.04681,-54.51060016963132
0.25,-55,1770628407.1459,-54.51187446415583
0.25,-55,1770628407.24549,-54.51314216420246
0.25,-55,1770628407.34661,-54.51440332089096
0.25,-55,1770628407.44661,-54.51565798481407
0.25,-55,1770628407.54674,-54.5169062060443
0.25,-55,1770628407.6466,-54.51814803414058
0.25,-55,1770628407.74666,-54.51938351815487
0.25,-55,1770628407.84664,-54.52061270663858
0.25,-55,1770628407.94625,-54.52183564764896
0.25,-55,1770628408.04586,-54.523052388755374
0.25,-54,1770628408.14624,-54.521724777332224
0.25,-55,1770628408.2469,-54.522935685691216
0.25,-54,1770628408.34675,-54.52161502253576
0.25,-54,1770628408.44611,-54.520300987241185
0.25,-54,1770628408.54772,-54.518993529974196
0.25,-55,1770628408.64885,-54.5201992387647
0.25,-54,1770628408.74675,-54.51889852239497
0.25,-54,1770628408.84762,-54.51760426865913
0.25,-55,1770628408.94591,-54.518804506322304
0.25,-55,1770628409.04524,-54.51999881018215
0.25,-54,1770628409.14675,-54.51871136780803
0.25,-54,1770628409.24726,-54.51743025892642
0.25,-55,1770628409.34643,-54.51861919317813
0.25,-55,1770628409.44625,-54.519802307290576
0.25,-55,1770628409.54615,-54.52097964395401
0.25,-55,1770628409.64504,-54.52215124544221
0.25,-54,1770628409.74588,-54.520877243155894
0.25,-54,1770628409.84671,-54.51960941672359
0.25,-54,1770628409.94615,-54.518347721284634
0.25,-54,1770628410.04563,-54.5170921124118
0.25,-54,1770628410.14643,-54.51584254610608
0.25,-55,1770628410.24545,-54.51700972859094
0.25,-55,1770628410.34596,-54.51817132107345
0.25,-55,1770628410.44694,-54.519327363673
0.25,-55,1770628410.54684,-54.520477896125975
0.25,-55,1770628410.64768,-54.52162295779032
0.25,-55,1770628410.74758,-54.522762587650035
0.25,-55,1770628410.84773,-54.5238968243196
0.25,-54,1770628410.94732,-54.522654619724186
0.25,-55,1770628411.04632,-54.52378379327012
0.25,-55,1770628411.14749,-54.52490766094008
0.25,-54,1770628411.24643,-54.52367177220889
0.25,-55,1770628411.34718,-54.52479067058081
0.25,-54,1770628411.44765,-54.52356079639355
0.25,-55,1770628411.54735,-54.52467476951961
0.25,-55,1770628411.64688,-54.52578356924174
0.25,-55,1770628411.74619,-54.52688723156945
0.25,-54,1770628411.84611,-54.52566380747942
0.25,-55,1770628411.94632,-54.5267626809553
0.25,-55,1770628412.04751,-54.527856498329385
0.25,-55,1770628412.14681,-54.528945294471086
0.25,-55,1770628412.24679,-54.53002910392992
0.25,-55,1770628412.34653,-54.53110796093916
0.25,-55,1770628412.44652,-54.53218189941945
0.25,-55,1770628412.54692,-54.53325095298236
0.25,-55,1770628412.64751,-54.534315154933886
0.25,-55,1770628412.74833,-54.53537453827795
0.25,-55,1770628412.84872,-54.536429135719786
0.25,-55,1770628412.94976,-54.537478979669324
0.25,-54,1770628413.04992,-54.536264480456005
0.25,-55,1770628413.14946,-54.5373100079778
0.25,-55,1770628413.24967,-54.53835085469031
0.25,-55,1770628413.34956,-54.5393870520081
0.25,-55,1770628413.44973,-54.540418631065286
0.25,-55,1770628413.54996,-54.54144562271858
0.25,-55,1770628413.64967,-54.54246805755043
0.25,-55,1770628413.74939,-54.543485965872044
0.25,-55,1770628413.85165,-54.54449937772638
0.25,-55,1770628413.95074,-54.54550832289112
0.25,-54,1770628414.04996,-54.54430265181547
0.25,-55,1770628414.15102,-54.545307626116376
0.25,-55,1770628414.25041,-54.54630820015635
0.25,-55,1770628414.34933,-54.5473044028209
0.25,-54,1770628414.45142,-54.546105254196846
0.25,-55,1770628414.54984,-54.54709758989319
0.25,-55,1770628414.65049,-54.548085618577375
0.25,-54,1770628414.74982,-54.5468925185455
0.25,-55,1770628414.85042,-54.54787674553694
0.25,-55,1770628414.95172,-54.54885672848542
0.25,-55,1770628415.05034,-54.54983249483061
0.25,-55,1770628415.15074,-54.55080407177616
0.25,-54,1770628415.25267,-54.54961782804364
0.25,-54,1770628415.35161,-54.548436655494875
0.25,-55,1770628415.45106,-54.549405042526686
0.25,-55,1770628415.55178,-54.55036930742756
0.25,-54,1770628415.65158,-54.54919401490207
0.25,-55,1770628415.75135,-54.55015466483651
0.25,-54,1770628415.85064,-54.548984772294645
0.25,-55,1770628415.95241,-54.54994183419979
0.25,-54,1770628416.05166,-54.54877729210948
0.25,-54,1770628416.15127,-54.54761764428057
0.25,-55,1770628416.2514,-54.54857160202596
0.25,-55,1770628416.35132,-54.54952156741229
0.25,-54,1770628416.45092,-54.54836758020202
0.25,-55,1770628416.5522,-54.54931403663158
0.25,-55,1770628416.65208,-54.550256556943694
0.25,-55,1770628416.7514,-54.551195165687695
0.25,-54,1770628416.85167,-54.55004719680563
0.25,-55,1770628416.95162,-54.550982383936514
0.25,-55,1770628417.05268,-54.551913714080534
0.25,-55,1770628417.15365,-54.552841211095085
0.25,-55,1770628417.25177,-54.5537648986412
0.25,-54,1770628417.35223,-54.55262332733959
0.25,-55,1770628417.45207,-54.553543707186954
0.25,-55,1770628417.55253,-54.55446033007916
0.25,-55,1770628417.65283,-54.55537321901772
0.25,-55,1770628417.75139,-54.55628239681675
0.25,-55,1770628417.85284,-54.55718788610489
0.25,-55,1770628417.95348,-54.55808970932719
0.25,-55,1770628418.05373,-54.55898788874694
0.25,-55,1770628418.15261,-54.559882446447546
0.25,-55,1770628418.25309,-54.5607734043343
0.25,-55,1770628418.35288,-54.5616607841362
0.25,-55,1770628418.45281,-54.56254460740773
0.25,-54,1770628418.55294,-54.56141260321976
0.25,-55,1770628418.65341,-54.562293418693045
0.25,-55,1770628418.75351,-54.56317072516986
0.25,-55,1770628418.85335,-54.56404454362005
0.25,-54,1770628418.95346,-54.56291847247394
0.25,-55,1770628419.05352,-54.56378935497543
0.25,-55,1770628419.15416,-54.56465679564487
0.25,-55,1770628419.25294,-54.56552081488813
0.25,-55,1770628419.35314,-54.56638143295007
0.25,-55,1770628419.45462,-54.567238669916144
0.25,-55,1770628419.55321,-54.56809254571397
0.25,-55,1770628419.65379,-54.56894308011486
0.25,-54,1770628419.7547,-54.567824861764585
0.25,-55,1770628419.85475,-54.568672627507404
0.25,-55,1770628419.95535,-54.56951709524613
0.25,-55,1770628420.05645,-54.57035828422955
0.25,-55,1770628420.15517,-54.57119621355696
0.25,-55,1770628420.25553,-54.572030902179584
0.25,-55,1770628420.35659,-54.57286236890202
0.25,-55,1770628420.45749,-54.57369063238367
0.25,-55,1770628420.55706,-54.574515711140116
0.25,-55,1770628420.65649,-54.575337623544506
0.3,-55,1770628429.15451,-55.0
0.3,-55,1770628429.15469,-55.0
0.3,-55,1770628429.15483,-55.0
0.3,-55,1770628429.15496,-55.0
0.3,-55,1770628429.15505,-55.0
0.3,-55,1770628429.15515,-55.0
0.3,-55,1770628429.15525,-55.0
0.3,-55,1770628429.15536,-55.0
0.3,-55,1770628429.15554,-55.0
0.3,-55,1770628429.15564,-55.0
0.3,-55,1770628429.15573,-55.0
0.3,-54,1770628429.15587,-54.96874961201239
0.3,-55,1770628429.15597,-54.969696606336875
0.3,-55,1770628429.15606,-54.970587895805394
0.3,-55,1770628429.15616,-54.971428255103035
0.3,-55,1770628429.15627,-54.972221928396145
0.3,-55,1770628429.15639,-54.97297270102381
0.3,-55,1770628429.15649,-54.973683959869646
0.3,-55,1770628429.15657,-54.97435874444572
0.3,-55,1770628429.15666,-54.974999790313824
0.3,-55,1770628429.15675,-54.97560956615246
0.3,-55,1770628429.15684,-54.97619030552858
0.3,-55,1770628429.15692,-54.9767440342361
0.3,-55,1770628429.15701,-54.97727259390633
0.3,-55,1770628429.1571,-54.97777766247048
0.3,-55,1770628429.15719,-54.9782607719531
0.3,-55,1770628429.15727,-54.97872332399401
0.3,-55,1770628429.15735,-54.97916660343001
0.3,-55,1770628429.15744,-54.97959179021352
0.3,-55,1770628429.15753,-54.97999996990101
0.3,-54,1770628429.15761,-54.96078352209429
0.3,-55,1770628429.15769,-54.96153771635304
0.3,-55,1770628429.15787,-54.962263451146306
0.3,-55,1770628429.15803,-54.96296230755188
0.3,-55,1770628429.15813,-54.963635751660334
0.3,-55,1770628429.15825,-54.96428514484173
0.3,-55,1770628429.15842,-54.96491175293159
0.3,-54,1770628429.1585,-54.9482744700673
0.3,-55,1770628429.15857,-54.94915122170643
0.3,-55,1770628429.15863,-54.94999874918436
0.3,-54,1770628429.1587,-54.93442408852663
0.3,-55,1770628429.15878,-54.935481828541754
0.3,-55,1770628429.15884,-54.93650599063273
0.3,-54,1770628429.15891,-54.92187213712899
0.3,-55,1770628429.15897,-54.923074184660635
0.3,-55,1770628429.15904,-54.92423980784019
0.3,-56,1770628429.1591,-54.94029707500455
0.3,-57,1770628429.15917,-54.97058905194758
0.3,-57,1770628429.15923,-55.00000303547419
0.3,-55,1770628429.1593,-55.00000299210688
0.3,-55,1770628429.15936,-55.000002949961136
0.3,-53,1770628429.15943,-54.97222282866121
0.3,-53,1770628429.15949,-54.945203772871736
0.3,-53,1770628429.15956,-54.918914928637186
0.3,-53,1770628429.15962,-54.893327087543625
0.3,-53,1770628429.15968,-54.86841257845956
0.3,-53,1770628429.1598,-54.84414516771258
0.3,-53,1770628429.15986,-54.82049996694467
0.3,-53,1770628429.15995,-54.797453347965885
0.3,-55,1770628429.16001,-54.799985442222045
0.3,-54,1770628429.16007,-54.79010803375533
0.3,-54,1770628429.16014,-54.780471524321804
0.3,-53,1770628429.16021,-54.75901767349271
0.3,-54,1770628429.16027,-54.74998071839219
0.3,-54,1770628429.16033,-54.74115638487008
0.3,-54,1770628429.1604,-54.73253725590531
0.3,-54,1770628429.16046,-54.72411625548876
0.3,-53,1770628429.16053,-54.70452156710645
0.3,-54,1770628429.16059,-54.696604577959846
0.3,-54,1770628429.16065,-54.68886351018532
0.3,-54,1770628429.16072,-54.68129256418514
0.3,-54,1770628429.16078,-54.673886192517664
0.3,-53,1770628429.16085,-54.65588488740078
0.3,-53,1770628429.16091,-54.63826656097435
0.3,-54,1770628429.16097,-54.63154697967097
0.3,-53,1770628429.16104,-54.614549150745376
0.3,-53,1770628429.1611,-54.59790176544786
0.3,-53,1770628429.16116,-54.58159409592596
0.3,-53,1770628429.16123,-54.56561584777524
0.3,-53,1770628429.16129,-54.54995713836696
0.3,-53,1770628429.16135,-54.534608476463134
0.3,-54,1770628429.16142,-54.5293663277536
0.3,-54,1770628429.16149,-54.524225959482656
0.3,-53,1770628429.16155,-54.50956735412963
0.3,-54,1770628429.16161,-54.50471345840507
0.3,-54,1770628429.26202,-54.499951137181924
0.3,-54,1770628429.36125,-54.49527782295383
0.3,-54,1770628429.4625,-54.490691043307145
0.3,-54,1770628429.56065,-54.4861884165589
0.3,-54,1770628429.66071,-54.481767647632694
0.3,-53,1770628429.76128,-54.46841570017094
0.3,-53,1770628429.86149,-54.4553021558324
0.3,-53,1770628429.9621,-54.44242068533773
0.3,-53,1770628430.06273,-54.42976518148732
0.3,-54,1770628430.16147,-54.426027283997804
0.3,-53,1770628430.26177,-54.413731237113815
0.3,-53,1770628430.36239,-54.40164535549116
0.3,-54,1770628430.46083,-54.39824080500061
0.3,-54,1770628430.56243,-54.394893467207524
0.3,-54,1770628430.66237,-54.391601911795995
0.3,-54,1770628430.76171,-54.38836475573323
0.3,-54,1770628430.86217,-54.38518066133174
0.3,-54,1770628430.96168,-54.38204833440601
0.3,-53,1770628431.06157,-54.37089997279144
0.3,-54,1770628431.16239,-54.3679320125197
0.3,-54,1770628431.26167,-54.3650111566013
0.3,-54,1770628431.36159,-54.362136292336096
0.3,-54,1770628431.46168,-54.35930634179582
0.3,-54,1770628431.56109,-54.356520260476294
0.3,-54,1770628431.66167,-54.3537770360119
0.3,-53,1770628431.76139,-54.34343994808515
0.3,-53,1770628431.86144,-54.33325946034534
0.3,-53,1770628431.96107,-54.3232320404609
0.3,-53,1770628432.06253,-54.31335426154291
0.3,-53,1770628432.16229,-54.30362279823981
0.3,-53,1770628432.26159,-54.2940344230044
0.3,-53,1770628432.3613,-54.28458600252436
0.3,-53,1770628432.46071,-54.27527449430792
0.3,-53,1770628432.56252,-54.26609694341699
0.3,-53,1770628432.66236,-54.25705047934017
0.3,-54,1770628432.76163,-54.25522683027395
0.3,-54,1770628432.86154,-54.25342886216192
0.3,-54,1770628432.96158,-54.25165603624331
0.3,-54,1770628433.06357,-54.24990782872292
0.3,-53,1770628433.16215,-54.24128479284808
0.3,-53,1770628433.26154,-54.23277986011756
0.3,-54,1770628433.36233,-54.23119576052081
0.3,-54,1770628433.46162,-54.22963306383249
0.3,-53,1770628433.56157,-54.22137747708126
0.3,-54,1770628433.66264,-54.219901080568675
0.3,-54,1770628433.76203,-54.21844423532223
0.3,-54,1770628433.86327,-54.21700655546202
0.3,-53,1770628433.96158,-54.20904919790231
0.3,-53,1770628434.06198,-54.20119516255822
0.3,-53,1770628434.16106,-54.19344244964674
0.3,-53,1770628434.26248,-54.185789110661304
0.3,-53,1770628434.36159,-54.17823324673879
0.3,-53,1770628434.46314,-54.17077300708853
0.3,-54,1770628434.56464,-54.169698515602725
0.3,-54,1770628434.66164,-54.16863745244139
0.3,-54,1770628434.7619,-54.167589567387516
0.3,-54,1770628434.86166,-54.1665546164023
0.3,-53,1770628434.96281,-54.15939470527949
0.3,-54,1770628435.06213,-54.1584223554134
0.3,-54,1770628435.16265,-54.157461788974985
0.3,-54,1770628435.26261,-54.15651279301092
0.3,-53,1770628435.36169,-54.14958438201818
0.3,-54,1770628435.46301,-54.14869358438144
0.3,-54,1770628435.56173,-54.14781332625915
0.3,-53,1770628435.6628,-54.141058264880755
0.3,-54,1770628435.76261,-54.140232964885136
0.3,-53,1770628435.86176,-54.133600468324076
0.3,-53,1770628435.96351,-54.12704462919979
0.3,-53,1770628436.06249,-54.12056412583348
0.3,-53,1770628436.16158,-54.114157666756164
0.3,-53,1770628436.26206,-54.10782398985039
0.3,-53,1770628436.36302,-54.101561861521105
0.3,-53,1770628436.46246,-54.09537007589449
0.3,-53,1770628436.56162,-54.089247454043615
0.3,-54,1770628436.66168,-54.08875136970809
0.3,-54,1770628436.76151,-54.08826076549395
0.3,-54,1770628436.86343,-54.0877755510696
0.3,-54,1770628436.96249,-54.087295638077904
0.3,-54,1770628437.0634,-54.086820940082546
0.3,-54,1770628437.16226,-54.086351372516084
0.3,-54,1770628437.26162,-54.08588685262974
0.3,-53,1770628437.36147,-54.08007661804354
0.3,-53,1770628437.46173,-54.074328176534145
0.3,-54,1770628437.56133,-54.073934673764704
0.3,-54,1770628437.66172,-54.07354531190239
0.3,-54,1770628437.7613,-54.073160025906844
0.3,-54,1770628437.86195,-54.0727787520927
0.3,-54,1770628437.96234,-54.0724014280945
0.3,-54,1770628438.06233,-54.07202799283267
0.3,-54,1770628438.16319,-54.07165838648056
0.3,-53,1770628438.26297,-54.066187271537935
0.3,-53,1770628438.36256,-54.06077168321315
0.3,-53,1770628438.4616,-54.05541078019458
0.3,-54,1770628438.56251,-54.05513215186375
0.3,-54,1770628438.66254,-54.05485630890121
0.3,-54,1770628438.76234,-54.05458320973432
0.3,-54,1770628438.86256,-54.054312813613684
0.3,-54,1770628438.96181,-54.05404508059284
0.3,-54,1770628439.0622,-54.0537799715086
0.3,-54,1770628439.16264,-54.05351744796191
0.3,-53,1770628439.26262,-54.04839969838732
0.3,-53,1770628439.36262,-54.04333137826978
0.3,-53,1770628439.46448,-54.03831177468509
0.3,-54,1770628439.56313,-54.03812833238962
0.3,-53,1770628439.66276,-54.033181260042106
0.3,-53,1770628439.76327,-54.02828106223024
0.3,-53,1770628439.86666,-54.02342707563576
0.3,-53,1770628439.96357,-54.01861864939706
0.3,-53,1770628440.06415,-54.0138551448182
0.3,-53,1770628440.16253,-54.00913593508593
0.3,-53,1770628440.26317,-54.004460404994646
0.3,-53,1770628440.36331,-53.99982795067894
0.3,-53,1770628440.46421,-53.995237979353504
0.3,-55,1770628440.56376,-53.99982957291485
0.3,-53,1770628440.66426,-53.995281255094554
0.3,-53,1770628440.76322,-53.990774082006844
0.3,-53,1770628440.864,-53.98630749764238
0.3,-53,1770628440.96417,-53.98188095596508
0.3,-53,1770628441.06397,-53.97749392068951
0.3,-54,1770628441.16272,-53.977594031475554
0.3,-54,1770628441.26433,-53.9776932566972
0.3,-54,1770628441.36335,-53.97779160805793
0.3,-54,1770628441.46409,-53.9778890970559
0.3,-53,1770628441.56256,-53.97361513407828
0.3,-53,1770628441.66375,-53.96937831984238
0.3,-53,1770628441.76347,-53.96517817189752
0.3,-53,1770628441.86455,-53.961014216111145
0.3,-54,1770628441.96226,-53.96118168737759
0.3,-54,1770628442.06276,-53.96134772790972
0.3,-54,1770628442.16418,-53.961512355972204
0.3,-54,1770628442.26352,-53.96167558952015
0.3,-54,1770628442.36386,-53.96183744620562
0.3,-54,1770628442.46454,-53.961997943384006
0.3,-54,1770628442.56255,-53.96215709812022
0.3,-54,1770628442.66354,-53.96231492719479
0.3,-54,1770628442.76257,-53.96247144710969
0.3,-54,1770628442.86349,-53.96262667409417
0.3,-54,1770628442.96299,-53.9627806241103
0.3,-54,1770628443.06446,-53.9629333128585
0.3,-54,1770628443.1625,-53.96308475578285
0.3,-54,1770628443.26543,-53.9632349680763
0.3,-53,1770628443.36343,-53.95933129284859
0.3,-54,1770628443.46534,-53.95949544653691
0.3,-54,1770628443.56394,-53.95965828239363
0.3,-54,1770628443.66669,-53.95981981623271
0.3,-54,1770628443.76476,-53.95998006361609
0.3,-54,1770628443.86678,-53.960139039858696
0.3,-54,1770628443.9657,-53.96029676003333
0.3,-54,1770628444.06646,-53.96045323897542
0.3,-54,1770628444.16699,-53.96060849128768
0.3,-54,1770628444.2662,-53.96076253134466
0.3,-54,1770628444.36659,-53.96091537329719
0.3,-54,1770628444.46731,-53.961067031076695
0.3,-53,1770628444.56632,-53.95735222564351
0.3,-53,1770628444.66733,-53.95366597975708
0.3,-53,1770628444.76629,-53.95000796514719
0.3,-53,1770628444.86653,-53.946377858555394
0.3,-53,1770628444.96591,-53.94277534163972
0.3,-53,1770628445.06722,-53.93920010088154
0.3,-53,1770628445.1672,-53.93565182749461
0.3,-53,1770628445.26747,-53.932130217336066
0.3,-53,1770628445.36735,-53.9286349708195
0.3,-53,1770628445.46654,-53.92516579282995
0.3,-54,1770628445.56738,-53.92544432033834
0.3,-53,1770628445.66646,-53.922012609967155
0.3,-53,1770628445.76703,-53.9186062105798
0.3,-53,1770628445.86573,-53.91522484301144
0.3,-53,1770628445.96747,-53.91186823218754
0.3,-53,1770628446.06774,-53.908536107049265
0.3,-53,1770628446.1681,-53.905228200480465
0.3,-53,1770628446.2675,-53.90194424923622
0.3,-53,1770628446.36951,-53.89868399387299
0.3,-54,1770628446.47027,-53.89904890655658
0.3,-54,1770628446.56865,-53.89941120505283
0.3,-53,1770628446.67045,-53.89619484989529
0.3,-53,1770628446.77,-53.893001372082885
0.3,-54,1770628446.86985,-53.893381299764
0.3,-54,1770628446.97017,-53.893758544211956
0.3,-54,1770628447.06919,-53.89413313377071
0.3,-54,1770628447.17035,-53.894505096386425
0.3,-54,1770628447.26921,-53.8948744596144
0.3,-54,1770628447.37025,-53.89524125062589
0.3,-53,1770628447.47031,-53.89212850177708
0.3,-53,1770628447.57134,-53.88903727964899
0.3,-53,1770628447.67043,-53.885967361551785
0.3,-53,1770628447.77235,-53.88291852785668
0.3,-53,1770628447.86996,-53.8798905619435
0.3,-53,1770628447.97139,-53.876883250149326
0.3,-53,1770628448.06946,-53.87389638171823
0.3,-54,1770628448.16977,-53.87432446811266
0.3,-53,1770628448.2711,-53.871366380223165
0.3,-53,1770628448.37125,-53.868428197669076
0.3,-54,1770628448.47052,-53.86887036359589
0.3,-54,1770628448.57132,-53.86930957406533
0.3,-53,1770628448.67049,-53.866407553140334
0.3,-54,1770628448.77118,-53.866852048335964
0.3,-54,1770628448.86995,-53.86729360206245
0.3,-54,1770628448.97083,-53.86773224344319
0.3,-53,1770628449.07109,-53.864873488734496
0.3,-54,1770628449.17127,-53.86531720960296
0.3,-54,1770628449.27061,-53.86575803256804
0.3,-54,1770628449.37138,-53.86619598594793
0.3,-54,1770628449.47162,-53.866631097693094
0.3,-54,1770628449.57109,-53.86706339539215
0.3,-54,1770628449.67162,-53.867492906277754
0.3,-54,1770628449.77061,-53.867919657232285
0.3,-53,1770628449.8712,-53.86513337451479
0.3,-53,1770628449.97016,-53.862364881178166
0.3,-53,1770628450.07112,-53.859614007260554
0.3,-54,1770628450.17057,-53.860060410181205
0.3,-54,1770628450.2717,-53.86050399008682
0.3,-54,1770628450.37165,-53.86094477369356
0.3,-54,1770628450.4727,-53.86138278738155
0.3,-54,1770628450.5713,-53.86181805720012
0.3,-54,1770628450.67212,-53.862250608872976
0.3,-54,1770628450.77153,-53.8626804678033
0.3,-54,1770628450.87227,-53.86310765907869
0.3,-54,1770628450.97225,-53.86353220747607
0.3,-54,1770628451.07178,-53.863954137466465
0.3,-54,1770628451.17159,-53.86437347321973
0.3,-54,1770628451.2726,-53.86479023860915
0.3,-54,1770628451.37152,-53.865204457215995
0.3,-54,1770628451.47335,-53.865616152333935
0.3,-53,1770628451.57233,-53.86298037805327
0.3,-54,1770628451.67161,-53.86339633878624
0.3,-54,1770628451.7718,-53.8638097884255
0.3,-54,1770628451.87231,-53.8642207496616
0.3,-54,1770628451.97215,-53.86462924491253
0.3,-54,1770628452.07241,-53.8650352963278
0.3,-54,1770628452.17199,-53.86543892579243
0.3,-54,1770628452.2715,-53.865840154930936
0.3,-54,1770628452.37285,-53.86623900511114
0.3,-54,1770628452.47287,-53.866635497447994
0.3,-54,1770628452.57253,-53.86702965280731
0.3,-53,1770628452.67685,-53.864474676896286
0.3,-53,1770628452.77455,-53.86193467185438
0.3,-53,1770628452.87418,-53.85940950635857
0.3,-54,1770628452.97546,-53.85982019091502
0.3,-54,1770628453.07533,-53.86022849009366
0.3,-53,1770628453.17491,-53.857730152203594
0.3,-53,1770628453.27598,-53.85524624135887
0.3,-54,1770628453.37515,-53.85566423222464
0.3,-53,1770628453.47656,-53.85320048835127
0.3,-54,1770628453.57408,-53.8536219670468
0.3,-54,1770628453.67454,-53.854041039718254
0.3,-54,1770628453.77545,-53.85445772692988
0.3,-54,1770628453.87541,-53.854872049012236
0.3,-54,1770628453.9745,-53.855284026065505
0.3,-54,1770628454.07563,-53.85569367796275
0.3,-54,1770628454.17515,-53.8561010243531
0.3,-54,1770628454.27549,-53.856506084664936
0.3,-53,1770628454.37568,-53.85410183613055
0.3,-53,1770628454.47459,-53.851711005000524
0.3,-54,1770628454.57531,-53.85212494930391
0.3,-54,1770628454.67525,-53.852536596366804
0.3,-54,1770628454.77544,-53.85294596527979
0.3,-54,1770628454.87451,-53.85335307492249
0.3,-53,1770628454.9755,-53.85099710159774
0.3,-54,1770628455.0753,-53.85140734991142
0.3,-54,1770628455.17548,-53.85181535275094
0.3,-54,1770628455.27421,-53.85222112852175
0.3,-53,1770628455.37457,-53.84989381175826
0.3,-54,1770628455.47571,-53.85030262535904
0.3,-54,1770628455.57554,-53.85070922564791
0.3,-53,1770628455.6768,-53.84840478989095
0.3,-53,1770628455.77632,-53.846112762913585
0.3,-54,1770628455.8769,-53.8465273879624
0.3,-54,1770628455.97736,-53.84693979236295
0.3,-53,1770628456.07749,-53.84466999256603
0.3,-53,1770628456.17717,-53.84241228437607
0.3,-54,1770628456.27667,-53.8428323836521
0.3,-54,1770628456.37741,-53.84325025688816
0.3,-54,1770628456.47694,-53.84366592175116
0.3,-53,1770628456.57705,-53.84143458548554
0.3,-53,1770628456.67645,-53.839214979157695
0.3,-54,1770628456.77625,-53.839638003425044
0.3,-53,1770628456.87739,-53.837434676765106
0.3,-53,1770628456.97668,-53.83524284185701
0.3,-53,1770628457.07669,-53.83306240892185
0.3,-54,1770628457.17723,-53.83349707939994
0.3,-54,1770628457.27684,-53.833929500457046
0.3,-54,1770628457.37733,-53.83435968953045
0.3,-53,1770628457.47715,-53.832203906662926
0.3,-54,1770628457.57723,-53.83263634208972
0.3,-54,1770628457.67831,-53.83306656267067
0.3,-54,1770628457.77729,-53.8334945853994
0.3,-54,1770628457.87764,-53.833920427096125
0.3,-54,1770628457.97713,-53.83434410440986
0.3,-53,1770628458.07678,-53.83222102525572
0.3,-53,1770628458.17726,-53.83010868208806
0.3,-54,1770628458.27686,-53.830538816887504
0.3,-54,1770628458.37605,-53.83096678756715
0.3,-54,1770628458.47729,-53.83139261043937
0.3,-53,1770628458.57743,-53.82930341526794
0.3,-53,1770628458.67718,-53.827224652340426
0.3,-53,1770628458.7773,-53.82515624361054
0.3,-53,1770628458.87747,-53.823098111808555
0.3,-54,1770628458.97707,-53.8235382573055
0.3,-53,1770628459.08077,-53.82149427532239
0.3,-53,1770628459.17743,-53.819460373476
0.3,-53,1770628459.27733,-53.81743647728297
0.3,-53,1770628459.37752,-53.81542251299196
0.3,-53,1770628459.47763,-53.81341840757469
0.3,-54,1770628459.57816,-53.81387586364501
0.3,-54,1770628459.67832,-53.81433109130369
0.3,-53,1770628459.77787,-53.81234419635478
0.3,-54,1770628459.87836,-53.81280095462395
0.3,-54,1770628459.97848,-53.81325550408769
0.3,-53,1770628460.07743,-53.81128553145179
0.3,-54,1770628460.17824,-53.811741564788285
0.3,-54,1770628460.2794,-53.81219540877321
0.3,-54,1770628460.37834,-53.8126470791572
0.3,-54,1770628460.47751,-53.813096591540166
0.3,-54,1770628460.57801,-53.81354396137309
0.3,-53,1770628460.6776,-53.8116012813696
0.3,-53,1770628460.77833,-53.80966781681587
0.3,-53,1770628460.87694,-53.807743502199635
0.3,-54,1770628460.97815,-53.8081993589523
0.3,-54,1770628461.07683,-53.80865306861183
0.3,-54,1770628461.17838,-53.809104646334085
0.3,-54,1770628461.27835,-53.8095541071326
0.3,-54,1770628461.37745,-53.810001465880276
0.3,-54,1770628461.4783,-53.810446737311025
0.3,-54,1770628461.57823,-53.81088993602136
0.3,-53,1770628461.67832,-53.80899835846966
0.3,-53,1770628461.77781,-53.80711554515171
0.3,-54,1770628461.87754,-53.807563419904625
0.3,-54,1770628461.97746,-53.80800922913654
0.3,-53,1770628462.07742,-53.806141636498175
0.3,-54,1770628462.17824,-53.80658868752709
0.3,-54,1770628462.27945,-53.807033691063715
0.3,-54,1770628462.37744,-53.80747666116396
0.3,-53,1770628462.47833,-53.80562723701913
0.3,-53,1770628462.57791,-53.80378622516636
0.3,-53,1770628462.67797,-53.801953568249544
0.3,-53,1770628462.77752,-53.800129209432804
0.3,-54,1770628462.87834,-53.800582872096165
0.3,-54,1770628462.97746,-53.801034489920525
0.3,-53,1770628463.07843,-53.79922445493376
0.3,-53,1770628463.1775,-53.797422541712734
0.3,-54,1770628463.2769,-53.797878250902734
0.3,-54,1770628463.3777,-53.79833192446936
0.3,-53,1770628463.47832,-53.79654399710529
0.3,-54,1770628463.57842,-53.79699864481494
0.3,-54,1770628463.67826,-53.79745127522638
0.3,-54,1770628463.77672,-53.79790190175832
0.3,-54,1770628463.87771,-53.798350537710746
0.3,-54,1770628463.97817,-53.79879719626619
0.3,-54,1770628464.07839,-53.799241890491054
0.3,-54,1770628464.17845,-53.799684633336845
0.3,-54,1770628464.27825,-53.800125437641476
0.3,-54,1770628464.3782,-53.8005643161305
0.3,-54,1770628464.47862,-53.80100128141831
0.3,-54,1770628464.57754,-53.80143634600939
0.3,-54,1770628464.67786,-53.80186952229947
0.3,-54,1770628464.77798,-53.80230082257674
0.3,-54,1770628464.87848,-53.802730259022994
0.3,-54,1770628464.97756,-53.80315784371478
0.3,-54,1770628465.07728,-53.803583588624534
0.3,-54,1770628465.17766,-53.80400750562172
0.3,-54,1770628465.27928,-53.804429606473896
0.3,-54,1770628465.37759,-53.80484990284784
0.3,-54,1770628465.47852,-53.80526840631062
0.3,-54,1770628465.57825,-53.80568512833063
0.3,-54,1770628465.6778,-53.80610008027868
0.3,-54,1770628465.77745,-53.806513273429005
0.3,-54,1770628465.87921,-53.806924718960296
0.3,-54,1770628465.9783,-53.807334427956704
0.3,-54,1770628466.07839,-53.80774241140885
0.3,-54,1770628466.1785,-53.808148680214806
0.3,-54,1770628466.27854,-53.80855324518105
0.3,-54,1770628466.3793,-53.808956117023456
0.3,-54,1770628466.47856,-53.809357306368206
0.3,-54,1770628466.57896,-53.80975682375276
0.3,-54,1770628466.67894,-53.810154679626756
0.3,-54,1770628466.7781,-53.81055088435294
0.3,-54,1770628466.87853,-53.81094544820806
0.3,-54,1770628466.97952,-53.81133838138375
0.3,-54,1770628467.07777,-53.811729693987424
0.3,-54,1770628467.1787,-53.81211939604312
0.3,-54,1770628467.28033,-53.812507497492405
0.3,-54,1770628467.37941,-53.81289400819515
0.3,-54,1770628467.4791,-53.813278937930434
0.3,-54,1770628467.57955,-53.81366229639733
0.3,-54,1770628467.68643,-53.81404409321575
0.3,-54,1770628467.77976,-53.81442433792722
0.3,-54,1770628467.88062,-53.8148030399957
0.3,-54,1770628467.97971,-53.815180208808364
0.3,-54,1770628468.0802,-53.81555585367637
0.3,-54,1770628468.18053,-53.815929983835645
0.3,-54,1770628468.27956,-53.81630260844762
0.3,-54,1770628468.38068,-53.8166737366
0.3,-53,1770628468.48037,-53.815027077511495
0.3,-50,1770628468.58165,-53.80735012785787
0.3,-53,1770628468.67946,-53.80572872585181
0.3,-54,1770628468.7811,-53.806118108726885
0.3,-54,1770628468.88235,-53.80650594347953
0.3,-54,1770628468.98258,-53.80689223934296
0.3,-54,1770628469.08135,-53.80727700547712
0.3,-54,1770628469.18168,-53.80766025096939
0.3,-54,1770628469.28198,-53.80804198483532
0.3,-54,1770628469.38206,-53.80842221601933
0.3,-54,1770628469.48191,-53.80880095339542
0.3,-53,1770628469.58191,-53.807205118667696
0.3,-54,1770628469.68182,-53.807584780276365
0.3,-54,1770628469.78178,-53.80796295910846
0.3,-54,1770628469.88244,-53.80833966385201
0.3,-54,1770628469.98255,-53.80871490312731
0.3,-54,1770628470.08343,-53.80908868548755
0.3,-54,1770628470.18351,-53.80946101941951
0.3,-54,1770628470.28197,-53.809831913344155
0.3,-54,1770628470.38382,-53.81020137561732
0.3,-54,1770628470.48247,-53.8105694145303
0.3,-54,1770628470.58481,-53.8109360383105
0.3,-53,1770628470.68363,-53.80936954477242
0.35,-54,1770628497.97493,-54.0
0.35,-54,1770628497.97508,-54.0
0.35,-53,1770628497.97519,-53.95652161389417
0.35,-54,1770628497.97529,-53.95833322031255
0.35,-54,1770628497.97539,-53.959999899600064
0.35,-54,1770628497.97549,-53.96153837403854
0.35,-54,1770628497.97559,-53.962962888546045
0.35,-54,1770628497.97569,-53.964285653061324
0.35,-53,1770628497.97579,-53.93103412300877
0.35,-54,1770628497.97589,-53.93333300888941
0.35,-54,1770628497.976,-53.93548358121807
0.35,-54,1770628497.9761,-53.93749974433658
0.35,-54,1770628497.97621,-53.93939371721831
0.35,-54,1770628497.97632,-53.94117628131558
0.35,-54,1770628497.97643,-53.942856985919065
0.35,-54,1770628497.97653,-53.9444443192908
0.35,-54,1770628497.97663,-53.94594585204593
0.35,-54,1770628497.97673,-53.94736835789532
0.35,-54,1770628497.97683,-53.948717915812466
0.35,-54,1770628497.97693,-53.9499999968754
0.35,-54,1770628497.97703,-53.95121953840003
0.35,-54,1770628497.97714,-53.95238100748311
0.35,-54,1770628497.97724,-53.95348845567869
0.35,-54,1770628497.97734,-53.95454556621875
0.35,-54,1770628497.97744,-53.955555694937786
0.35,-54,1770628497.97754,-53.95652190585937
0.35,-54,1770628497.97764,-53.9574470022398
0.35,-54,1770628497.97774,-53.95833355373129
0.35,-54,1770628497.97784,-53.959183920219054
0.35,-54,1770628497.97795,-53.96000027279794
0.35,-54,1770628497.97805,-53.96078461228128
0.35,-54,1770628497.97815,-53.961538785574035
0.35,-54,1770628497.97825,-53.96226450019245
0.35,-54,1770628497.97841,-53.962963337170365
0.35,-53,1770628497.97851,-53.94545409339161
0.35,-54,1770628497.9786,-53.94642817484364
0.35,-53,1770628497.9787,-53.92982333217524
0.35,-54,1770628497.9788,-53.93103333824007
0.35,-54,1770628497.97889,-53.93220232836588
0.35,-54,1770628497.97899,-53.9333323533454
0.35,-54,1770628497.97909,-53.93442532949341
0.35,-53,1770628497.97925,-53.91935304090539
0.35,-54,1770628497.97933,-53.92063323153061
0.35,-53,1770628497.97942,-53.906247405945244
0.35,-53,1770628497.97956,-53.89230420543596
0.35,-54,1770628497.97969,-53.893936072630744
0.35,-54,1770628497.97975,-53.89551922920289
0.35,-54,1770628497.97981,-53.89705582414654
0.35,-54,1770628497.97988,-53.8985478818767
0.35,-54,1770628497.97994,-53.89999731112771
0.35,-54,1770628497.98,-53.90140591309978
0.35,-54,1770628497.98007,-53.9027753889266
0.35,-54,1770628497.98014,-53.90410734652922
0.35,-54,1770628497.98021,-53.90540330691419
0.35,-54,1770628497.98027,-53.90666470996783
0.35,-54,1770628497.98033,-53.9078929197931
0.35,-54,1770628497.9804,-53.90908922963058
0.35,-54,1770628497.98046,-53.91025486640093
0.35,-54,1770628497.98052,-53.91139099490234
0.35,-54,1770628497.98059,-53.912498721693176
0.35,-54,1770628497.98065,-53.91357909868703
0.35,-54,1770628497.98071,-53.91463312648472
0.35,-54,1770628497.98078,-53.91566175746541
0.35,-54,1770628497.98084,-53.91666589865692
0.35,-54,1770628497.98099,-53.91764641440351
0.35,-54,1770628497.98113,-53.91860412884739
0.35,-54,1770628497.98119,-53.91953982823927
0.35,-54,1770628497.98126,-53.92045426309123
0.35,-54,1770628497.98132,-53.9213481501845
0.35,-54,1770628497.98138,-53.92222217444342
0.35,-54,1770628497.98145,-53.923076990685814
0.35,-54,1770628497.98151,-53.9239132252592
0.35,-53,1770628497.98158,-53.91397727863167
0.35,-53,1770628497.98164,-53.9042527197787
0.35,-53,1770628497.98171,-53.89473287330565
0.35,-54,1770628497.98177,-53.89582957026463
0.35,-54,1770628497.98184,-53.89690365666182
0.35,-53,1770628497.9819,-53.88775014751495
0.35,-53,1770628497.98196,-53.878781542871465
0.35,-53,1770628497.98203,-53.86999229560322
0.35,-54,1770628497.98209,-53.871279714622936
0.35,-54,1770628497.98215,-53.872541892286755
0.35,-54,1770628497.98222,-53.8737795637789
0.35,-55,1770628497.98228,-53.88461051755736
0.35,-55,1770628497.98235,-53.89523518610445
0.35,-54,1770628497.98241,-53.896223714720726
0.35,-55,1770628497.98248,-53.90654130985153
0.35,-55,1770628497.98254,-53.91666785667438
0.35,-55,1770628497.9826,-53.926608613393505
0.35,-55,1770628497.98268,-53.9363686470059
0.35,-55,1770628497.98274,-53.94595284191429
0.35,-55,1770628497.98282,-53.95536590807863
0.35,-55,1770628497.98297,-53.96461238873482
0.35,-55,1770628497.98308,-53.97369666770713
0.35,-54,1770628497.98318,-53.97392544184701
0.35,-55,1770628497.98329,-53.982772860837585
0.35,-54,1770628497.98339,-53.9829201343498
0.35,-54,1770628497.98348,-53.983064911985544
0.35,-54,1770628497.98358,-53.98320725666602
0.35,-54,1770628497.98368,-53.983347229215035
0.35,-54,1770628497.98378,-53.98348488844571
0.35,-54,1770628497.98389,-53.98362029124286
0.35,-54,1770628497.98398,-53.983753492641384
0.35,-54,1770628497.98408,-53.983884545900885
0.35,-54,1770628497.98417,-53.98401350257664
0.35,-54,1770628497.98423,-53.98414041258725
0.35,-54,1770628497.9843,-53.9842653242791
0.35,-54,1770628497.98436,-53.98438828448773
0.35,-55,1770628497.98443,-53.99226339410683
0.35,-55,1770628497.98449,-54.00001736496744
0.35,-55,1770628497.98457,-54.00765297123685
0.35,-53,1770628497.98463,-54.00001705216634
0.35,-54,1770628497.9847,-54.000016923917315
0.35,-54,1770628497.98476,-54.00001679758217
0.35,-55,1770628497.98482,-54.00742629867643
0.35,-60,1770628497.98489,-54.051502733479296
0.35,-64,1770628497.98495,-54.12414190261393
0.35,-64,1770628497.98501,-54.19572849443216
0.35,-63,1770628497.98508,-54.259088696616544
0.35,-66,1770628497.98515,-54.342979375673465
0.35,-67,1770628497.98522,-54.43277482714257
0.35,-67,1770628497.98529,-54.521305762911545
0.35,-67,1770628497.98536,-54.608598711256825
0.35,-68,1770628497.98543,-54.70162627694154
0.35,-69,1770628497.98551,-54.8002698622784
0.35,-69,1770628497.98558,-54.89756240167683
0.35,-67,1770628497.98565,-54.97992118696644
0.35,-66,1770628497.98574,-55.05440802282979
0.35,-64,1770628497.9858,-55.11446749323669
0.35,-63,1770628497.98587,-55.16705718233414
0.35,-61,1770628497.98593,-55.20570044408956
0.35,-62,1770628497.98599,-55.25041678838376
0.35,-63,1770628497.98606,-55.30108718475655
0.35,-63,1770628497.98612,-55.35109965196375
0.35,-64,1770628497.98618,-55.40692109005174
0.35,-65,1770628497.98625,-55.46843983763242
0.35,-62,1770628497.98631,-55.510059025517386
0.35,-60,1770628497.98638,-55.53848806176967
0.35,-58,1770628497.98644,-55.553975717956824
0.35,-58,1770628497.9865,-55.56926981907604
0.35,-58,1770628497.98658,-55.584373971740284
0.35,-58,1770628497.98664,-55.599291693510395
0.35,-58,1770628497.9867,-55.614026415626775
0.35,-58,1770628497.98677,-55.6285814856411
0.35,-58,1770628497.98683,-55.64296016995233
0.35,-58,1770628497.98689,-55.657165656251074
0.35,-58,1770628497.98696,-55.67120105587612
0.35,-59,1770628497.98702,-55.691024557451726
0.35,-59,1770628497.98708,-55.710613516329
0.35,-61,1770628497.98714,-55.74174238505166
0.35,-62,1770628497.98721,-55.77835803452518
0.35,-61,1770628497.98727,-55.80873123320093
0.35,-60,1770628497.98733,-55.83297018204542
0.35,-63,1770628497.9874,-55.874180582821324
0.35,-72,1770628497.98747,-55.96637468381263
0.35,-74,1770628497.98753,-56.06889083534184
0.35,-64,1770628497.98759,-56.11372252687197
0.35,-66,1770628497.98766,-56.16929245253577
0.35,-63,1770628497.98772,-56.207473009232935
0.35,-62,1770628497.98778,-56.23967092382889
0.35,-61,1770628497.98785,-56.265985306504284
0.35,-60,1770628497.98791,-56.286513088921325
0.35,-58,1770628497.98797,-56.29588158185246
0.35,-57,1770628497.98804,-56.299710451300584
0.35,-57,1770628497.9881,-56.30349793919104
0.35,-57,1770628497.98816,-56.30724471296772
0.35,-57,1770628497.98823,-56.31095142579765
0.35,-57,1770628497.98829,-56.31461871695067
0.35,-57,1770628497.98835,-56.31824721216714
0.35,-57,1770628497.98841,-56.32183752401392
0.35,-58,1770628497.98848,-56.33062900893016
0.35,-58,1770628497.98855,-56.33932894358844
0.35,-60,1770628497.98861,-56.35830782134308
0.35,-60,1770628497.98868,-56.37709110101078
0.35,-60,1770628497.98874,-56.39568179179014
0.35,-60,1770628497.98881,-56.41408284146761
0.35,-61,1770628497.98888,-56.43737653487886
0.35,-61,1770628497.98894,-56.46043501418582
0.35,-63,1770628497.989,-56.49331865289129
0.35,-70,1770628497.98907,-56.560896697117556
0.35,-67,1770628497.98913,-56.612867208298425
0.35,-70,1770628497.98919,-56.67918483217851
0.35,-70,1770628497.98925,-56.74484930153096
0.35,-66,1770628497.98932,-56.79024889200835
0.35,-65,1770628497.98938,-56.830324275423685
0.35,-68,1770628497.98944,-56.88458403476451
0.35,-66,1770628497.98951,-56.92865105060536
0.35,-66,1770628497.98957,-56.97229449568204
0.35,-66,1770628497.98963,-57.01552044995191
0.35,-65,1770628497.98969,-57.05356950107488
0.35,-65,1770628497.98976,-57.0912580295538
0.35,-70,1770628497.98982,-57.15219356826763
0.35,-61,1770628497.98999,-57.170271938332505
0.35,-58,1770628497.99005,-57.17415210823054
0.35,-60,1770628497.99012,-57.1873056331112
0.35,-59,1770628497.99018,-57.1957042113047
0.35,-57,1770628497.99024,-57.194801646291936
0.35,-57,1770628497.9903,-57.19390735845969
0.35,-58,1770628497.99037,-57.19759106634941
0.35,-61,1770628497.99044,-57.214888578626976
0.35,-69,1770628497.9905,-57.26825795212034
0.35,-77,1770628497.99057,-57.35721212655349
0.35,-68,1770628497.99064,-57.40497688977089
0.35,-66,1770628497.9907,-57.44337937568309
0.35,-60,1770628497.99076,-57.45475164967077
0.35,-59,1770628497.99083,-57.46159480888919
0.35,-61,1770628497.99089,-57.47719578481972
0.35,-63,1770628497.99095,-57.501439442367605
0.35,-66,1770628497.99102,-57.53858325887577
0.35,-65,1770628497.99108,-57.571052594614585
0.35,-69,1770628497.99114,-57.62057223929201
0.35,-72,1770628497.99121,-57.682607729911574
0.35,-67,1770628497.99127,-57.722632460153406
0.35,-62,1770628497.99133,-57.74092837088321
0.35,-59,1770628497.9914,-57.74629101870758
0.35,-59,1770628497.99146,-57.75160824116371
0.35,-56,1770628497.99152,-57.74421061911013
0.35,-56,1770628497.99159,-57.736875133010805
0.35,-56,1770628497.99165,-57.729601002917406
0.35,-57,1770628497.99172,-57.726558100672285
0.35,-57,1770628497.99178,-57.72354043867447
0.35,-57,1770628497.99185,-57.7205477040287
0.35,-56,1770628497.99191,-57.71346034050487
0.35,-56,1770628497.99197,-57.7064310416994
0.35,-56,1770628497.99203,-57.69945909661659
0.35,-56,1770628497.9921,-57.69254380582163
0.35,-57,1770628497.99216,-57.68973715304376
0.35,-58,1770628497.99222,-57.69098948669893
0.35,-57,1770628497.99229,-57.6882115801321
0.35,-57,1770628497.99235,-57.68545588540139
0.35,-56,1770628497.99241,-57.67873391775195
0.35,-56,1770628497.99248,-57.67206527120489
0.35,-57,1770628497.99254,-57.66940607153777
0.35,-56,1770628497.99261,-57.6628265859288
0.35,-56,1770628497.99267,-57.6562986765459
0.35,-56,1770628497.99274,-57.64982173898097
0.35,-57,1770628497.9928,-57.647290484371915
0.35,-57,1770628497.99286,-57.64477884115478
0.35,-58,1770628497.99293,-57.64615187492682
0.35,-57,1770628497.99299,-57.643663893359374
0.35,-57,1770628497.99305,-57.64119496610838
0.35,-57,1770628497.99312,-57.63874487499495
0.35,-56,1770628497.99318,-57.63250676821838
0.35,-57,1770628497.99324,-57.6301081437766
0.35,-57,1770628497.99331,-57.62772761170963
0.35,-57,1770628497.99337,-57.62536496796841
0.35,-57,1770628497.99343,-57.6230200115608
0.35,-54,1770628497.9935,-57.60948519790983
0.35,-54,1770628497.99356,-57.5960509549777
0.35,-55,1770628497.99362,-57.586424341263026
0.35,-55,1770628497.99369,-57.576868729771085
0.35,-55,1770628497.99375,-57.56738333739029
0.35,-54,1770628497.99381,-57.55429986657465
0.35,-55,1770628497.99388,-57.544966010546275
0.35,-55,1770628497.99394,-57.53569999489942
0.35,-55,1770628497.994,-57.52650108223976
0.35,-55,1770628497.99407,-57.517368545821284
0.35,-55,1770628497.99413,-57.50830166935474
0.35,-54,1770628497.9942,-57.495710895190314
0.35,-55,1770628497.99427,-57.48678606462962
0.35,-55,1770628497.99433,-57.47792471475407
0.35,-55,1770628497.99439,-57.46912617023831
0.35,-55,1770628497.99446,-57.46038976530226
0.35,-55,1770628497.99452,-57.45171484354299
0.35,-55,1770628497.99459,-57.443100757770246
0.35,-55,1770628497.99465,-57.434546869845406
0.35,-55,1770628497.99472,-57.42605255052374
0.35,-55,1770628497.9948,-57.41761717930005
0.35,-55,1770628497.99486,-57.409240144257424
0.35,-55,1770628497.99493,-57.40092084191919
0.35,-55,1770628497.99499,-57.39265867710389
0.35,-55,1770628497.99505,-57.38445306278323
0.35,-54,1770628498.00136,-57.37288559513128
0.35,-54,1770628498.10236,-57.361396761807036
0.35,-54,1770628498.20319,-57.34998576314085
0.35,-55,1770628498.30316,-57.34203509416159
0.35,-55,1770628498.40332,-57.33413792620685
0.35,-55,1770628498.50442,-57.32629372067675
0.35,-54,1770628498.60516,-57.31515250907396
0.35,-55,1770628498.70529,-57.30742382273904
0.35,-55,1770628498.80498,-57.29974645154326
0.35,-54,1770628498.90619,-57.28880362197709
0.35,-54,1770628499.00555,-57.277932967779904
0.35,-55,1770628499.10665,-57.270428289180096
0.35,-55,1770628499.20565,-57.26297278394406
0.35,-55,1770628499.30468,-57.25556596998098
0.35,-55,1770628499.40539,-57.24820737148137
0.35,-55,1770628499.50544,-57.240896518815084
0.35,-55,1770628499.60524,-57.23363294843132
0.35,-55,1770628499.70554,-57.22641620276059
0.35,-55,1770628499.80523,-57.21924583011853
0.35,-55,1770628499.90584,-57.21212138461162
0.35,-55,1770628500.00519,-57.20504242604464
0.35,-55,1770628500.10559,-57.198008519829976
0.35,-55,1770628500.20428,-57.19101923689856
0.35,-55,1770628500.30565,-57.1840741536126
0.35,-55,1770628500.40528,-57.177172851679885
0.35,-55,1770628500.50553,-57.170314918069735
0.35,-55,1770628500.60424,-57.16349994493055
0.35,-55,1770628500.70533,-57.15672752950887
0.35,-55,1770628500.80443,-57.14999727406997
0.35,-55,1770628500.90437,-57.143308785819926
0.35,-55,1770628501.00533,-57.13666167682914
0.35,-55,1770628501.10635,-57.13005556395728
0.35,-55,1770628501.2067,-57.12349006877956
0.35,-55,1770628501.30696,-57.11696481751447
0.35,-55,1770628501.4076,-57.110479440952744
0.35,-55,1770628501.50675,-57.10403357438766
0.35,-55,1770628501.60734,-57.09762685754663
0.35,-55,1770628501.70636,-57.09125893452401
0.35,-55,1770628501.80728,-57.08492945371511
0.35,-55,1770628501.90664,-57.07863806775148
0.35,-55,1770628502.00763,-57.07238443343722
0.35,-55,1770628502.10819,-57.0661682116866
0.35,-55,1770628502.20747,-57.05998906746266
0.35,-55,1770628502.30841,-57.05384666971697
0.35,-55,1770628502.4091,-57.04774069133047
0.35,-55,1770628502.51008,-57.04167080905532
0.35,-55,1770628502.60967,-57.03563670345783
0.35,-55,1770628502.71114,-57.029638058862346
0.35,-55,1770628502.81247,-57.023674563296154
0.35,-55,1770628502.91318,-57.01774590843535
0.35,-55,1770628503.01228,-57.01185178955164
0.35,-55,1770628503.11258,-57.005991905460085
0.35,-55,1770628503.21339,-57.00016595846775
0.35,-55,1770628503.313,-56.994373654323226
0.35,-55,1770628503.41322,-56.98861470216707
0.35,-55,1770628503.51388,-56.98288881448304
0.35,-55,1770628503.61264,-56.977195707050214
0.35,-55,1770628503.71366,-56.971535098895906
0.35,-55,1770628503.81331,-56.9659067122494
0.35,-55,1770628503.91337,-56.96031027249647
0.35,-55,1770628504.01329,-56.95474550813467
0.35,-55,1770628504.11425,-56.94921215072938
0.35,-55,1770628504.21452,-56.94370993487058
0.35,-55,1770628504.31411,-56.93823859813041
0.35,-55,1770628504.4138,-56.93279788102136
0.35,-55,1770628504.51287,-56.92738752695523
0.35,-55,1770628504.61317,-56.92200728220275
0.35,-55,1770628504.7127,-56.91665689585385
0.35,-55,1770628504.81262,-56.91133611977864
0.35,-55,1770628504.91256,-56.906044708589
0.35,-55,1770628505.01245,-56.90078241960081
0.35,-55,1770628505.11252,-56.8955490127968
0.35,-55,1770628505.2145,-56.89034425079004
0.35,-55,1770628505.31355,-56.88516789878798
0.35,-55,1770628505.41507,-56.88001972455713
0.35,-55,1770628505.51479,-56.87489949838828
0.35,-55,1770628505.61428,-56.86980699306229
0.35,-55,1770628505.71461,-56.864741983816444
0.35,-55,1770628505.81534,-56.85970424831134
0.35,-55,1770628505.91562,-56.85469356659833
0.35,-55,1770628506.01481,-56.849709721087464
0.35,-55,1770628506.11515,-56.844752496515966
0.35,-55,1770628506.21614,-56.839821679917186
0.35,-55,1770628506.31437,-56.83491706059008
0.35,-55,1770628506.41485,-56.830038430069166
0.35,-55,1770628506.51441,-56.825185582094946
0.35,-55,1770628506.61537,-56.8203583125848
0.35,-55,1770628506.71479,-56.815556419604356
0.35,-55,1770628506.81555,-56.81077970333928
0.35,-55,1770628506.91586,-56.80602796606754
0.35,-55,1770628507.01532,-56.801301012132086
0.35,-55,1770628507.11528,-56.79659864791397
0.35,-55,1770628507.2154,-56.791920681805856
0.35,-55,1770628507.31462,-56.787266924186
0.35,-59,1770628507.41571,-56.79299878863027
0.35,-55,1770628507.51647,-56.788366115074105
0.35,-55,1770628507.61582,-56.78375723027316
0.35,-55,1770628507.71502,-56.77917195123787
0.35,-55,1770628507.81549,-56.774610096850694
0.35,-55,1770628507.91483,-56.77007148784222
0.35,-55,1770628508.01542,-56.76555594676768
0.35,-55,1770628508.11523,-56.761063297983746
0.35,-55,1770628508.21529,-56.7565933676258
0.35,-55,1770628508.31527,-56.7521459835854
0.35,-55,1770628508.41511,-56.747720975488214
0.35,-55,1770628508.51472,-56.743318174672204
0.35,-55,1770628508.6158,-56.738937414166195
0.35,-55,1770628508.71694,-56.734578528668706
0.35,-55,1770628508.81564,-56.73024135452717
0.35,-55,1770628508.9163,-56.725925729717396
0.35,-55,1770628509.01553,-56.721631493823374
0.35,-55,1770628509.11631,-56.717358488017375
0.35,-55,1770628509.21532,-56.71310655504033
0.35,-55,1770628509.31533,-56.70887553918255
0.35,-55,1770628509.41517,-56.70466528626463
0.35,-55,1770628509.51635,-56.70047564361875
0.35,-55,1770628509.61582,-56.696306460070176
0.35,-55,1770628509.71769,-56.692157585919034
0.35,-56,1770628509.81628,-56.69046878338405
0.35,-56,1770628509.91723,-56.68878816748893
0.35,-55,1770628510.0164,-56.68468751753975
0.35,-55,1770628510.11765,-56.68060664960474
0.35,-55,1770628510.21665,-56.676545420682245
0.35,-55,1770628510.3175,-56.672503689145614
0.35,-55,1770628510.41572,-56.66848131472673
0.35,-55,1770628510.51731,-56.66447815849976
0.35,-55,1770628510.61621,-56.660494082865135
0.35,-55,1770628510.7174,-56.65652895153375
0.35,-55,1770628510.81548,-56.65258262951142
0.35,-55,1770628510.91724,-56.648654983083524
0.35,-55,1770628511.01714,-56.64474587979988
0.35,-54,1770628511.1184,-56.638489661123465
0.35,-55,1770628511.2182,-56.634622834392914
0.35,-54,1770628511.32116,-56.62841964683393
0.35,-54,1770628511.4167,-56.62224547051604
0.35,-55,1770628511.51657,-56.61844365401769
0.35,-55,1770628511.61634,-56.614659534820575
0.35,-55,1770628511.7161,-56.610892989456
0.35,-55,1770628511.81623,-56.607143895601126
0.35,-55,1770628511.91643,-56.60341213206577
0.35,-55,1770628512.01622,-56.599697578779256
0.35,-55,1770628512.11652,-56.596000116777574
0.35,-54,1770628512.21684,-56.59001355781617
0.35,-54,1770628512.31752,-56.584054417275766
0.35,-55,1770628512.41534,-56.580418089525715
0.35,-55,1770628512.5164,-56.57679833986077
0.35,-55,1770628512.61627,-56.57319505499189
0.35,-55,1770628512.71648,-56.56960812265993
0.35,-55,1770628512.81609,-56.566037431623975
0.35,-55,1770628512.91638,-56.56248287164981
0.35,-55,1770628513.0183,-56.55894433349858
0.35,-55,1770628513.11782,-56.555421708915546
0.35,-55,1770628513.2178,-56.55191489061906
0.35,-55,1770628513.31685,-56.54842377228964
0.35,-54,1770628513.41775,-56.54270369264845
0.35,-54,1770628513.51849,-56.53700910701123
0.35,-55,1770628513.61784,-56.53357446925036
0.35,-54,1770628513.71708,-56.52792537960083
0.35,-54,1770628513.81745,-56.52230129952779
0.35,-55,1770628513.91743,-56.51892195504441
0.35,-55,1770628514.01752,-56.515557505278096
0.35,-55,1770628514.11755,-56.51220785180642
0.35,-55,1770628514.21853,-56.50887289707223
0.35,-55,1770628514.31833,-56.50555254437411
0.35,-55,1770628514.4194,-56.502246697857075
0.35,-55,1770628514.51816,-56.498955262503294
0.35,-55,1770628514.61772,-56.49567814412297
0.35,-54,1770628514.71769,-56.49023370060078
0.35,-54,1770628514.81795,-56.48481283603717
0.35,-55,1770628514.91895,-56.481587568456554
0.35,-55,1770628515.01959,-56.47837620841385
0.35,-55,1770628515.11854,-56.47517866599044
0.35,-55,1770628515.2198,-56.47199485204122
0.35,-55,1770628515.32049,-56.468824678186266
0.35,-55,1770628515.42034,-56.465668056802656
0.35,-55,1770628515.52044,-56.462524901016394
0.35,-55,1770628515.61875,-56.45939512469442
0.35,-55,1770628515.71964,-56.4562786424367
0.35,-55,1770628515.81933,-56.453175369568484
0.35,-55,1770628515.91989,-56.45008522213261
0.35,-55,1770628516.01842,-56.4470081168819
0.35,-55,1770628516.12154,-56.443943971271686
0.35,-55,1770628516.22045,-56.440892703452434
0.35,-55,1770628516.31947,-56.4378542322624
0.35,-55,1770628516.41884,-56.434828477220464
0.35,-55,1770628516.51944,-56.431815358518975
0.35,-55,1770628516.61946,-56.428814797016734
0.35,-55,1770628516.71891,-56.42582671423206
0.35,-55,1770628516.81943,-56.42285103233593
0.35,-55,1770628516.91897,-56.419887674145194
0.35,-55,1770628517.01912,-56.41693656311592
0.35,-55,1770628517.12088,-56.413997623336755
0.35,-55,1770628517.21939,-56.41107077952243
0.35,-55,1770628517.31893,-56.40815595700732
0.35,-55,1770628517.4203,-56.40525308173904
0.35,-55,1770628517.5203,-56.40236208027222
0.35,-55,1770628517.61919,-56.39948287976226
0.35,-55,1770628517.71932,-56.39661540795922
0.35,-55,1770628517.81943,-56.39375959320174
0.35,-55,1770628517.91922,-56.3909153644111
0.35,-55,1770628518.01905,-56.388082651085256
0.35,-55,1770628518.12118,-56.38526138329305
0.35,-55,1770628518.22029,-56.38245149166842
0.35,-55,1770628518.31942,-56.37965290740471
0.35,-55,1770628518.41932,-56.376865562249044
0.35,-55,1770628518.51844,-56.374089388496756
0.35,-55,1770628518.61878,-56.37132431898591
0.35,-55,1770628518.71918,-56.36857028709188
0.35,-55,1770628518.81906,-56.36582722672194
0.35,-55,1770628518.91962,-56.36309507231004
0.35,-55,1770628519.01867,-56.3603737588115
0.35,-55,1770628519.12021,-56.357663221697884
0.35,-55,1770628519.21904,-56.354963396951874
0.35,-55,1770628519.31953,-56.35227422106222
0.35,-55,1770628519.41877,-56.34959563101874
0.35,-55,1770628519.5185,-56.3469275643074
0.35,-55,1770628519.61907,-56.34426995890545
0.35,-55,1770628519.71942,-56.341622753276575
0.35,-55,1770628519.81879,-56.33898588636616
0.35,-55,1770628519.92042,-56.33635929759659
0.35,-55,1770628520.01999,-56.33374292686258
0.35,-55,1770628520.11901,-56.3311367145266
0.35,-55,1770628520.21893,-56.328540601414325
0.35,-55,1770628520.32017,-56.325954528810136
0.35,-55,1770628520.41951,-56.32337843845271
0.35,-55,1770628520.51982,-56.3208122725306
0.35,-55,1770628520.61932,-56.31825597367796
0.35,-55,1770628520.72079,-56.315709484970164
0.4,-55,1770628527.33883,-55.0
0.4,-55,1770628527.33897,-55.0
0.4,-55,1770628527.33908,-55.0
0.4,-55,1770628527.33919,-55.0
0.4,-55,1770628527.33929,-55.0
0.4,-55,1770628527.33939,-55.0
0.4,-55,1770628527.33949,-55.0
0.4,-55,1770628527.33959,-55.0
0.4,-55,1770628527.33969,-55.0
0.4,-55,1770628527.33977,-55.0
0.4,-55,1770628527.33983,-55.0
0.4,-55,1770628527.3399,-55.0
0.4,-55,1770628527.33996,-55.0
0.4,-55,1770628527.34003,-55.0
0.4,-55,1770628527.34009,-55.0
0.4,-55,1770628527.34015,-55.0
0.4,-55,1770628527.34022,-55.0
0.4,-55,1770628527.34028,-55.0
0.4,-55,1770628527.34035,-55.0
0.4,-55,1770628527.34041,-55.0
0.4,-55,1770628527.34048,-55.0
0.4,-55,1770628527.34054,-55.0
0.4,-55,1770628527.3406,-55.0
0.4,-55,1770628527.34067,-55.0
0.4,-54,1770628527.34073,-54.97777711358378
0.4,-55,1770628527.34079,-54.9782602349991
0.4,-55,1770628527.34086,-54.978722798464936
0.4,-55,1770628527.34093,-54.97916608884984
0.4,-55,1770628527.34104,-54.97959128613537
0.4,-55,1770628527.34111,-54.979999475904805
0.4,-55,1770628527.34117,-54.98039165859785
0.4,-55,1770628527.34124,-54.98076875769749
0.4,-55,1770628527.3413,-54.981131626990035
0.4,-56,1770628527.34137,-55.00000040833174
0.4,-54,1770628527.34143,-54.98181773174118
0.4,-55,1770628527.34149,-54.98214243090502
0.4,-57,1770628527.34156,-55.01754523098291
0.4,-58,1770628527.34162,-55.06896956431843
0.4,-58,1770628527.34169,-55.118650751580915
0.4,-58,1770628527.34175,-55.166675949894426
0.4,-58,1770628527.34181,-55.21312660117334
0.4,-58,1770628527.34188,-55.25807889302544
0.4,-58,1770628527.34194,-55.30160417575956
0.4,-59,1770628527.34201,-55.359395351931546
0.4,-59,1770628527.34207,-55.4154084011828
0.4,-58,1770628527.34213,-55.454571585400856
0.4,-58,1770628527.3422,-55.49256576328442
0.4,-59,1770628527.34226,-55.54414947263319
0.4,-58,1770628527.34233,-55.57974420864518
0.4,-58,1770628527.34239,-55.61432199375027
0.4,-59,1770628527.34245,-55.662011438605944
0.4,-59,1770628527.34252,-55.70837623378542
0.4,-58,1770628527.34258,-55.7397710181313
0.4,-58,1770628527.34264,-55.7703173333644
0.4,-57,1770628527.34272,-55.78671458172586
0.4,-55,1770628527.34282,-55.77636211398696
0.4,-55,1770628527.34289,-55.76627852831337
0.4,-55,1770628527.34296,-55.75645348310363
0.4,-55,1770628527.34302,-55.74687716038085
0.4,-55,1770628527.34309,-55.73754023306624
0.4,-55,1770628527.34316,-55.72843383467679
0.4,-55,1770628527.34325,-55.71954953124021
0.4,-55,1770628527.34343,-55.71087929524008
0.4,-55,1770628527.34354,-55.702415481422136
0.4,-55,1770628527.34361,-55.69415080430824
0.4,-55,1770628527.34367,-55.68607831727922
0.4,-55,1770628527.42132,-55.67819139310025
0.4,-54,1770628527.52212,-55.65911864363281
0.4,-54,1770628527.62263,-55.640474467346614
0.4,-55,1770628527.72344,-55.633357149406926
0.4,-54,1770628527.82302,-55.615405757593706
0.4,-55,1770628527.92342,-55.60871564528858
0.4,-55,1770628528.02352,-55.60216939614139
0.4,-55,1770628528.12401,-55.59576241878086
0.4,-55,1770628528.22414,-55.58949031515634
0.4,-55,1770628528.32358,-55.583348870469074
0.4,-54,1770628528.4241,-55.56702318679762
0.4,-55,1770628528.52384,-55.56123633122145
0.4,-55,1770628528.62581,-55.55556637241562
0.4,-55,1770628528.72518,-55.5500098034814
0.4,-55,1770628528.82528,-55.544563256406995
0.4,-55,1770628528.92627,-55.53922349525933
0.4,-55,1770628529.02725,-55.53398740977248
0.4,-55,1770628529.12779,-55.52885200930601
0.4,-54,1770628529.22701,-55.514288893809486
0.4,-54,1770628529.32779,-55.5000005287642
0.4,-55,1770628529.42844,-55.49532675284622
0.4,-54,1770628529.52876,-55.48147849637838
0.4,-54,1770628529.62761,-55.46788431161442
0.4,-55,1770628529.72786,-55.46362997655542
0.4,-54,1770628529.82928,-55.45044146445526
0.4,-54,1770628529.92992,-55.437488437289744
0.4,-54,1770628530.03019,-55.42476464325346
0.4,-55,1770628530.12767,-55.42103784521676
0.4,-54,1770628530.23009,-55.408678319543334
0.4,-55,1770628530.32851,-55.40515445444344
0.4,-55,1770628530.42892,-55.40169081959776
0.4,-55,1770628530.52966,-55.3982858837303
0.4,-54,1770628530.62864,-55.386532856101354
0.4,-55,1770628530.72853,-55.38331098888934
0.4,-55,1770628530.82916,-55.38014236929319
0.4,-55,1770628530.92955,-55.37702568794668
0.4,-55,1770628531.02911,-55.37395967806455
0.4,-55,1770628531.13011,-55.37094311372556
0.4,-55,1770628531.22769,-55.367974808237896
0.4,-54,1770628531.32793,-55.357115037468
0.4,-55,1770628531.42841,-55.354302363824424
0.4,-54,1770628531.52858,-55.343719031561655
0.4,-55,1770628531.62845,-55.341053815110946
0.4,-55,1770628531.7283,-55.33842959631329
0.4,-55,1770628531.82935,-55.335845436292075
0.4,-55,1770628531.92811,-55.33330042462146
0.4,-55,1770628532.0303,-55.330793678256825
0.4,-55,1770628532.13078,-55.32832434051304
0.4,-55,1770628532.22864,-55.325891580088246
0.4,-54,1770628532.32882,-55.31613941404104
0.4,-54,1770628532.4293,-55.30652959348824
0.4,-55,1770628532.52998,-55.30430766920856
0.4,-55,1770628532.62904,-55.30211771000125
0.4,-54,1770628532.72972,-55.29281387181685
0.4,-55,1770628532.83018,-55.290736498744884
0.4,-55,1770628532.92963,-55.28868837961421
0.4,-55,1770628533.03011,-55.28666890070634
0.4,-55,1770628533.13031,-55.28467746535053
0.4,-55,1770628533.23028,-55.282713493335905
0.4,-55,1770628533.33109,-55.28077642034775
0.4,-55,1770628533.43091,-55.27886569742685
0.4,-55,1770628533.53051,-55.27698079045073
0.4,-55,1770628533.63056,-55.275121179635725
0.4,-55,1770628533.73111,-55.273286359059085
0.4,-55,1770628533.82987,-55.27147583619997
0.4,-55,1770628533.93114,-55.269689131498595
0.4,-55,1770628534.03143,-55.26792577793269
0.4,-55,1770628534.13149,-55.26618532061042
0.4,-55,1770628534.23192,-55.264467316379076
0.4,-55,1770628534.33243,-55.26277133344884
0.4,-55,1770628534.43127,-55.2610969510309
0.4,-54,1770628534.53289,-55.253112041843394
0.4,-55,1770628534.63149,-55.251519479069266
0.4,-55,1770628534.73199,-55.24994681915147
0.4,-54,1770628534.83179,-55.24217985771461
0.4,-55,1770628534.93109,-55.2406842736741
0.4,-54,1770628535.03169,-55.23306938020398
0.4,-55,1770628535.13316,-55.231647595332056
0.4,-55,1770628535.23148,-55.23024304036862
0.4,-55,1770628535.33217,-55.22885540393005
0.4,-55,1770628535.43076,-55.22748438209102
0.4,-55,1770628535.53217,-55.226129678162515
0.4,-55,1770628535.63332,-55.22479100247774
0.4,-55,1770628535.73234,-55.22346807218558
0.4,-55,1770628535.83275,-55.22216061105133
0.4,-55,1770628535.93634,-55.22086834926433
0.4,-55,1770628536.03237,-55.21959102325231
0.4,-54,1770628536.13231,-55.212578378387214
0.4,-55,1770628536.2326,-55.2113630310006
0.4,-55,1770628536.33154,-55.21016149087021
0.4,-54,1770628536.43159,-55.20332088566179
0.4,-55,1770628536.53128,-55.20217803623916
0.4,-55,1770628536.63232,-55.20104795272703
0.4,-55,1770628536.73208,-55.19993042236042
0.4,-55,1770628536.83293,-55.19882523707632
0.4,-54,1770628536.93339,-55.192234683572174
0.4,-55,1770628537.03232,-55.19118364007571
0.4,-55,1770628537.13267,-55.19014401779116
0.4,-55,1770628537.23237,-55.18911563150985
0.4,-55,1770628537.33419,-55.18809830000608
0.4,-55,1770628537.43336,-55.18709184593064
0.4,-55,1770628537.53277,-55.18609609570769
0.4,-55,1770628537.63461,-55.185110879434966
0.4,-55,1770628537.73463,-55.18413603078709
0.4,-55,1770628537.83396,-55.18317138692193
0.4,-55,1770628537.93486,-55.182216788389894
0.4,-55,1770628538.03426,-55.18127207904606
0.4,-55,1770628538.1351,-55.180337105964966
0.4,-55,1770628538.23344,-55.17941171935809
0.4,-55,1770628538.33531,-55.178495772493825
0.4,-54,1770628538.43427,-55.17250972471713
0.4,-55,1770628538.53433,-55.17163789912205
0.4,-55,1770628538.63416,-55.17077483274452
0.4,-55,1770628538.73436,-55.16992039419642
0.4,-55,1770628538.83337,-55.16907445470428
0.4,-55,1770628538.93367,-55.16823688804462
0.4,-55,1770628539.03383,-55.1674075704811
0.4,-55,1770628539.13358,-55.16658638070362
0.4,-55,1770628539.23539,-55.16577319976906
0.4,-55,1770628539.33295,-55.16496791104391
0.4,-55,1770628539.43436,-55.16417040014842
0.4,-55,1770628539.53422,-55.16338055490247
0.4,-55,1770628539.63621,-55.162598265272905
0.4,-55,1770628539.73434,-55.16182342332246
0.4,-54,1770628539.83312,-55.15631309825471
0.4,-55,1770628539.93368,-55.155575224426876
0.4,-55,1770628540.03449,-55.154844276410124
0.4,-55,1770628540.13527,-55.15412015711374
0.4,-55,1770628540.23435,-55.15340277125333
0.4,-55,1770628540.33562,-55.15269202530906
0.4,-55,1770628540.43445,-55.15198782748493
0.4,-54,1770628540.53631,-55.146699326506514
0.4,-54,1770628540.6339,-55.14145910331317
0.4,-55,1770628540.73426,-55.140815592681086
0.4,-54,1770628540.83336,-55.13564936121531
0.4,-55,1770628540.93539,-55.135037829962265
0.4,-54,1770628541.03339,-55.1299437875144
0.4,-54,1770628541.13515,-55.124895208839845
0.4,-54,1770628541.23426,-55.11989148775558
0.4,-54,1770628541.3341,-55.11493202880749
0.4,-54,1770628541.43442,-55.11001624703402
0.4,-54,1770628541.53626,-55.105143567736114
0.4,-54,1770628541.63509,-55.100313426253116
0.4,-54,1770628541.73407,-55.095525267744556
0.4,-55,1770628541.83415,-55.09511137334565
0.4,-55,1770628541.93415,-55.0947010454239
0.4,-55,1770628542.03434,-55.09429423805905
0.4,-55,1770628542.1337,-55.093890906115796
0.4,-55,1770628542.23445,-55.09349100522711
0.4,-55,1770628542.33405,-55.093094491777926
0.4,-55,1770628542.43727,-55.092701322889326
0.4,-55,1770628542.53472,-55.092311456403024
0.4,-55,1770628542.63649,-55.09192485086632
0.4,-55,1770628542.73455,-55.09154146551739
0.4,-54,1770628542.83462,-55.08700789387806
0.4,-54,1770628542.9358,-55.08251177173982
0.4,-55,1770628543.03532,-55.08217188524905
0.4,-55,1770628543.1367,-55.08183478334995
0.4,-54,1770628543.23609,-55.07741474379729
0.4,-54,1770628543.33529,-55.07303062165221
0.4,-54,1770628543.4343,-55.06868198067141
0.4,-54,1770628543.5356,-55.06436839164777
0.4,-54,1770628543.63497,-55.06008943226908
0.4,-55,1770628543.73974,-55.05984882583836
0.4,-55,1770628543.83586,-55.05961013559756
0.4,-55,1770628543.9354,-55.05937333873492
0.4,-55,1770628544.0362,-55.059138412799356
0.4,-55,1770628544.13514,-55.058905335693325
0.4,-55,1770628544.23582,-55.05867408566591
0.4,-55,1770628544.33478,-55.058444641306075
0.4,-54,1770628544.43618,-55.0543216753971
0.4,-55,1770628544.53518,-55.05411089419322
0.4,-55,1770628544.63542,-55.05390173974588
0.4,-55,1770628544.73458,-55.053694193284834
0.4,-55,1770628544.83528,-55.0534882363275
0.4,-55,1770628544.93425,-55.05328385067349
0.4,-54,1770628545.03611,-55.04927438145909
0.4,-55,1770628545.13448,-55.04908752063537
0.4,-55,1770628545.23575,-55.04890206926783
0.4,-55,1770628545.33629,-55.04871801146038
0.4,-55,1770628545.43519,-55.04853533155506
0.4,-54,1770628545.53612,-55.04461823193271
0.4,-55,1770628545.63469,-55.04445216609946
0.4,-55,1770628545.73928,-55.04428732964623
0.4,-55,1770628545.83587,-55.04412370896367
0.4,-55,1770628545.9353,-55.04396129064256
0.4,-55,1770628546.03495,-55.04380006147015
0.4,-55,1770628546.13498,-55.04364000842659
0.4,-55,1770628546.23438,-55.04348111868141
0.4,-54,1770628546.33622,-55.03969561894088
0.4,-55,1770628546.43549,-55.03955213129776
0.4,-55,1770628546.53445,-55.0394096752839
0.4,-55,1770628546.63499,-55.03926823980652
0.4,-55,1770628546.73423,-55.03912781393132
0.4,-55,1770628546.83522,-55.03898838687966
0.4,-55,1770628546.9352,-55.03884994802576
0.4,-55,1770628547.03426,-55.03871248689405
0.4,-55,1770628547.13508,-55.03857599315649
0.4,-55,1770628547.23409,-55.038440456630006
0.4,-54,1770628547.33496,-55.034804624888565
0.4,-54,1770628547.43518,-55.0311941127936
0.4,-55,1770628547.53433,-55.031085651036925
0.4,-55,1770628547.63454,-55.030977939365165
0.4,-55,1770628547.73519,-55.03087097001883
0.4,-55,1770628547.83544,-55.030764735345095
0.4,-54,1770628547.93444,-55.02722973139551
0.4,-54,1770628548.03613,-55.02371884013225
0.4,-54,1770628548.13444,-55.02023181550795
0.4,-54,1770628548.23474,-55.01676841481147
0.4,-54,1770628548.33604,-55.01332839861157
0.4,-54,1770628548.43448,-55.00991153070165
0.4,-55,1770628548.53528,-55.00987822158008
0.4,-55,1770628548.63548,-55.00984513509821
0.4,-55,1770628548.73626,-55.009812269029645
0.4,-55,1770628548.83599,-55.00977962117758
0.4,-55,1770628548.9354,-55.0097471893743
0.4,-55,1770628549.03497,-55.009714971480726
0.4,-56,1770628549.13624,-55.01297747786979
0.4,-55,1770628549.23521,-55.012934863154904
0.4,-55,1770628549.33827,-55.01289252675311
0.4,-55,1770628549.43434,-55.012850465944744
0.4,-55,1770628549.53551,-55.01280867804546
0.4,-55,1770628549.63438,-55.01276716040566
0.4,-55,1770628549.73611,-55.01272591040993
0.4,-55,1770628549.83471,-55.0126849254765
0.4,-55,1770628549.9348,-55.01264420305671
0.4,-55,1770628550.03536,-55.012603740634454
0.4,-55,1770628550.13517,-55.01256353572568
0.4,-55,1770628550.234,-55.012523585877894
0.4,-55,1770628550.33527,-55.01248388866963
0.4,-55,1770628550.43546,-55.01244444170998
0.4,-55,1770628550.53422,-55.012405242638124
0.4,-55,1770628550.63525,-55.012366289122824
0.4,-55,1770628550.73498,-55.012327578862
0.4,-55,1770628550.8347,-55.01228910958225
0.4,-55,1770628550.9354,-55.012250879038405
0.4,-55,1770628551.03827,-55.01221288501312
0.4,-55,1770628551.13531,-55.01217512531641
0.4,-55,1770628551.23576,-55.01213759778525
0.4,-55,1770628551.33508,-55.012100300283144
0.4,-55,1770628551.43481,-55.01206323069975
0.4,-55,1770628551.53818,-55.012026386950446
0.4,-55,1770628551.65936,-55.01198976697596
0.4,-55,1770628551.73815,-55.01195336874198
0.4,-55,1770628551.83542,-55.011917190238776
0.4,-55,1770628551.9372,-55.01188122948084
0.4,-55,1770628552.03615,-55.01184548450651
0.4,-55,1770628552.13661,-55.01180995337761
0.4,-55,1770628552.23724,-55.01177463417911
0.4,-55,1770628552.33748,-55.01173952501879
0.4,-55,1770628552.44073,-55.01170462402687
0.4,-55,1770628552.53703,-55.011669929355705
0.4,-55,1770628552.63834,-55.01163543917946
0.4,-55,1770628552.73757,-55.01160115169376
0.4,-55,1770628552.84615,-55.01156706511542
0.4,-55,1770628552.95042,-55.011533177682104
0.4,-55,1770628553.04411,-55.01149948765202
0.4,-55,1770628553.1413,-55.011465993303624
0.4,-55,1770628553.23884,-55.01143269293535
0.4,-55,1770628553.33745,-55.011399584865295
0.4,-55,1770628553.44037,-55.01136666743094
0.4,-55,1770628553.53926,-55.011333938988884
0.4,-55,1770628553.63921,-55.01130139791455
0.4,-55,1770628553.73773,-55.01126904260194
0.4,-55,1770628553.83844,-55.011236871463346
0.4,-55,1770628553.94334,-55.011204882929114
0.4,-55,1770628554.03852,-55.011173075447374
0.4,-55,1770628554.13912,-55.01114144748378
0.4,-56,1770628554.23781,-55.01393278715798
0.4,-55,1770628554.33805,-55.01389356784397
0.4,-55,1770628554.44006,-55.0138545680158
0.4,-55,1770628554.5392,-55.01381578583421
0.4,-55,1770628554.64037,-55.01377721948043
0.4,-55,1770628554.74475,-55.0137388671559
0.4,-55,1770628554.84039,-55.013700727081996
0.4,-55,1770628554.94132,-55.013662797499734
0.4,-55,1770628555.04073,-55.01362507666952
0.4,-55,1770628555.1424,-55.01358756287088
0.4,-55,1770628555.24172,-55.01355025440219
0.4,-55,1770628555.34537,-55.013513149580426
0.4,-55,1770628555.4422,-55.0134762467409
0.4,-55,1770628555.54149,-55.01343954423703
0.4,-55,1770628555.6421,-55.013403040440075
0.4,-55,1770628555.74268,-55.0133667337389
0.4,-55,1770628555.84142,-55.01333062253975
0.4,-55,1770628555.94223,-55.013294705266
0.4,-55,1770628556.04171,-55.01325898035793
0.4,-55,1770628556.14205,-55.01322344627252
0.4,-55,1770628556.24325,-55.01318810148318
0.4,-55,1770628556.34299,-55.01315294447958
0.4,-55,1770628556.44437,-55.01311797376741
0.4,-55,1770628556.54239,-55.013083187868176
0.4,-55,1770628556.64249,-55.013048585318984
0.4,-55,1770628556.74239,-55.013014164672335
0.4,-55,1770628556.84316,-55.01297992449594
0.4,-55,1770628556.9443,-55.01294586337249
0.4,-55,1770628557.04245,-55.01291197989949
0.4,-55,1770628557.14333,-55.012878272689065
0.4,-55,1770628557.24514,-55.01284474036773
0.4,-55,1770628557.34281,-55.012811381576256
0.4,-55,1770628557.44425,-55.01277819496946
0.4,-55,1770628557.54352,-55.01274517921601
0.4,-55,1770628557.64446,-55.01271233299829
0.4,-55,1770628557.74476,-55.012679655012185
0.4,-55,1770628557.84428,-55.012647143966916
0.4,-55,1770628557.94457,-55.012614798584885
0.4,-55,1770628558.04502,-55.01258261760149
0.4,-56,1770628558.14592,-55.01509520832985
0.4,-55,1770628558.24533,-55.0150568936764
0.4,-55,1770628558.34564,-55.01501877228196
0.4,-55,1770628558.44427,-55.01498084268615
0.4,-55,1770628558.55526,-55.01494310344326
0.4,-55,1770628558.64523,-55.01490555312206
0.4,-55,1770628558.74518,-55.01486819030566
0.4,-55,1770628558.8451,-55.014831013591284
0.4,-55,1770628558.94454,-55.01479402159011
0.4,-55,1770628559.04919,-55.01475721292712
0.4,-55,1770628559.14483,-55.0147205862409
0.4,-55,1770628559.24537,-55.01468414018347
0.4,-55,1770628559.34638,-55.01464787342015
0.4,-55,1770628559.44615,-55.014611784629366
0.4,-55,1770628559.55247,-55.014575872502505
0.4,-55,1770628559.64712,-55.01454013574375
0.4,-55,1770628559.75305,-55.01450457306993
0.4,-55,1770628559.84511,-55.01446918321035
0.4,-55,1770628559.94611,-55.01443396490667
0.4,-55,1770628560.04562,-55.01439891691273
0.4,-55,1770628560.1463,-55.014364037994405
0.4,-55,1770628560.24597,-55.01432932692947
0.4,-55,1770628560.34562,-55.01429478250745
0.4,-55,1770628560.45033,-55.01426040352948
0.4,-55,1770628560.54629,-55.01422618880817
0.4,-55,1770628560.64538,-55.01419213716748
0.4,-55,1770628560.74587,-55.01415824744253
0.4,-55,1770628560.84531,-55.01412451847955
0.4,-55,1770628560.94908,-55.014090949135685
0.4,-55,1770628561.04718,-55.0140575382789
0.4,-55,1770628561.14597,-55.014024284787816
0.4,-55,1770628561.24613,-55.01399118755163
0.4,-55,1770628561.34634,-55.01395824546997
0.4,-55,1770628561.44676,-55.01392545745276
0.4,-55,1770628561.54715,-55.01389282242011
0.4,-55,1770628561.64601,-55.01386033930221
0.4,-55,1770628561.74633,-55.0138280070392
0.4,-55,1770628561.8464,-55.01379582458105
0.4,-55,1770628561.94635,-55.01376379088746
0.4,-55,1770628562.04623,-55.01373190492773
0.4,-55,1770628562.14702,-55.01370016568067
0.4,-55,1770628562.25202,-55.01366857213446
0.4,-55,1770628562.34636,-55.0136371232866
0.4,-55,1770628562.44711,-55.01360581814374
0.4,-55,1770628562.54805,-55.0135746557216
0.4,-55,1770628562.64732,-55.013543635044876
0.4,-55,1770628562.7482,-55.013512755147126
0.4,-55,1770628562.84817,-55.013482015070686
0.4,-55,1770628562.94828,-55.01345141386654
0.4,-55,1770628563.04926,-55.01342095059426
0.4,-55,1770628563.14937,-55.01339062432187
0.4,-55,1770628563.24991,-55.013360434125794
0.4,-55,1770628563.34941,-55.013330379090725
0.4,-55,1770628563.44912,-55.013300458309544
0.4,-55,1770628563.55014,-55.01327067088324
0.4,-55,1770628563.64909,-55.013241015920805
0.4,-55,1770628563.74963,-55.013211492539156
0.4,-55,1770628563.84953,-55.013182099863045
0.4,-55,1770628563.94993,-55.013152837024954
0.4,-55,1770628564.04971,-55.01312370316504
0.4,-55,1770628564.1508,-55.013094697431036
0.4,-55,1770628564.25135,-55.013065818978156
0.4,-55,1770628564.3533,-55.013037066969034
0.4,-55,1770628564.45143,-55.013008440573635
0.4,-55,1770628564.55168,-55.01297993896917
0.4,-55,1770628564.65228,-55.01295156134
0.4,-55,1770628564.75205,-55.012923306877624
0.4,-55,1770628564.85236,-55.01289517478051
0.4,-55,1770628564.956,-55.0128671642541
0.4,-55,1770628565.0523,-55.01283927451067
0.4,-55,1770628565.15238,-55.01281150476931
0.4,-55,1770628565.25208,-55.01278385425583
0.4,-55,1770628565.35226,-55.01275632220266
0.4,-54,1770628565.45312,-55.01057982809106
0.4,-54,1770628565.55235,-55.008412618524474
0.4,-55,1770628565.65322,-55.00839461567595
0.4,-55,1770628565.7532,-55.00837668929647
0.4,-54,1770628565.85199,-55.006227877984095
0.4,-55,1770628565.95326,-55.00621463453008
0.4,-55,1770628566.05296,-55.006201446971
0.4,-55,1770628566.15289,-55.006188314953086
0.4,-55,1770628566.25311,-55.00617523812556
0.4,-55,1770628566.35373,-55.00616221614058
0.4,-55,1770628566.45427,-55.00614924865324
0.4,-55,1770628566.55424,-55.0061363353215
0.4,-54,1770628566.65498,-55.00402784141842
0.4,-54,1770628566.75407,-55.00192811630741
0.4,-55,1770628566.85429,-55.00192409235363
0.4,-55,1770628566.95429,-55.00192008506495
0.4,-54,1770628567.05459,-54.999837682726145
0.4,-54,1770628567.15523,-54.997763868827235
0.4,-55,1770628567.25433,-54.99776849741117
0.4,-55,1770628567.35576,-54.99777310698433
0.4,-55,1770628567.45661,-54.997777697663814
0.4,-55,1770628567.55599,-54.99778226956577
0.4,-55,1770628567.65584,-54.997786822805395
0.4,-55,1770628567.75656,-54.99779135749695
0.4,-55,1770628567.85618,-54.997795873753766
0.4,-55,1770628567.95692,-54.99780037168824
0.4,-55,1770628568.05561,-54.99780485141188
0.4,-55,1770628568.15642,-54.99780931303526
0.4,-55,1770628568.25626,-54.99781375666809
0.4,-54,1770628568.35729,-54.99579381897453
0.4,-54,1770628568.45623,-54.99378199334617
0.4,-54,1770628568.55595,-54.99177823091571
0.4,-54,1770628568.65719,-54.98978248320761
0.4,-54,1770628568.75817,-54.98779470213411
0.4,-54,1770628568.85826,-54.9858148399914
0.4,-54,1770628568.95839,-54.98384284945577
0.4,-55,1770628569.05855,-54.98387510595259
0.4,-55,1770628569.16041,-54.98390723471389
0.4,-55,1770628569.25921,-54.983939236498465
0.4,-55,1770628569.35836,-54.983971112059145
0.4,-54,1770628569.46,-54.982022058248326
0.4,-55,1770628569.55928,-54.982057599522186
0.4,-55,1770628569.66024,-54.982093001441115
0.4,-55,1770628569.75894,-54.98212826482483
0.4,-55,1770628569.85952,-54.98216339048665
0.4,-54,1770628569.96124,-54.98023675380018
0.4,-55,1770628570.0598,-54.98027544697129
0.4,-54,1770628570.15827,-54.978359930936605
0.4,-55,1770628570.25915,-54.97840213551742
0.4,-54,1770628570.35922,-54.97649762544385
0.4,-55,1770628570.45944,-54.976543286316186
0.4,-55,1770628570.56112,-54.97658877127918
0.4,-55,1770628570.6614,-54.97663408134963
0.4,-55,1770628570.7619,-54.976679217536514
0.45,-55,1770628577.78929,-55.0
0.45,-55,1770628577.78937,-55.0
0.45,-55,1770628577.78944,-55.0
0.45,-55,1770628577.78951,-55.0
0.45,-54,1770628577.78959,-54.959999805600084
0.45,-54,1770628577.78965,-54.923076519231024
0.45,-55,1770628577.78972,-54.92592555672187
0.45,-55,1770628577.78979,-54.92857109362286
0.45,-55,1770628577.78985,-54.931034181629485
0.45,-55,1770628577.78992,-54.933333065556084
0.45,-55,1770628577.78998,-54.935483636056766
0.45,-55,1770628577.79005,-54.93749979746154
0.45,-54,1770628577.79011,-54.90909032658544
0.45,-55,1770628577.79017,-54.9117641800621
0.45,-55,1770628577.79024,-54.9142852438792
0.45,-55,1770628577.7903,-54.91666625046468
0.45,-55,1770628577.79036,-54.91891855577239
0.45,-55,1770628577.79043,-54.9210523203965
0.45,-55,1770628577.79049,-54.92307666282225
0.45,-55,1770628577.79056,-54.924999789689174
0.45,-55,1770628577.79062,-54.92682910699146
0.45,-55,1770628577.79068,-54.928571315392595
0.45,-55,1770628577.79075,-54.930232492240314
0.45,-55,1770628577.79081,-54.93181816239775
0.45,-55,1770628577.79089,-54.93333335963043
0.45,-55,1770628577.79097,-54.934782679986334
0.45,-54,1770628577.79105,-54.91489303001796
0.45,-54,1770628577.79113,-54.89583209840298
0.45,-54,1770628577.79121,-54.877549147410946
0.45,-55,1770628577.79127,-54.87999825741452
0.45,-55,1770628577.79135,-54.8823513260818
0.45,-56,1770628577.79141,-54.9038454596244
0.45,-56,1770628577.79147,-54.92452851360131
0.45,-56,1770628577.79154,-54.94444554788529
0.45,-56,1770628577.79161,-54.96363834527479
0.45,-56,1770628577.79168,-54.98214570408924
0.45,-56,1770628577.79175,-55.00000369996489
0.45,-56,1770628577.79189,-55.01724592056837
0.45,-57,1770628577.79196,-55.05085375197009
0.45,-57,1770628577.79203,-55.083341356572355
0.45,-56,1770628577.79209,-55.09836942615941
0.45,-56,1770628577.79217,-55.11291273505716
0.45,-56,1770628577.79227,-55.126994367062636
0.45,-55,1770628577.79234,-55.12500995160563
0.45,-56,1770628577.7924,-55.13847223752043
0.45,-56,1770628577.79246,-55.15152659028023
0.45,-56,1770628577.79253,-55.16419127551493
0.45,-56,1770628577.7926,-55.1764834844076
0.45,-56,1770628577.79266,-55.18841941155275
0.45,-56,1770628577.79275,-55.20001432614113
0.45,-56,1770628577.79296,-55.21128263712888
0.45,-56,1770628577.79304,-55.222237952975966
0.45,-56,1770628577.7931,-55.23289313647455
0.45,-56,1770628577.79317,-55.24326035513191
0.45,-56,1770628577.79323,-55.253351127522656
0.45,-55,1770628577.7933,-55.25001725087258
0.45,-56,1770628577.79336,-55.25975821474536
0.45,-56,1770628577.79342,-55.269249422886446
0.45,-56,1770628577.79349,-55.278500359675824
0.45,-56,1770628577.79355,-55.2875200352752
0.45,-56,1770628577.79362,-55.296317014900715
0.45,-56,1770628577.79368,-55.30489944595371
0.45,-56,1770628577.79374,-55.31327508319026
0.45,-56,1770628577.79381,-55.32145131209289
0.45,-56,1770628577.79387,-55.329435170592504
0.45,-56,1770628577.79393,-55.33723336927485
0.45,-56,1770628577.794,-55.34485231019344
0.45,-56,1770628577.79414,-55.352298104399765
0.45,-56,1770628577.79422,-55.35957658829169
0.45,-56,1770628577.79429,-55.366693338871976
0.45,-56,1770628577.87085,-55.373653688000736
0.45,-56,1770628577.97175,-55.380462735718396
0.45,-56,1770628578.07169,-55.387125362709085
0.45,-56,1770628578.17142,-55.393646241968526
0.45,-56,1770628578.27226,-55.40002984973498
0.45,-56,1770628578.37246,-55.40628047573701
0.45,-56,1770628578.47254,-55.4124022328074
0.45,-56,1770628578.57257,-55.4183990659084
0.45,-56,1770628578.67302,-55.42427476061006
0.45,-56,1770628578.77247,-55.4300329510598
0.45,-56,1770628578.87368,-55.43567712747859
0.45,-56,1770628578.97482,-55.44121064321616
0.45,-56,1770628579.07449,-55.446636721395215
0.45,-56,1770628579.17638,-55.45195846117235
0.45,-56,1770628579.27498,-55.457178843641195
0.45,-56,1770628579.37552,-55.46230073740141
0.45,-56,1770628579.47522,-55.46732690381539
0.45,-56,1770628579.57568,-55.472260001973
0.45,-56,1770628579.6752,-55.477102593382895
0.45,-56,1770628579.77547,-55.481857146408096
0.45,-56,1770628579.87614,-55.48652604046169
0.45,-56,1770628579.97982,-55.491111569977825
0.45,-56,1770628580.0765,-55.495615948171825
0.45,-56,1770628580.17944,-55.50004131060241
0.45,-56,1770628580.27776,-55.5043897185481
0.45,-56,1770628580.3776,-55.50866316220889
0.45,-56,1770628580.47862,-55.51286356374385
0.45,-56,1770628580.58041,-55.51699278015416
0.45,-56,1770628580.67939,-55.521052606020874
0.45,-56,1770628580.7794,-55.52504477610573
0.45,-56,1770628580.88042,-55.52897096782303
0.45,-56,1770628580.97938,-55.53283280358993
0.45,-56,1770628581.08198,-55.53663185306213
0.45,-56,1770628581.18041,-55.5403696352613
0.45,-56,1770628581.28123,-55.54404762060047
0.45,-56,1770628581.38041,-55.547667232812955
0.45,-56,1770628581.48051,-55.5512298507901
0.45,-56,1770628581.58093,-55.55473681033294
0.45,-56,1770628581.68165,-55.55818940582236
0.45,-56,1770628581.77998,-55.561588891812185
0.45,-56,1770628581.88219,-55.56493648454928
0.45,-56,1770628581.98109,-55.56823336342458
0.45,-56,1770628582.08045,-55.57148067235867
0.45,-56,1770628582.18017,-55.57467952112525
0.45,-56,1770628582.28113,-55.57783098661588
0.45,-56,1770628582.38104,-55.580936114048875
0.45,-56,1770628582.47948,-55.58399591812524
0.45,-56,1770628582.58102,-55.58701138413439
0.45,-56,1770628582.68047,-55.58998346901212
0.45,-56,1770628582.78248,-55.59291310235321
0.45,-56,1770628582.88248,-55.595801187380985
0.45,-56,1770628582.98247,-55.59864860187589
0.45,-56,1770628583.08237,-55.60145619906507
0.45,-56,1770628583.1816,-55.60422480847497
0.45,-56,1770628583.28344,-55.60695523674853
0.45,-55,1770628583.38349,-55.60279655093467
0.45,-56,1770628583.48377,-55.60549957611551
0.45,-56,1770628583.58536,-55.60816608048635
0.45,-56,1770628583.68466,-55.61079679936482
0.45,-56,1770628583.78516,-55.61339244846012
0.45,-56,1770628583.88631,-55.61595372452227
0.45,-56,1770628583.98608,-55.61848130596578
0.45,-56,1770628584.0871,-55.62097585346885
0.45,-56,1770628584.18639,-55.62343801054921
0.45,-56,1770628584.28949,-55.6258684041177
0.45,-56,1770628584.38659,-55.628267645010546
0.45,-56,1770628584.48723,-55.63063632850126
0.45,-56,1770628584.58657,-55.63297503479317
0.45,-56,1770628584.68739,-55.63528432949329
0.45,-56,1770628584.78637,-55.637564764068465
0.45,-56,1770628584.88828,-55.63981687628453
0.45,-56,1770628584.98654,-55.642041190629136
0.45,-56,1770628585.08736,-55.64423821871911
0.45,-56,1770628585.18642,-55.64640845969281
0.45,-56,1770628585.28723,-55.64855240058827
0.45,-56,1770628585.38607,-55.650670516707706
0.45,-56,1770628585.48746,-55.65276327196883
0.45,-56,1770628585.58909,-55.65483111924371
0.45,-56,1770628585.68921,-55.65687450068556
0.45,-56,1770628585.78739,-55.658893848043995
0.45,-56,1770628585.88723,-55.66088958296923
0.45,-56,1770628585.98787,-55.66286211730567
0.45,-56,1770628586.0886,-55.664811853375305
0.45,-56,1770628586.18927,-55.666739184251355
0.45,-56,1770628586.28913,-55.668644494022516
0.45,-56,1770628586.39352,-55.67052815804821
0.45,-56,1770628586.48918,-55.67239054320513
0.45,-56,1770628586.58952,-55.67423200812561
0.45,-56,1770628586.69009,-55.67605290342781
0.45,-56,1770628586.7888,-55.67785357193841
0.45,-56,1770628586.88763,-55.67963434890779
0.45,-56,1770628586.99011,-55.68139556221821
0.45,-56,1770628587.08923,-55.68313753258512
0.45,-56,1770628587.18944,-55.684860573751884
0.45,-56,1770628587.28935,-55.68656499267822
0.45,-56,1770628587.38855,-55.68825108972259
0.45,-56,1770628587.49035,-55.68991915881866
0.45,-56,1770628587.58938,-55.691569487646206
0.45,-56,1770628587.68842,-55.69320235779654
0.45,-56,1770628587.7893,-55.69481804493274
0.45,-56,1770628587.88952,-55.69641681894483
0.45,-56,1770628587.98867,-55.697998944100156
0.45,-56,1770628588.08926,-55.69956467918899
0.45,-56,1770628588.18851,-55.70111427766574
0.45,-56,1770628588.28821,-55.70264798778575
0.45,-56,1770628588.38875,-55.704166052737946
0.45,-56,1770628588.48928,-55.705668710773395
0.45,-56,1770628588.58841,-55.70715619533001
0.45,-56,1770628588.68833,-55.708628735153496
0.45,-56,1770628588.7887,-55.71008655441465
0.45,-56,1770628588.88903,-55.71152987282315
0.45,-56,1770628588.98937,-55.71295890573799
0.45,-56,1770628589.088,-55.714373864274656
0.45,-56,1770628589.1902,-55.7157749554091
0.45,-56,1770628589.28853,-55.717162382078726
0.45,-56,1770628589.38929,-55.718536343280405
0.45,-56,1770628589.48822,-55.71989703416567
0.45,-56,1770628589.58941,-55.72124464613313
0.45,-56,1770628589.68953,-55.72257936691827
0.45,-56,1770628589.78868,-55.72390138068066
0.45,-56,1770628589.88826,-55.725210868088695
0.45,-56,1770628589.98931,-55.72650800640194
0.45,-56,1770628590.08898,-55.727792969551146
0.45,-56,1770628590.18871,-55.72906592821601
0.45,-56,1770628590.29047,-55.7303270499008
0.45,-56,1770628590.39054,-55.73157649900786
0.45,-56,1770628590.49102,-55.73281443690907
0.45,-56,1770628590.59272,-55.73404102201536
0.45,-56,1770628590.69161,-55.735256409844325
0.45,-56,1770628590.79212,-55.73646075308595
0.45,-56,1770628590.89127,-55.73765420166661
0.45,-56,1770628590.99159,-55.7388369028113
0.45,-57,1770628591.09296,-55.74449699464363
0.45,-56,1770628591.19293,-55.74563857977236
0.45,-56,1770628591.29423,-55.74677002169816
0.45,-56,1770628591.39414,-55.74789145506519
0.45,-56,1770628591.4946,-55.749003012144996
0.45,-56,1770628591.5934,-55.7501048228886
0.45,-56,1770628591.69343,-55.75119701497713
0.45,-56,1770628591.79411,-55.75227971387116
0.45,-56,1770628591.89423,-55.753353042858805
0.45,-56,1770628591.99363,-55.75441712310252
0.45,-56,1770628592.09487,-55.755472073684714
0.45,-56,1770628592.19576,-55.7565180116522
0.45,-56,1770628592.29674,-55.7575550520595
0.45,-56,1770628592.39641,-55.75858330801108
0.45,-56,1770628592.49713,-55.75960289070246
0.45,-56,1770628592.59748,-55.76061390946032
0.45,-56,1770628592.69709,-55.76161647178161
0.45,-56,1770628592.79653,-55.76261068337166
0.45,-56,1770628592.89753,-55.76359664818138
0.45,-56,1770628592.9964,-55.76457446844345
0.45,-56,1770628593.09655,-55.76554424470773
0.45,-56,1770628593.1965,-55.766506075875725
0.45,-56,1770628593.29674,-55.767460059234196
0.45,-56,1770628593.39778,-55.76840629048804
0.45,-56,1770628593.49779,-55.76934486379225
0.45,-56,1770628593.59762,-55.7702758717832
0.45,-56,1770628593.69814,-55.77119940560914
0.45,-56,1770628593.79829,-55.77211555495993
0.45,-56,1770628593.90032,-55.77302440809613
0.45,-56,1770628593.99868,-55.77392605187732
0.45,-56,1770628594.09816,-55.77482057178982
0.45,-56,1770628594.19833,-55.7757080519737
0.45,-56,1770628594.29676,-55.7765885752492
0.45,-56,1770628594.39817,-55.77746222314248
0.45,-56,1770628594.49662,-55.77832907591081
0.45,-56,1770628594.59883,-55.779189212567175
0.45,-56,1770628594.69908,-55.78004271090427
0.45,-56,1770628594.79862,-55.78088964751798
0.45,-56,1770628594.89974,-55.78173009783032
0.45,-56,1770628594.99987,-55.782564136111816
0.45,-56,1770628595.10147,-55.783391835503394
0.45,-56,1770628595.2002,-55.7842132680378
0.45,-56,1770628595.30065,-55.785028504660495
0.45,-56,1770628595.40219,-55.785837615250074
0.45,-56,1770628595.50119,-55.78664066863828
0.45,-56,1770628595.60105,-55.78743773262949
0.45,-56,1770628595.69963,-55.78822887401988
0.45,-56,1770628595.80081,-55.78901415861602
0.45,-56,1770628595.90022,-55.78979365125317
0.45,-56,1770628596.00118,-55.79056741581314
0.45,-56,1770628596.1007,-55.79133551524175
0.45,-56,1770628596.20035,-55.79209801156587
0.45,-56,1770628596.30079,-55.792854965910195
0.45,-56,1770628596.40116,-55.79360643851354
0.45,-56,1770628596.50127,-55.794352488744856
0.45,-56,1770628596.60066,-55.79509317511884
0.45,-56,1770628596.70234,-55.79582855531131
0.45,-56,1770628596.80132,-55.7965586861741
0.45,-56,1770628596.90254,-55.79728362374979
0.45,-56,1770628597.00214,-55.798003423286026
0.45,-56,1770628597.10137,-55.798718139249566
0.45,-56,1770628597.20325,-55.79942782534004
0.45,-56,1770628597.3032,-55.80013253450338
0.45,-56,1770628597.40251,-55.800832318945034
0.45,-56,1770628597.50438,-55.80152723014284
0.45,-56,1770628597.60347,-55.80221731885966
0.45,-56,1770628597.7042,-55.802902635155775
0.45,-56,1770628597.80464,-55.80358322840096
0.45,-56,1770628597.9038,-55.80425914728637
0.45,-56,1770628598.00438,-55.80493043983618
0.45,-56,1770628598.10422,-55.80559715341891
0.45,-56,1770628598.20454,-55.806259334758636
0.45,-56,1770628598.30436,-55.80691702994588
0.45,-56,1770628598.40564,-55.80757028444832
0.45,-56,1770628598.50527,-55.80821914312126
0.45,-56,1770628598.60709,-55.80886365021795
0.45,-56,1770628598.70361,-55.809503849399604
0.45,-56,1770628598.80576,-55.81013978374528
0.45,-56,1770628598.90483,-55.81077149576157
0.45,-56,1770628599.00477,-55.81139902739206
0.45,-56,1770628599.1043,-55.81202242002663
0.45,-56,1770628599.20521,-55.81264171451054
0.45,-56,1770628599.30407,-55.8132569511534
0.45,-56,1770628599.40499,-55.81386816973787
0.45,-56,1770628599.50602,-55.8144754095283
0.45,-56,1770628599.60654,-55.81507870927908
0.45,-56,1770628599.7066,-55.815678107242945
0.45,-56,1770628599.80775,-55.816273641179045
0.45,-56,1770628599.90605,-55.81686534836087
0.45,-56,1770628600.00816,-55.817453265584064
0.45,-56,1770628600.10723,-55.818037429174026
0.45,-56,1770628600.20635,-55.818617874993414
0.45,-56,1770628600.30687,-55.81919463844949
0.45,-56,1770628600.40743,-55.81976775450131
0.45,-56,1770628600.50822,-55.82033725766682
0.45,-56,1770628600.60766,-55.82090318202978
0.45,-56,1770628600.70825,-55.821465561246555
0.45,-56,1770628600.80867,-55.822024428552815
0.45,-56,1770628600.90912,-55.82257981677007
0.45,-56,1770628601.0081,-55.82313175831212
0.45,-56,1770628601.10825,-55.82368028519135
0.45,-56,1770628601.21972,-55.82422542902493
0.45,-56,1770628601.3081,-55.82476722104089
0.45,-56,1770628601.40985,-55.8253056920841
0.45,-56,1770628601.50827,-55.82584087262213
0.45,-56,1770628601.60866,-55.82637279275098
0.45,-56,1770628601.70811,-55.82690148220075
0.45,-56,1770628601.80746,-55.82742697034118
0.45,-55,1770628601.90744,-55.82492264959779
0.45,-55,1770628602.00832,-55.822433401451036
0.45,-56,1770628602.1082,-55.82296761497814
0.45,-56,1770628602.20828,-55.823498632556046
0.45,-56,1770628602.30773,-55.82402648280512
0.45,-56,1770628602.40864,-55.82455119400499
0.45,-56,1770628602.50949,-55.82507279409965
0.45,-56,1770628602.60827,-55.82559131070237
0.45,-56,1770628602.70779,-55.826106771100626
0.45,-56,1770628602.80857,-55.826619202260844
0.45,-56,1770628602.90855,-55.82712863083313
0.45,-56,1770628603.00931,-55.8276350831559
0.45,-56,1770628603.10884,-55.828138585260405
0.45,-56,1770628603.21026,-55.82863916287523
0.45,-56,1770628603.30957,-55.829136841430625
0.45,-56,1770628603.40976,-55.82963164606288
0.45,-56,1770628603.51045,-55.83012360161851
0.45,-56,1770628603.6093,-55.830612732658444
0.45,-56,1770628603.711,-55.83109906346211
0.45,-56,1770628603.81132,-55.83158261803146
0.45,-56,1770628603.91504,-55.83206342009491
0.45,-56,1770628604.01063,-55.83254149311124
0.45,-56,1770628604.1113,-55.83301686027342
0.45,-56,1770628604.21205,-55.833489544512325
0.45,-56,1770628604.31068,-55.833959568500475
0.45,-56,1770628604.41126,-55.83442695465564
0.45,-56,1770628604.5114,-55.83489172514441
0.45,-56,1770628604.61041,-55.835353901885696
0.45,-56,1770628604.71211,-55.835813506554196
0.45,-56,1770628604.81119,-55.83627056058377
0.45,-56,1770628604.91307,-55.83672508517079
0.45,-56,1770628605.01082,-55.83717710127742
0.45,-56,1770628605.11048,-55.83762662963481
0.45,-56,1770628605.21159,-55.83807369074633
0.45,-56,1770628605.31133,-55.83851830489063
0.45,-56,1770628605.41208,-55.83896049212474
0.45,-56,1770628605.51064,-55.839400272287094
0.45,-56,1770628605.6114,-55.83983766500048
0.45,-56,1770628605.71121,-55.84027268967498
0.45,-56,1770628605.81271,-55.840705365510836
0.45,-56,1770628605.9119,-55.84113571150127
0.45,-56,1770628606.01227,-55.8415637464353
0.45,-56,1770628606.11317,-55.84198948890042
0.45,-56,1770628606.21235,-55.84241295728535
0.45,-56,1770628606.31257,-55.842834169782655
0.45,-56,1770628606.41225,-55.84325314439137
0.45,-56,1770628606.51314,-55.84366989891954
0.45,-56,1770628606.6132,-55.8440844509868
0.45,-56,1770628606.71332,-55.844496818026784
0.45,-56,1770628606.81212,-55.844907017289636
0.45,-56,1770628606.9123,-55.8453150658444
0.45,-56,1770628607.01231,-55.84572098058138
0.45,-56,1770628607.11239,-55.846124778214474
0.45,-56,1770628607.21404,-55.84652647528348
0.45,-56,1770628607.31304,-55.846926088156366
0.45,-56,1770628607.41133,-55.84732363303147
0.45,-56,1770628607.51308,-55.84771912593971
0.45,-56,1770628607.61342,-55.84811258274674
0.45,-56,1770628607.71223,-55.84850401915505
0.45,-56,1770628607.81284,-55.84889345070611
0.45,-56,1770628607.91251,-55.849280892782375
0.45,-56,1770628608.01187,-55.849666360609355
0.45,-56,1770628608.1123,-55.850049869257575
0.45,-56,1770628608.21202,-55.850431433644566
0.45,-56,1770628608.3115,-55.8508110685368
0.45,-56,1770628608.41226,-55.85118878855159
0.45,-56,1770628608.51214,-55.85156460815896
0.45,-56,1770628608.6123,-55.85193854168352
0.45,-56,1770628608.71221,-55.852310603306286
0.45,-56,1770628608.81138,-55.85268080706643
0.45,-56,1770628608.9123,-55.85304916686311
0.45,-56,1770628609.01222,-55.85341569645717
0.45,-56,1770628609.11132,-55.853780409472876
0.45,-56,1770628609.21273,-55.854143319399604
0.45,-56,1770628609.31106,-55.85450443959349
0.45,-56,1770628609.41147,-55.85486378327909
0.45,-56,1770628609.51229,-55.855221363550996
0.45,-56,1770628609.61233,-55.8555771933754
0.45,-56,1770628609.71244,-55.85593128559171
0.45,-56,1770628609.81121,-55.856283652914044
0.45,-56,1770628609.91281,-55.85663430793281
0.45,-56,1770628610.01209,-55.856983263116156
0.45,-56,1770628610.11232,-55.857330530811495
0.45,-56,1770628610.2134,-55.85767612324692
0.45,-56,1770628610.31311,-55.85802005253267
0.45,-56,1770628610.41321,-55.85836233066255
0.45,-56,1770628610.51158,-55.8587029695153
0.45,-56,1770628610.61407,-55.859041980856
0.45,-56,1770628610.71155,-55.85937937633741
0.45,-56,1770628610.81102,-55.8597151675013
0.45,-56,1770628610.91254,-55.8600493657798
0.45,-56,1770628611.01235,-55.86038198249667
0.45,-56,1770628611.11227,-55.86071302886858
0.45,-56,1770628611.21134,-55.86104251600639
0.45,-56,1770628611.31152,-55.86137045491639
0.45,-56,1770628611.41217,-55.861696856501524
0.45,-56,1770628611.51204,-55.86202173156259
0.45,-56,1770628611.61192,-55.86234509079946
0.45,-56,1770628611.71199,-55.862666944812226
0.45,-56,1770628611.8131,-55.86298730410238
0.45,-56,1770628611.91218,-55.86330617907396
0.45,-56,1770628612.01268,-55.863623580034655
0.45,-56,1770628612.11208,-55.86393951719695
0.45,-56,1770628612.21185,-55.86425400067918
0.45,-56,1770628612.31161,-55.86456704050667
0.45,-56,1770628612.41308,-55.864878646612745
0.45,-56,1770628612.51123,-55.86518882883981
0.45,-56,1770628612.61169,-55.8654975969404
0.45,-56,1770628612.71217,-55.865804960578174
0.45,-56,1770628612.81137,-55.86611092932894
0.45,-56,1770628612.91335,-55.86641551268166
0.45,-56,1770628613.01316,-55.86671872003942
0.45,-56,1770628613.11129,-55.86702056072039
0.45,-56,1770628613.21155,-55.86732104395881
0.45,-56,1770628613.3121,-55.8676201789059
0.45,-56,1770628613.41155,-55.86791797463082
0.45,-56,1770628613.51182,-55.86821444012157
0.45,-56,1770628613.61099,-55.86850958428589
0.45,-56,1770628613.71319,-55.86880341595217
0.45,-56,1770628613.81143,-55.869095943870335
0.45,-56,1770628613.9111,-55.869387176712685
0.45,-56,1770628614.0116,-55.869677123074794
0.45,-56,1770628614.11219,-55.869965791476325
0.45,-56,1770628614.21169,-55.870253190361886
0.45,-56,1770628614.31105,-55.870539328101835
0.45,-56,1770628614.41161,-55.870824212993114
0.45,-56,1770628614.5121,-55.87110785326004
0.45,-56,1770628614.61229,-55.87139025705511
0.45,-56,1770628614.71166,-55.87167143245976
0.45,-56,1770628614.81099,-55.871951387485176
0.45,-56,1770628614.91087,-55.87223013007301
0.45,-56,1770628615.01188,-55.872507668096155
0.45,-56,1770628615.1112,-55.8727840093595
0.45,-56,1770628615.21113,-55.87305916160065
0.45,-56,1770628615.31216,-55.87333313249064
0.45,-56,1770628615.41328,-55.87360592963468
0.45,-56,1770628615.51317,-55.8738775605728
0.45,-56,1770628615.61286,-55.874148032780624
0.45,-56,1770628615.71334,-55.874417353670005
0.45,-56,1770628615.81423,-55.8746855305897
0.45,-56,1770628615.91464,-55.87495257082608
0.45,-56,1770628616.01506,-55.87521848160376
0.45,-56,1770628616.11531,-55.87548327008625
0.45,-56,1770628616.21603,-55.87574694337661
0.45,-56,1770628616.31579,-55.8760095085181
0.45,-56,1770628616.41544,-55.87627097249477
0.45,-56,1770628616.51574,-55.87653134223213
0.45,-56,1770628616.61532,-55.8767906245977
0.45,-56,1770628616.71559,-55.87704882640169
0.45,-56,1770628616.81815,-55.87730595439753
0.45,-56,1770628616.91649,-55.8775620152825
0.45,-56,1770628617.01704,-55.8778170156983
0.45,-56,1770628617.11714,-55.878070962231625
0.45,-56,1770628617.21796,-55.878323861414735
0.45,-56,1770628617.31726,-55.878575719726015
0.45,-56,1770628617.42019,-55.87882654359053
0.45,-56,1770628617.51677,-55.87907633938057
0.45,-56,1770628617.617,-55.87932511341619
0.45,-56,1770628617.71716,-55.87957287196577
0.45,-56,1770628617.81807,-55.87981962124649
0.45,-56,1770628617.91617,-55.88006536742489
0.45,-56,1770628618.01619,-55.88031011661738
0.45,-56,1770628618.11687,-55.880553874890744
0.45,-56,1770628618.21798,-55.88079664826264
0.45,-56,1770628618.31714,-55.88103844270209
0.45,-56,1770628618.41624,-55.88127926413
0.45,-56,1770628618.51963,-55.881519118419604
0.45,-56,1770628618.61714,-55.88175801139696
0.45,-56,1770628618.71635,-55.88199594884144
0.45,-56,1770628618.81643,-55.88223293648617
0.45,-56,1770628618.91658,-55.8824689800185
0.45,-56,1770628619.0171,-55.88270408508047
0.45,-56,1770628619.11724,-55.882938257269245
0.45,-56,1770628619.21717,-55.88317150213758
0.45,-56,1770628619.31719,-55.88340382519423
0.45,-56,1770628619.41617,-55.883635231904414
0.45,-56,1770628619.5171,-55.883865727690235
0.45,-56,1770628619.61787,-55.8840953179311
0.45,-56,1770628619.7183,-55.88432400796413
0.45,-56,1770628619.81739,-55.88455180308461
0.45,-56,1770628619.91901,-55.88477870854635
0.45,-56,1770628620.01739,-55.88500472956213
0.45,-56,1770628620.11806,-55.88522987130407
0.45,-56,1770628620.21726,-55.88545413890406
0.45,-56,1770628620.31872,-55.885677537454114
0.45,-56,1770628620.41904,-55.88590007200678
0.45,-56,1770628620.52004,-55.88612174757551
0.45,-56,1770628620.62015,-55.886342569135046
0.45,-56,1770628620.72089,-55.88656254162179
0.45,-56,1770628620.81978,-55.88678166993417
0.5,-56,1770628628.78698,-56.0
0.5,-56,1770628628.78707,-56.0
0.5,-56,1770628628.78715,-56.0
0.5,-56,1770628628.78725,-56.0
0.5,-56,1770628628.78732,-56.0
0.5,-56,1770628628.78738,-56.0
0.5,-56,1770628628.78745,-56.0
0.5,-56,1770628628.78751,-56.0
0.5,-56,1770628628.78757,-56.0
0.5,-56,1770628628.78764,-56.0
0.5,-56,1770628628.7877,-56.0
0.5,-56,1770628628.78777,-56.0
0.5,-56,1770628628.78783,-56.0
0.5,-56,1770628628.78789,-56.0
0.5,-56,1770628628.78796,-56.0
0.5,-56,1770628628.78802,-56.0
0.5,-56,1770628628.78808,-56.0
0.5,-56,1770628628.78815,-56.0
0.5,-56,1770628628.78821,-56.0
0.5,-56,1770628628.78828,-56.0
0.5,-56,1770628628.78834,-56.0
0.5,-56,1770628628.7884,-56.0
0.5,-56,1770628628.78847,-56.0
0.5,-56,1770628628.78853,-56.0
0.5,-56,1770628628.7886,-56.0
0.5,-56,1770628628.78866,-56.0
0.5,-56,1770628628.78873,-56.0
0.5,-56,1770628628.78879,-56.0
0.5,-56,1770628628.78885,-56.0
0.5,-56,1770628628.78892,-56.0
0.5,-56,1770628628.78898,-56.0
0.5,-57,1770628628.78904,-56.019231565378455
0.5,-56,1770628628.78911,-56.01886868998987
0.5,-56,1770628628.78917,-56.01851925409113
0.5,-56,1770628628.78924,-56.01818252462079
0.5,-56,1770628628.7893,-56.01785782087883
0.5,-57,1770628628.78937,-56.03508925670861
0.5,-56,1770628628.78943,-56.03448423776508
0.5,-57,1770628628.78949,-56.05084980285936
0.5,-56,1770628628.78956,-56.05000225830437
0.5,-56,1770628628.78962,-56.04918250121955
0.5,-57,1770628628.78968,-56.064519195638916
0.5,-57,1770628628.78975,-56.079369027167104
0.5,-57,1770628628.78982,-56.093754817458034
0.5,-57,1770628628.7899,-56.10769798375882
0.5,-57,1770628628.78999,-56.121218645304026
0.5,-57,1770628628.79005,-56.1343357201821
0.5,-58,1770628628.79012,-56.161773977739465
0.5,-58,1770628628.79019,-56.188416955096436
0.5,-58,1770628628.79028,-56.2142987356299
0.5,-58,1770628628.7904,-56.23945148252984
0.5,-58,1770628628.79048,-56.2639055721454
0.5,-58,1770628628.79055,-56.28768971637105
0.5,-58,1770628628.79065,-56.31083107510956
0.5,-58,1770628628.79072,-56.33335535973794
0.5,-58,1770628628.79079,-56.35528692840503
0.5,-58,1770628628.79097,-56.37664887390329
0.5,-58,1770628628.79106,-56.397463104781316
0.5,-58,1770628628.79115,-56.417750420295825
0.5,-59,1770628628.79123,-56.45003186885636
0.5,-58,1770628628.79131,-56.46916930253161
0.5,-58,1770628628.79139,-56.487839995433156
0.5,-58,1770628628.79145,-56.506060817684194
0.5,-58,1770628628.79151,-56.523847836069905
0.5,-58,1770628628.79158,-56.54121636129256
0.5,-58,1770628628.79164,-56.55818099192977
0.5,-59,1770628628.7917,-56.58625131697922
0.5,-58,1770628628.79177,-56.60231865861382
0.5,-58,1770628628.79183,-56.61802495992068
0.5,-58,1770628628.79189,-56.63338225556075
0.5,-58,1770628628.79196,-56.64840205119959
0.5,-58,1770628628.79202,-56.66309535225711
0.5,-58,1770628628.79208,-56.677472690802446
0.5,-58,1770628628.79215,-56.69154415073218
0.5,-58,1770628628.79221,-56.70531939135831
0.5,-57,1770628628.79228,-56.70838944121638
0.5,-57,1770628628.79234,-56.71139619596687
0.5,-58,1770628628.7924,-56.724547270354066
0.5,-59,1770628628.79246,-56.74753531037214
0.5,-58,1770628628.82441,-56.760061997967235
0.5,-58,1770628628.92323,-56.77234065310151
0.5,-58,1770628629.02324,-56.78437857083836
0.5,-58,1770628629.12287,-56.7961827629381
0.5,-58,1770628629.22399,-56.80775997147826
0.5,-58,1770628629.32431,-56.81911668169564
0.5,-58,1770628629.42401,-56.83025913410138
0.5,-58,1770628629.52527,-56.841193335916785
0.5,-58,1770628629.62488,-56.85192507187371
0.5,-58,1770628629.72517,-56.86245991442051
0.5,-58,1770628629.82397,-56.8728032333713
0.5,-58,1770628629.92511,-56.882960205033584
0.5,-58,1770628630.02414,-56.89293582084694
0.5,-58,1770628630.125,-56.90273489556301
0.5,-58,1770628630.22432,-56.912362074994974
0.5,-57,1770628630.32597,-56.91312430887053
0.5,-58,1770628630.42523,-56.92249599102919
0.5,-58,1770628630.52543,-56.93170749146044
0.5,-58,1770628630.62471,-56.9407628825767
0.5,-58,1770628630.72581,-56.94966609990267
0.5,-57,1770628630.8261,-56.95008564804668
0.5,-58,1770628630.92611,-56.95876470835622
0.5,-58,1770628631.02549,-56.96730150633754
0.5,-58,1770628631.12513,-56.9756995117999
0.5,-58,1770628631.22539,-56.98396208262333
0.5,-58,1770628631.32516,-56.99209246923581
0.5,-58,1770628631.42633,-57.00009381887722
0.5,-58,1770628631.52517,-57.007969179661885
0.5,-58,1770628631.6252,-57.01572150445064
0.5,-58,1770628631.72514,-57.023353654542824
0.5,-57,1770628631.82518,-57.023173961202566
0.5,-57,1770628631.92485,-57.022997010886385
0.5,-57,1770628632.02505,-57.02282274125289
0.5,-57,1770628632.12515,-57.022651091835606
0.5,-57,1770628632.2253,-57.02248200397304
0.5,-57,1770628632.32731,-57.022315420741805
0.5,-57,1770628632.42614,-57.022151286892736
0.5,-57,1770628632.52571,-57.02198954878978
0.5,-57,1770628632.62632,-57.021830154351555
0.5,-57,1770628632.72488,-57.0216730529954
0.5,-57,1770628632.82546,-57.02151819558391
0.5,-57,1770628632.92516,-57.021365534373615
0.5,-57,1770628633.02528,-57.02121502296594
0.5,-58,1770628633.12572,-57.02806197544494
0.5,-58,1770628633.22506,-57.034813847521
0.5,-58,1770628633.32462,-57.04147260637303
0.5,-58,1770628633.42558,-57.04804016528467
0.5,-58,1770628633.52568,-57.05451838547748
0.5,-58,1770628633.62526,-57.06090907786976
0.5,-58,1770628633.72598,-57.067214004764594
0.5,-58,1770628633.82519,-57.07343488147036
0.5,-58,1770628633.92455,-57.07957337785684
0.5,-58,1770628634.02521,-57.08563111984991
0.5,-58,1770628634.1246,-57.0916096908676
0.5,-58,1770628634.22522,-57.097510633200244
0.5,-58,1770628634.32519,-57.103335449337166
0.5,-58,1770628634.42521,-57.10908560324235
0.5,-58,1770628634.52526,-57.114762521581355
0.5,-58,1770628634.62521,-57.120367594901666
0.5,-58,1770628634.72535,-57.125902178768456
0.5,-58,1770628634.82515,-57.1313675948578
0.5,-57,1770628634.92526,-57.13055129849408
0.5,-57,1770628635.02478,-57.129745077694636
0.5,-58,1770628635.12638,-57.13508640317592
0.5,-58,1770628635.22489,-57.14036260490781
0.5,-57,1770628635.32548,-57.139511540630096
0.5,-57,1770628635.42537,-57.138670727821726
0.5,-58,1770628635.52521,-57.1438307599751
0.5,-58,1770628635.62517,-57.14892937739343
0.5,-58,1770628635.72436,-57.15396767027815
0.5,-57,1770628635.8252,-57.15306154639962
0.5,-57,1770628635.92444,-57.152166017919384
0.5,-58,1770628636.02531,-57.15709769078245
0.5,-58,1770628636.12491,-57.16197236408326
0.5,-57,1770628636.22473,-57.16104102345708
0.5,-58,1770628636.32478,-57.16583749714998
0.5,-58,1770628636.42448,-57.17057947931068
0.5,-58,1770628636.52661,-57.17526789352367
0.5,-58,1770628636.62616,-57.17990364261871
0.5,-58,1770628636.72573,-57.18448760925065
0.5,-58,1770628636.82553,-57.18902065645978
0.5,-58,1770628636.92928,-57.19350362821368
0.5,-58,1770628637.02617,-57.19793734993122
0.5,-58,1770628637.12558,-57.20232262898933
0.5,-58,1770628637.22423,-57.20666025521328
0.5,-58,1770628637.32486,-57.21095100135104
0.5,-58,1770628637.42588,-57.215195623532374
0.5,-58,1770628637.52613,-57.219394861713134
0.5,-58,1770628637.62609,-57.22354944010546
0.5,-58,1770628637.72434,-57.22766006759424
0.5,-58,1770628637.82542,-57.2317274381405
0.5,-58,1770628637.92452,-57.23575223117204
0.5,-58,1770628638.02465,-57.23973511196194
0.5,-58,1770628638.12439,-57.24367673199523
0.5,-58,1770628638.22472,-57.24757772932427
0.5,-58,1770628638.32443,-57.25143872891317
0.5,-58,1770628638.42513,-57.255260342971695
0.5,-58,1770628638.5251,-57.25904317127895
0.5,-58,1770628638.62585,-57.26278780149729
0.5,-58,1770628638.72495,-57.26649480947678
0.5,-58,1770628638.8253,-57.27016475955049
0.5,-58,1770628638.92544,-57.27379820482098
0.5,-58,1770628639.02518,-57.277395687438286
0.5,-58,1770628639.12464,-57.2809577388697
0.5,-58,1770628639.22417,-57.28448488016159
0.5,-58,1770628639.32618,-57.28797762219357
0.5,-58,1770628639.42537,-57.29143646592527
0.5,-58,1770628639.52559,-57.29486190263594
0.5,-58,1770628639.62524,-57.29825441415715
0.5,-58,1770628639.72513,-57.30161447309884
0.5,-58,1770628639.82522,-57.30494254306884
0.5,-58,1770628639.92561,-57.308239078886224
0.5,-58,1770628640.0253,-57.31150452678857
0.5,-58,1770628640.1265,-57.3147393246334
0.5,-58,1770628640.22719,-57.317943902094015
0.5,-58,1770628640.32544,-57.32111868084978
0.5,-58,1770628640.42625,-57.324264074771186
0.5,-58,1770628640.52587,-57.32738049009979
0.5,-58,1770628640.6263,-57.33046832562317
0.5,-58,1770628640.72588,-57.33352797284512
0.5,-58,1770628640.82646,-57.33655981615117
0.5,-57,1770628640.92642,-57.335035690846894
0.5,-57,1770628641.026,-57.33352529084204
0.5,-58,1770628641.12685,-57.33651642503092
0.5,-58,1770628641.22541,-57.33948086367337
0.5,-58,1770628641.32613,-57.342418962709644
0.5,-58,1770628641.42722,-57.34533107178016
0.5,-58,1770628641.52563,-57.34821753436429
0.5,-58,1770628641.62534,-57.35107868791544
0.5,-58,1770628641.72618,-57.35391486399265
0.5,-58,1770628641.82617,-57.356726388388715
0.5,-58,1770628641.92644,-57.359513581254994
0.5,-58,1770628642.02583,-57.36227675722299
0.5,-58,1770628642.1263,-57.36501622552284
0.5,-58,1770628642.22625,-57.36773229009865
0.5,-58,1770628642.32679,-57.37042524972105
0.5,-58,1770628642.42726,-57.37309539809675
0.5,-58,1770628642.52768,-57.37574302397538
0.5,-58,1770628642.62875,-57.37836841125365
0.5,-58,1770628642.73012,-57.38097183907686
0.5,-58,1770628642.82828,-57.38355358193787
0.5,-58,1770628642.92925,-57.38611390977366
0.5,-58,1770628643.02929,-57.388653088059456
0.5,-58,1770628643.12859,-57.391171377900505
0.5,-58,1770628643.22912,-57.39366903612164
0.5,-58,1770628643.32855,-57.396146315354656
0.5,-58,1770628643.42853,-57.39860346412349
0.5,-58,1770628643.5288,-57.40104072692741
0.5,-58,1770628643.63126,-57.40345834432217
0.5,-57,1770628643.72853,-57.40183636655592
0.5,-58,1770628643.83097,-57.40423149680419
0.5,-58,1770628643.93025,-57.40660755223211
0.5,-58,1770628644.03022,-57.4089647599206
0.5,-58,1770628644.13044,-57.41130334336036
0.5,-58,1770628644.23066,-57.41362352252255
0.5,-58,1770628644.33135,-57.4159255139278
0.5,-58,1770628644.43054,-57.41820953071362
0.5,-58,1770628644.53038,-57.42047578270019
0.5,-58,1770628644.63059,-57.422724476454675
0.5,-58,1770628644.73022,-57.42495581535401
0.5,-58,1770628644.83081,-57.42716999964626
0.5,-58,1770628644.93095,-57.42936722651054
0.5,-58,1770628645.03103,-57.43154769011562
0.5,-58,1770628645.13018,-57.433711581677116
0.5,-58,1770628645.23037,-57.43585908951345
0.5,-58,1770628645.33014,-57.43799039910049
0.5,-58,1770628645.43087,-57.440105693125005
0.5,-58,1770628645.52993,-57.442205151536875
0.5,-58,1770628645.63108,-57.44428895160017
0.5,-58,1770628645.73045,-57.446357267943064
0.5,-58,1770628645.83116,-57.44841027260664
0.5,-58,1770628645.92962,-57.45044813509263
0.5,-58,1770628646.0304,-57.4524710224101
0.5,-58,1770628646.13029,-57.4544790991211
0.5,-58,1770628646.22956,-57.4564725273853
0.5,-58,1770628646.3312,-57.4584514670037
0.5,-58,1770628646.43106,-57.46041607546133
0.5,-58,1770628646.53143,-57.46236650796909
0.5,-58,1770628646.63104,-57.4643029175046
0.5,-58,1770628646.73079,-57.46622545485227
0.5,-58,1770628646.83073,-57.46813426864246
0.5,-58,1770628646.93075,-57.47002950538977
0.5,-58,1770628647.03107,-57.47191130953059
0.5,-58,1770628647.13222,-57.47377982345981
0.5,-58,1770628647.23121,-57.47563518756675
0.5,-58,1770628647.3306,-57.47747754027037
0.5,-58,1770628647.42933,-57.47930701805369
0.5,-58,1770628647.5301,-57.481123755497514
0.5,-58,1770628647.62935,-57.482927885313494
0.5,-58,1770628647.73014,-57.484719538376424
0.5,-58,1770628647.83036,-57.486498843755946
0.5,-58,1770628647.93045,-57.48826592874753
0.5,-58,1770628648.03021,-57.490020918902886
0.5,-58,1770628648.12984,-57.4917639380597
0.5,-58,1770628648.22931,-57.49349510837079
0.5,-58,1770628648.33058,-57.495214550332676
0.5,-58,1770628648.43102,-57.49692238281354
0.5,-58,1770628648.53021,-57.49861872308064
0.5,-58,1770628648.63106,-57.50030368682719
0.5,-58,1770628648.73101,-57.501977388198654
0.5,-58,1770628648.83095,-57.50363993981857
0.5,-58,1770628648.93204,-57.50529145281381
0.5,-58,1770628649.03144,-57.50693203683936
0.5,-58,1770628649.13221,-57.50856180010263
0.5,-58,1770628649.2321,-57.510180849387254
0.5,-58,1770628649.33101,-57.5117892900764
0.5,-58,1770628649.43272,-57.513387226175695
0.5,-58,1770628649.53186,-57.51497476033564
0.5,-58,1770628649.63242,-57.51655199387361
0.5,-57,1770628649.73247,-57.51487765874351
0.5,-57,1770628649.83219,-57.513214117239386
0.5,-57,1770628649.93308,-57.51156126524289
0.5,-57,1770628650.03225,-57.509918999970516
0.5,-58,1770628650.1326,-57.51148729686317
0.5,-58,1770628650.23144,-57.51304561270234
0.5,-58,1770628650.33352,-57.514594042545454
0.5,-58,1770628650.43212,-57.51613268024669
0.5,-58,1770628650.53311,-57.51766161847595
0.5,-58,1770628650.63229,-57.51918094873747
0.5,-58,1770628650.73341,-57.5206907613881
0.5,-58,1770628650.83266,-57.52219114565524
0.5,-58,1770628650.93292,-57.52368218965441
0.5,-58,1770628651.03403,-57.52516398040652
0.5,-57,1770628651.13402,-57.52353527331639
0.5,-58,1770628651.23324,-57.52500840301121
0.5,-58,1770628651.33502,-57.52647247516607
0.5,-58,1770628651.43334,-57.52792757313234
0.5,-58,1770628651.53295,-57.529373779241816
0.5,-58,1770628651.63315,-57.530811174822254
0.5,-58,1770628651.73268,-57.53223984021262
0.5,-58,1770628651.83247,-57.53365985477806
0.5,-58,1770628651.93277,-57.53507129692464
0.5,-58,1770628652.0331,-57.53647424411377
0.5,-58,1770628652.13307,-57.53786877287639
0.5,-58,1770628652.23223,-57.539254958826895
0.5,-58,1770628652.33208,-57.54063287667684
0.5,-58,1770628652.43288,-57.542002600248345
0.5,-58,1770628652.53308,-57.543364202487304
0.5,-57,1770628652.63347,-57.541753570459726
0.5,-57,1770628652.73259,-57.54015243170735
0.5,-57,1770628652.83335,-57.53856070246623
0.5,-58,1770628652.93433,-57.539916506370716
0.5,-58,1770628653.03423,-57.54126438922221
0.5,-57,1770628653.13473,-57.53968328000313
0.5,-58,1770628653.23402,-57.54102403613566
0.5,-58,1770628653.33429,-57.54235702737503
0.5,-58,1770628653.43491,-57.5436823210467
0.5,-58,1770628653.53449,-57.54499998370004
0.5,-57,1770628653.63505,-57.54343074623485
0.5,-58,1770628653.73421,-57.544741610360575
0.5,-57,1770628653.83428,-57.54318204355057
0.5,-58,1770628653.93445,-57.54448617863161
0.5,-58,1770628654.03612,-57.545782911402306
0.5,-58,1770628654.13562,-57.54707230477162
0.5,-58,1770628654.23446,-57.54835442093765
0.5,-58,1770628654.33541,-57.54962932139769
0.5,-58,1770628654.43864,-57.550897066958036
0.5,-58,1770628654.53519,-57.5521577177437
0.5,-58,1770628654.63582,-57.55341133320788
0.5,-58,1770628654.73535,-57.55465797214137
0.5,-58,1770628654.83543,-57.55589769268172
0.5,-58,1770628654.93464,-57.55713055232229
0.5,-58,1770628655.03522,-57.55835660792117
0.5,-58,1770628655.13486,-57.5595759157099
0.5,-58,1770628655.23523,-57.560788531302094
0.5,-58,1770628655.33431,-57.561994509701904
0.5,-58,1770628655.4351,-57.563193905312346
0.5,-58,1770628655.53503,-57.56438677194348
0.5,-58,1770628655.63454,-57.56557316282048
0.5,-58,1770628655.7351,-57.56675313059154
0.5,-58,1770628655.8342,-57.56792672733572
0.5,-58,1770628655.93498,-57.56909400457053
0.5,-58,1770628656.03516,-57.57025501325956
0.5,-58,1770628656.13526,-57.571409803819876
0.5,-58,1770628656.23378,-57.572558426129305
0.5,-58,1770628656.33417,-57.57370092953366
0.5,-58,1770628656.43436,-57.57483736285378
0.5,-58,1770628656.53514,-57.575967774392524
0.5,-58,1770628656.63523,-57.57709221194161
0.5,-58,1770628656.7342,-57.578210722788356
0.5,-58,1770628656.83507,-57.579323353722316
0.5,-58,1770628656.93518,-57.58043015104181
0.5,-58,1770628657.03519,-57.581531160560374
0.5,-58,1770628657.13551,-57.58262642761306
0.5,-58,1770628657.23397,-57.583715997062676
0.5,-58,1770628657.33422,-57.584799913305936
0.5,-58,1770628657.43382,-57.585878220279476
0.5,-58,1770628657.535,-57.5869509614658
0.5,-58,1770628657.63473,-57.588018179899166
0.5,-58,1770628657.73414,-57.58907991817128
0.5,-58,1770628657.83515,-57.59013621843704
0.5,-58,1770628657.93459,-57.59118712242008
0.5,-58,1770628658.0347,-57.59223267141829
0.5,-58,1770628658.13519,-57.5932729063092
0.5,-58,1770628658.23365,-57.59430786755538
0.5,-58,1770628658.33442,-57.595337595209614
0.5,-58,1770628658.43445,-57.596362128920134
0.5,-58,1770628658.5345,-57.597381507935694
0.5,-58,1770628658.63518,-57.598395771110575
0.5,-58,1770628658.73477,-57.599404956909545
0.5,-58,1770628658.83517,-57.60040910341273
0.5,-58,1770628658.93515,-57.601408248320396
0.5,-58,1770628659.03429,-57.602402428957696
0.5,-58,1770628659.13502,-57.60339168227929
0.5,-58,1770628659.23419,-57.60437604487396
0.5,-58,1770628659.33483,-57.60535555296912
0.5,-58,1770628659.43549,-57.60633024243526
0.5,-58,1770628659.53526,-57.60730014879034
0.5,-58,1770628659.63459,-57.608265307204086
0.5,-58,1770628659.7343,-57.60922575250228
0.5,-58,1770628659.83423,-57.61018151917094
0.5,-58,1770628659.93357,-57.611132641360456
0.5,-58,1770628660.03451,-57.61207915288965
0.5,-58,1770628660.13517,-57.613021087249805
0.5,-58,1770628660.23398,-57.61395847760863
0.5,-58,1770628660.33692,-57.61489135681411
0.5,-57,1770628660.43527,-57.613409007599
0.5,-58,1770628660.53447,-57.61433875963991
0.5,-58,1770628660.63462,-57.61526406949038
0.5,-58,1770628660.73478,-57.616184968955885
0.5,-58,1770628660.83435,-57.617101489538975
0.5,-58,1770628660.93396,-57.6180136624429
0.5,-58,1770628661.03626,-57.61892151857513
0.5,-58,1770628661.13524,-57.61982508855087
0.5,-58,1770628661.23403,-57.6207244026965
0.5,-58,1770628661.33587,-57.62161949105299
0.5,-58,1770628661.43494,-57.622510383379215
0.5,-58,1770628661.53547,-57.62339710915529
0.5,-58,1770628661.63442,-57.62427969758581
0.5,-58,1770628661.73376,-57.62515817760307
0.5,-58,1770628661.83441,-57.62603257787022
0.5,-58,1770628661.93408,-57.626902926784396
0.5,-58,1770628662.03382,-57.6277692524798
0.5,-58,1770628662.13526,-57.628631582830735
0.5,-58,1770628662.23369,-57.629489945454594
0.5,-58,1770628662.33446,-57.63034436771482
0.5,-58,1770628662.43365,-57.63119487672381
0.5,-58,1770628662.53535,-57.6320414993458
0.5,-58,1770628662.6337,-57.63288426219969
0.5,-58,1770628662.73534,-57.633723191661815
0.5,-58,1770628662.83424,-57.63455831386876
0.5,-58,1770628662.9354,-57.635389654720015
0.5,-58,1770628663.0342,-57.63621723988071
0.5,-58,1770628663.13392,-57.63704109478421
0.5,-58,1770628663.23462,-57.63786124463476
0.5,-58,1770628663.33456,-57.638677714410065
0.5,-58,1770628663.43527,-57.639490528863796
0.5,-57,1770628663.53433,-57.63805515661737
0.5,-57,1770628663.63519,-57.636626181726925
0.5,-57,1770628663.73443,-57.63520356144878
0.5,-58,1770628663.83411,-57.63601694499453
0.5,-58,1770628663.93511,-57.63682672753918
0.5,-58,1770628664.03489,-57.63763293298299
0.5,-58,1770628664.13389,-57.63843558501517
0.5,-58,1770628664.23449,-57.63923470711623
0.5,-57,1770628664.33456,-57.637824967833225
0.5,-57,1770628664.43551,-57.63642140106695
0.5,-58,1770628664.53421,-57.63721973590384
0.5,-57,1770628664.63638,-57.63582358201655
0.5,-58,1770628664.73434,-57.636619769376445
0.5,-58,1770628664.83432,-57.637412501062364
0.5,-58,1770628664.93521,-57.63820179956223
0.5,-58,1770628665.03647,-57.63898768716926
0.5,-58,1770628665.13635,-57.63977018598407
0.5,-58,1770628665.23671,-57.64054931791675
0.5,-58,1770628665.33567,-57.64132510468893
0.5,-58,1770628665.43619,-57.642097567835776
0.5,-58,1770628665.53651,-57.642866728708
0.5,-58,1770628665.63826,-57.64363260847383
0.5,-58,1770628665.73895,-57.644395228120956
0.5,-58,1770628665.8395,-57.64515460845845
0.5,-58,1770628665.93836,-57.64591077011865
0.5,-58,1770628666.03843,-57.64666373355906
0.5,-58,1770628666.13892,-57.64741351906417
0.5,-58,1770628666.23778,-57.6481601467473
0.5,-58,1770628666.34025,-57.64890363655239
0.5,-58,1770628666.4386,-57.649644008255784
0.5,-58,1770628666.53894,-57.65038128146798
0.5,-58,1770628666.63917,-57.651115475635386
0.5,-58,1770628666.73875,-57.651846610042
0.5,-58,1770628666.83906,-57.65257470381114
0.5,-58,1770628666.93938,-57.65329977590707
0.5,-58,1770628667.03983,-57.654021845136704
0.5,-58,1770628667.14023,-57.65474093015117
0.5,-58,1770628667.24042,-57.65545704944748
0.5,-58,1770628667.34146,-57.65617022137008
0.5,-58,1770628667.44182,-57.65688046411245
0.5,-58,1770628667.54184,-57.657587795718605
0.5,-58,1770628667.64334,-57.65829223408469
0.5,-57,1770628667.74336,-57.65694068917148
0.5,-57,1770628667.84282,-57.65559464990961
0.5,-58,1770628667.94322,-57.65629889380935
0.5,-58,1770628668.04208,-57.65700028060975
0.5,-58,1770628668.14221,-57.65769882769661
0.5,-58,1770628668.24425,-57.65839455231496
0.5,-58,1770628668.34222,-57.65908747157046
0.5,-58,1770628668.44319,-57.65977760243083
0.5,-57,1770628668.54171,-57.658444638252604
0.5,-57,1770628668.64267,-57.65711701646281
0.5,-57,1770628668.74271,-57.65579470494328
0.5,-57,1770628668.84426,-57.65447767183277
0.5,-57,1770628668.94294,-57.65316588552443
0.5,-57,1770628669.04162,-57.65185931466325
0.5,-57,1770628669.14264,-57.65055792814357
0.5,-58,1770628669.24242,-57.65125418951931
0.5,-57,1770628669.34279,-57.649959117112026
0.5,-57,1770628669.44258,-57.64866915282891
0.5,-58,1770628669.54325,-57.649365070339236
0.5,-58,1770628669.64348,-57.650058253810016
0.5,-57,1770628669.74533,-57.64877563225509
0.5,-57,1770628669.84486,-57.647498029870086
0.5,-57,1770628669.9449,-57.64622541718865
0.5,-57,1770628670.04523,-57.64495776497463
0.5,-58,1770628670.14408,-57.64565287901673
0.5,-58,1770628670.24461,-57.64634529418859
0.5,-58,1770628670.34458,-57.647035026211576
0.5,-58,1770628670.44527,-57.647722090685164
0.5,-58,1770628670.54449,-57.648406503088154
0.5,-57,1770628670.6443,-57.64714917666999
0.5,-57,1770628670.74469,-57.64589668475103
0.5,-57,1770628670.84451,-57.644648999440314
0.55,-57,1770628684.83702,-57.0
0.55,-57,1770628684.83713,-57.0
0.55,-57,1770628684.83723,-57.0
0.55,-58,1770628684.83732,-57.04166682760412
0.55,-58,1770628684.83741,-57.08000034079984
0.55,-58,1770628684.83749,-57.11538515096119
0.55,-58,1770628684.83758,-57.14814889025999
0.55,-58,1770628684.83766,-57.17857238647854
0.55,-58,1770628684.83775,-57.20689773269757
0.55,-58,1770628684.83783,-57.23333474305326
0.55,-58,1770628684.83792,-57.25806615899789
0.55,-58,1770628684.838,-57.28125187939035
0.55,-57,1770628684.83809,-57.27272897933424
0.55,-57,1770628684.83817,-57.264707420107506
0.55,-57,1770628684.83826,-57.2571442297907
0.55,-57,1770628684.83835,-57.250001211105705
0.55,-58,1770628684.83853,-57.27027182490171
0.55,-58,1770628684.83865,-57.28947557959643
0.55,-58,1770628684.83876,-57.30769454101465
0.55,-58,1770628684.83886,-57.32500256842404
0.55,-58,1770628684.83896,-57.341466315331765
0.55,-58,1770628684.83906,-57.357146087310575
0.55,-57,1770628684.83917,-57.34884014111046
0.55,-57,1770628684.83928,-57.340911731178146
0.55,-57,1770628684.83938,-57.33333568849822
0.55,-57,1770628684.83948,-57.3260890326594
0.55,-58,1770628684.83957,-57.34042803736844
0.55,-58,1770628684.83968,-57.354169595848376
0.55,-58,1770628684.83978,-57.36735028634754
0.55,-58,1770628684.83989,-57.38000376086162
0.55,-58,1770628684.83999,-57.39216103202048
0.55,-58,1770628684.84009,-57.403850726872754
0.55,-58,1770628684.8402,-57.41509931194012
0.55,-58,1770628684.8403,-57.42593129326565
0.55,-58,1770628684.84039,-57.43636939463875
0.55,-58,1770628684.84049,-57.446434716724596
0.55,-58,1770628684.84059,-57.45614687944312
0.55,-58,1770628684.84068,-57.46552414961922
0.55,-58,1770628684.84078,-57.47458355565158
0.55,-58,1770628684.84103,-57.48334099071463
0.55,-58,1770628684.84113,-57.491811305809556
0.55,-58,1770628684.84122,-57.500008393810326
0.55,-58,1770628684.84132,-57.507945265505406
0.55,-58,1770628684.84142,-57.515634118510555
0.55,-58,1770628684.84149,-57.52308639982044
0.55,-58,1770628684.84156,-57.53031286267379
0.55,-57,1770628684.84163,-57.52239718092733
0.55,-57,1770628684.84175,-57.51471430434949
0.55,-57,1770628684.84182,-57.50725411099458
0.55,-57,1770628684.84188,-57.50000705731278
0.55,-57,1770628684.84195,-57.492964137418106
0.55,-57,1770628684.84201,-57.486116845750736
0.55,-57,1770628684.84208,-57.479457142808116
0.55,-58,1770628684.84214,-57.486492123040506
0.55,-58,1770628684.84222,-57.49333951255207
0.55,-57,1770628684.84228,-57.486847601118555
0.55,-57,1770628684.84235,-57.48052430248327
0.55,-57,1770628684.84241,-57.47436313154889
0.55,-57,1770628684.84247,-57.46835793157696
0.55,-58,1770628684.84254,-57.47500414277951
0.55,-58,1770628684.8426,-57.481486258892396
0.55,-58,1770628684.84266,-57.487810283385414
0.55,-57,1770628684.84273,-57.48193239715714
0.55,-57,1770628684.84279,-57.47619445246008
0.55,-58,1770628684.84286,-57.482357590709995
0.55,-58,1770628684.84292,-57.48837740889464
0.55,-58,1770628684.84303,-57.49425884907817
0.55,-58,1770628684.84317,-57.50000662868577
0.55,-58,1770628684.84324,-57.5056252531238
0.55,-58,1770628684.8433,-57.511119027558635
0.55,-58,1770628684.84336,-57.5164920679188
0.55,-57,1770628684.84343,-57.5108772521709
0.55,-58,1770628684.84349,-57.51613737550702
0.55,-58,1770628684.84355,-57.52128558944914
0.55,-57,1770628684.84362,-57.51579756749287
0.55,-58,1770628684.84368,-57.52084209898088
0.55,-59,1770628684.84374,-57.536093484473085
0.55,-58,1770628684.84381,-57.540827964594364
0.55,-57,1770628684.84387,-57.535364183813066
0.55,-57,1770628684.84393,-57.530009669681235
0.55,-57,1770628684.844,-57.52476117665886
0.55,-57,1770628684.84406,-57.519615586481855
0.55,-57,1770628684.84412,-57.51456990198361
0.55,-58,1770628684.84419,-57.51923832282308
0.55,-57,1770628684.84425,-57.514292306060526
0.55,-57,1770628684.84431,-57.50943960177205
0.55,-57,1770628684.84437,-57.50467759372315
0.55,-57,1770628684.84444,-57.50000376257678
0.55,-57,1770628684.8445,-57.49541568144853
0.55,-57,1770628684.84456,-57.49091101170422
0.55,-57,1770628684.84463,-57.4864874989847
0.55,-58,1770628684.84471,-57.491073372691766
0.55,-58,1770628684.84477,-57.495578088985454
0.55,-58,1770628684.84484,-57.500003783584795
0.55,-58,1770628684.8449,-57.50435251792301
0.55,-58,1770628684.84496,-57.508626282349496
0.55,-58,1770628684.84503,-57.51282699916759
0.55,-58,1770628684.84509,-57.51695652551786
0.55,-58,1770628684.84515,-57.52101665611607
0.55,-59,1770628684.84522,-57.53334442558653
0.55,-59,1770628684.84528,-57.54546845471326
0.55,-59,1770628684.84534,-57.55739375349945
0.55,-58,1770628684.84541,-57.56099307091745
0.55,-58,1770628684.84547,-57.56453434214138
0.55,-57,1770628684.84553,-57.560016909888965
0.55,-57,1770628684.8456,-57.55557117358444
0.55,-57,1770628684.84566,-57.55119543962446
0.55,-57,1770628684.84572,-57.54688806733073
0.55,-57,1770628684.8458,-57.542647466898664
0.55,-57,1770628684.84587,-57.5384720974407
0.55,-58,1770628684.84593,-57.54199620398299
0.55,-58,1770628684.84599,-57.54546692259366
0.55,-58,1770628684.84606,-57.54888545751059
0.55,-58,1770628684.84612,-57.55225297702429
0.55,-58,1770628684.84618,-57.55557061480927
0.55,-58,1770628684.84625,-57.55883947119672
0.55,-58,1770628684.84631,-57.56206061439139
0.55,-58,1770628684.84637,-57.565235081635606
0.55,-58,1770628684.84643,-57.56836388032302
0.55,-58,1770628684.8465,-57.57144798906462
0.55,-58,1770628684.84656,-57.57448835870943
0.55,-58,1770628684.84662,-57.57748591332199
0.55,-58,1770628684.84669,-57.58044155111893
0.55,-58,1770628684.84676,-57.58335614536641
0.55,-59,1770628684.84682,-57.5931294826475
0.55,-58,1770628684.84688,-57.595917244489144
0.55,-59,1770628684.84695,-57.605472224570676
0.55,-60,1770628684.84717,-57.62165729914271
0.55,-59,1770628684.84729,-57.63091130188104
0.55,-58,1770628684.84742,-57.633372804622525
0.55,-59,1770628684.84758,-57.64242671344417
0.55,-59,1770628684.84767,-57.65136151444709
0.55,-58,1770628684.84774,-57.653641075782375
0.55,-59,1770628684.8478,-57.662387080986285
0.55,-58,1770628684.8479,-57.66456609079078
0.55,-59,1770628684.84796,-57.673129996325436
0.55,-59,1770628684.84804,-57.68158482956728
0.55,-58,1770628684.8481,-57.68360094436143
0.55,-58,1770628684.84816,-57.685591704477424
0.55,-58,1770628684.86021,-57.687557585315055
0.55,-59,1770628684.96296,-57.69571288397798
0.55,-58,1770628685.06228,-57.6975920119895
0.55,-59,1770628685.16188,-57.705585744394895
0.55,-59,1770628685.26014,-57.71348201375901
0.55,-59,1770628685.36196,-57.72128259213557
0.55,-59,1770628685.46117,-57.72898920887824
0.55,-59,1770628685.56067,-57.73660355191907
0.55,-59,1770628685.66121,-57.744127269001275
0.55,-59,1770628685.76082,-57.75156196886827
0.55,-59,1770628685.86196,-57.758909222410715
0.55,-59,1770628685.96123,-57.76617056377329
0.55,-59,1770628686.06106,-57.77334749142292
0.55,-59,1770628686.16148,-57.78044146917994
0.55,-59,1770628686.26229,-57.787453927213654
0.55,-59,1770628686.3612,-57.794386263003794
0.55,-59,1770628686.46471,-57.801239842269226
0.55,-59,1770628686.56113,-57.80801599986513
0.55,-59,1770628686.66207,-57.81471604064994
0.55,-59,1770628686.76156,-57.82134124032329
0.55,-59,1770628686.86304,-57.82789284623593
0.55,-59,1770628686.96311,-57.83437207817288
0.55,-59,1770628687.06303,-57.840780129110705
0.55,-59,1770628687.16237,-57.84711816594999
0.55,-59,1770628687.26172,-57.85338733022395
0.55,-59,1770628687.36322,-57.85958873878401
0.55,-59,1770628687.46311,-57.86572348446329
0.55,-59,1770628687.5622,-57.871792636718816
0.55,-59,1770628687.66248,-57.87779724225323
0.55,-59,1770628687.76171,-57.88373832561675
0.55,-59,1770628687.86284,-57.88961688979012
0.55,-59,1770628687.96285,-57.895433916749276
0.55,-59,1770628688.06294,-57.90119036801232
0.55,-59,1770628688.16306,-57.906887185169545
0.55,-59,1770628688.26224,-57.91252529039701
0.55,-59,1770628688.36306,-57.918105586954354
0.55,-59,1770628688.46305,-57.92362895966736
0.55,-59,1770628688.56318,-57.92909627539582
0.55,-59,1770628688.66163,-57.934508383487206
0.55,-59,1770628688.76158,-57.93986611621669
0.55,-59,1770628688.86249,-57.94517028921396
0.55,-59,1770628688.96257,-57.95042170187727
0.55,-59,1770628689.06327,-57.9556211377752
0.55,-59,1770628689.16162,-57.96076936503659
0.55,-59,1770628689.26166,-57.96586713672892
0.55,-59,1770628689.36317,-57.97091519122568
0.55,-59,1770628689.46294,-57.97591425256302
0.55,-59,1770628689.56286,-57.98086503078607
0.55,-59,1770628689.66288,-57.98576822228523
0.55,-59,1770628689.76214,-57.990624510122885
0.55,-59,1770628689.86295,-57.9954345643507
0.55,-59,1770628689.96295,-58.00019904231795
0.55,-59,1770628690.0675,-58.0049185889711
0.55,-59,1770628690.16131,-58.00959383714495
0.55,-59,1770628690.26254,-58.01422540784561
0.55,-59,1770628690.3617,-58.0188139105256
0.55,-59,1770628690.46295,-58.023359943351295
0.55,-59,1770628690.56209,-58.02786409346295
0.55,-59,1770628690.66312,-58.03232693722763
0.55,-58,1770628690.76256,-58.03217920855777
0.55,-59,1770628690.86168,-58.03658191545084
0.55,-59,1770628690.96307,-58.04094479482857
0.55,-59,1770628691.06867,-58.04526838490008
0.55,-59,1770628691.16197,-58.04955321422053
0.55,-59,1770628691.26226,-58.05379980190658
0.55,-59,1770628691.36241,-58.05800865784616
0.55,-59,1770628691.46197,-58.06218028290265
0.55,-59,1770628691.56327,-58.06631516911364
0.55,-59,1770628691.66262,-58.070413799884484
0.55,-59,1770628691.76249,-58.07447665017677
0.55,-59,1770628691.86208,-58.07850418669191
0.55,-59,1770628691.96205,-58.08249686804988
0.55,-59,1770628692.06772,-58.086455144963445
0.55,-59,1770628692.1612,-58.0903794604078
0.55,-59,1770628692.26151,-58.09427024978593
0.55,-59,1770628692.36169,-58.098127941089686
0.55,-59,1770628692.46175,-58.101952955056845
0.55,-58,1770628692.56126,-58.10152237394228
0.55,-58,1770628692.66226,-58.10109540947213
0.55,-58,1770628692.76153,-58.10067201624923
0.55,-58,1770628692.86191,-58.100252149633036
0.55,-59,1770628692.96161,-58.10398913211682
0.55,-59,1770628693.0628,-58.1076952453124
0.55,-59,1770628693.16184,-58.111370870321636
0.55,-59,1770628693.26217,-58.11501638199885
0.55,-59,1770628693.36138,-58.11863214907828
0.55,-59,1770628693.46231,-58.12221853429849
0.55,-59,1770628693.56216,-58.12577589452374
0.55,-59,1770628693.66272,-58.12930458086242
0.55,-59,1770628693.7616,-58.132804938782606
0.55,-59,1770628693.86292,-58.13627730822491
0.55,-59,1770628693.96187,-58.139722023712565
0.55,-59,1770628694.06257,-58.1431394144589
0.55,-59,1770628694.162,-58.146529804472294
0.55,-59,1770628694.26126,-58.149893512658636
0.55,-59,1770628694.36251,-58.153230852921375
0.55,-59,1770628694.46178,-58.15654213425922
0.55,-59,1770628694.56229,-58.15982766086155
0.55,-59,1770628694.66221,-58.16308773220165
0.55,-59,1770628694.76294,-58.16632264312772
0.55,-59,1770628694.86208,-58.16953268395184
0.55,-59,1770628694.96213,-58.17271814053687
0.55,-59,1770628695.06132,-58.17587929438135
0.55,-59,1770628695.16309,-58.179016422702475
0.55,-59,1770628695.26261,-58.18212979851717
0.55,-59,1770628695.36212,-58.185219690721354
0.55,-59,1770628695.46189,-58.18828636416741
0.55,-59,1770628695.56652,-58.19133007973989
0.55,-59,1770628695.66212,-58.19435109442956
0.55,-59,1770628695.76214,-58.19734966140573
0.55,-59,1770628695.86201,-58.20032603008708
0.55,-59,1770628695.96145,-58.20328044621084
0.55,-59,1770628696.06224,-58.206213151900435
0.55,-59,1770628696.16149,-58.20912438573171
0.55,-59,1770628696.26295,-58.212014382797655
0.55,-59,1770628696.36312,-58.21488337477171
0.55,-59,1770628696.46338,-58.21773158996974
0.55,-59,1770628696.56425,-58.22055925341063
0.55,-59,1770628696.6647,-58.223366586875585
0.55,-59,1770628696.76412,-58.22615380896615
0.55,-59,1770628696.86405,-58.228921135160995
0.55,-59,1770628696.96491,-58.23166877787147
0.55,-59,1770628697.06369,-58.234396946496
0.55,-59,1770628697.16457,-58.23710584747332
0.55,-59,1770628697.26463,-58.23979568433458
0.55,-59,1770628697.36346,-58.24246665775435
0.55,-59,1770628697.46345,-58.245118965600554
0.55,-59,1770628697.56401,-58.247752802983385
0.55,-59,1770628697.66381,-58.25036836230317
0.55,-59,1770628697.76432,-58.25296583329726
0.55,-59,1770628697.86419,-58.25554540308594
0.55,-59,1770628697.964,-58.25810725621738
0.55,-59,1770628698.06496,-58.26065157471171
0.55,-59,1770628698.16414,-58.263178538104135
0.55,-59,1770628698.26404,-58.26568832348721
0.55,-59,1770628698.36506,-58.26818110555223
0.55,-59,1770628698.46491,-58.2706570566298
0.55,-59,1770628698.56363,-58.27311634672957
0.55,-59,1770628698.66516,-58.275559143579194
0.55,-59,1770628698.76354,-58.27798561266246
0.55,-59,1770628698.86492,-58.28039591725672
0.55,-59,1770628698.9641,-58.282790218469515
0.55,-59,1770628699.06411,-58.28516867527453
0.55,-59,1770628699.16411,-58.28753144454676
0.55,-59,1770628699.26387,-58.28987868109707
0.55,-59,1770628699.36461,-58.29221053770603
0.55,-59,1770628699.46409,-58.29452716515707
0.55,-59,1770628699.56331,-58.296828712269004
0.55,-59,1770628699.6642,-58.29911532592795
0.55,-59,1770628699.76382,-58.301387151118576
0.55,-59,1770628699.86345,-58.30364433095478
0.55,-59,1770628699.96465,-58.30588700670978
0.55,-59,1770628700.06515,-58.30811531784558
0.55,-59,1770628700.16475,-58.310329402041944
0.55,-59,1770628700.26471,-58.31252939522473
0.55,-59,1770628700.36599,-58.31471543159377
0.55,-59,1770628700.46528,-58.316887643650155
0.55,-59,1770628700.56613,-58.319046162223046
0.55,-59,1770628700.66714,-58.321191116495946
0.55,-59,1770628700.76736,-58.32332263403251
0.55,-59,1770628700.86896,-58.32544084080183
0.55,-59,1770628700.96782,-58.32754586120331
0.55,-59,1770628701.06819,-58.329637818091015
0.55,-59,1770628701.16826,-58.33171683279759
0.55,-59,1770628701.26922,-58.33378302515775
0.55,-59,1770628701.36992,-58.33583651353132
0.55,-59,1770628701.46859,-58.337877414825854
0.55,-59,1770628701.60775,-58.33990584451885
0.55,-59,1770628701.66909,-58.341921916679546
0.55,-59,1770628701.76926,-58.34392574399031
0.55,-59,1770628701.86902,-58.34591743776767
0.55,-59,1770628701.96838,-58.34789710798293
0.55,-59,1770628702.06906,-58.349864863282455
0.55,-59,1770628702.16852,-58.351820811007535
0.55,-59,1770628702.26813,-58.353765057213934
0.55,-59,1770628702.37006,-58.35569770669109
0.55,-59,1770628702.46869,-58.357618862980935
0.55,-59,1770628702.56922,-58.35952862839642
0.55,-59,1770628702.67013,-58.36142710403969
0.55,-59,1770628702.77011,-58.36331438981996
0.55,-59,1770628702.87088,-58.36519058447102
0.55,-59,1770628702.97107,-58.3670557855685
0.55,-59,1770628703.07451,-58.3689100895468
0.55,-59,1770628703.17073,-58.37075359171572
0.55,-59,1770628703.27324,-58.372586386276794
0.55,-59,1770628703.3709,-58.37440856633937
0.55,-59,1770628703.47122,-58.37622022393639
0.55,-59,1770628703.57111,-58.37802145003991
0.55,-59,1770628703.67202,-58.3798123345763
0.55,-59,1770628703.77211,-58.381592966441275
0.55,-59,1770628703.87138,-58.383363433514596
0.55,-59,1770628703.97056,-58.385123822674544
0.55,-59,1770628704.07188,-58.38687421981214
0.55,-59,1770628704.1701,-58.38861470984515
0.55,-59,1770628704.28197,-58.39034537673181
0.55,-59,1770628704.37076,-58.392066303484334
0.55,-59,1770628704.472,-58.39377757218223
0.55,-59,1770628704.57094,-58.395479263985344
0.55,-59,1770628704.67127,-58.397171459146705
0.55,-59,1770628704.77166,-58.39885423702516
0.55,-59,1770628704.87308,-58.400527676097795
0.55,-59,1770628704.9732,-58.40219185397213
0.55,-59,1770628705.07302,-58.40384684739815
0.55,-59,1770628705.17326,-58.405492732280116
0.55,-59,1770628705.27234,-58.40712958368817
0.55,-59,1770628705.37359,-58.408757475869756
0.55,-59,1770628705.47316,-58.410376482260894
0.55,-59,1770628705.57383,-58.4119866754972
0.55,-59,1770628705.67386,-58.41358812742476
0.55,-59,1770628705.77368,-58.41518090911086
0.55,-59,1770628705.87409,-58.416765090854476
0.55,-59,1770628705.97392,-58.418340742196655
0.55,-59,1770628706.07304,-58.41990793193068
0.55,-59,1770628706.17323,-58.42146672811211
0.55,-59,1770628706.27313,-58.42301719806863
0.55,-59,1770628706.37456,-58.42455940840977
0.55,-59,1770628706.47311,-58.42609342503645
0.55,-59,1770628706.57428,-58.42761931315036
0.55,-59,1770628706.67254,-58.42913713726324
0.55,-59,1770628706.7738,-58.430646961205966
0.55,-59,1770628706.87286,-58.4321488481375
0.55,-59,1770628706.97504,-58.433642860553725
0.55,-59,1770628707.07245,-58.43512906029611
0.55,-59,1770628707.17415,-58.43660750856027
0.55,-59,1770628707.27311,-58.43807826590436
0.55,-59,1770628707.37391,-58.43954139225735
0.55,-59,1770628707.47545,-58.44099694692719
0.55,-59,1770628707.57332,-58.44244498860885
0.55,-59,1770628707.67415,-58.44388557539215
0.55,-59,1770628707.77232,-58.44531876476963
0.55,-59,1770628707.87418,-58.446744613644135
0.55,-59,1770628707.97303,-58.448163178336394
0.55,-59,1770628708.07372,-58.44957451459243
0.55,-59,1770628708.17322,-58.450978677590875
0.55,-59,1770628708.2738,-58.45237572195018
0.55,-59,1770628708.37402,-58.4537657017357
0.55,-59,1770628708.47389,-58.45514867046665
0.55,-59,1770628708.57322,-58.45652468112303
0.55,-59,1770628708.6734,-58.457893786152376
0.55,-59,1770628708.77318,-58.45925603747642
0.55,-59,1770628708.87415,-58.4606114864977
0.55,-59,1770628708.97426,-58.46196018410598
0.55,-59,1770628709.07423,-58.46330218068469
0.55,-59,1770628709.17309,-58.46463752611716
0.55,-59,1770628709.27381,-58.46596626979281
0.55,-59,1770628709.37288,-58.46728846061328
0.55,-59,1770628709.47454,-58.46860414699843
0.55,-59,1770628709.57418,-58.46991337689222
0.55,-59,1770628709.67393,-58.4712161977686
0.55,-59,1770628709.77427,-58.47251265663721
0.55,-59,1770628709.87374,-58.47380280004905
0.55,-59,1770628709.97432,-58.475086674102094
0.55,-59,1770628710.07394,-58.47636432444675
0.55,-59,1770628710.17391,-58.47763579629128
0.55,-59,1770628710.27352,-58.478901134407174
0.55,-59,1770628710.37411,-58.48016038313437
0.55,-59,1770628710.4731,-58.48141358638646
0.55,-59,1770628710.57311,-58.48266078765581
0.55,-59,1770628710.67397,-58.48390203001859
0.55,-59,1770628710.77344,-58.485137356139745
0.55,-59,1770628710.87408,-58.48636680827787
0.55,-59,1770628710.97416,-58.487590428290076
0.55,-59,1770628711.07485,-58.488808257636705
0.55,-59,1770628711.17801,-58.49002033738605
0.55,-59,1770628711.27504,-58.49122670821895
0.55,-59,1770628711.37493,-58.49242741043339
0.55,-59,1770628711.4751,-58.493622483948954
0.55,-59,1770628711.57483,-58.49481196831127
0.55,-59,1770628711.67515,-58.495995902696386
0.55,-59,1770628711.77504,-58.497174325915076
0.55,-59,1770628711.8751,-58.49834727641707
0.55,-59,1770628711.97402,-58.499514792295265
0.55,-59,1770628712.07504,-58.500676911289844
0.55,-59,1770628712.17472,-58.50183367079235
0.55,-59,1770628712.27531,-58.5029851078497
0.55,-59,1770628712.37531,-58.50413125916816
0.55,-59,1770628712.47415,-58.505272161117226
0.55,-59,1770628712.57414,-58.5064078497335
0.55,-59,1770628712.67599,-58.507538360724475
0.55,-59,1770628712.77493,-58.5086637294723
0.55,-59,1770628712.87503,-58.50978399103747
0.55,-59,1770628712.97422,-58.51089918016246
0.55,-59,1770628713.07474,-58.51200933127534
0.55,-59,1770628713.17532,-58.51311447849331
0.55,-59,1770628713.2759,-58.51421465562621
0.55,-59,1770628713.37487,-58.51530989617998
0.55,-59,1770628713.47406,-58.516400233360045
0.55,-59,1770628713.57493,-58.517485700074694
0.55,-59,1770628713.67497,-58.51856632893839
0.55,-59,1770628713.7747,-58.519642152275054
0.55,-59,1770628713.87437,-58.520713202121264
0.55,-59,1770628713.97406,-58.52177951022948
0.55,-59,1770628714.07491,-58.52284110807114
0.55,-59,1770628714.17445,-58.52389802683982
0.55,-59,1770628714.27405,-58.52495029745423
0.55,-59,1770628714.37485,-58.525997950561305
0.55,-59,1770628714.47506,-58.52704101653911
0.55,-59,1770628714.57498,-58.528079525499834
0.55,-59,1770628714.67491,-58.52911350729268
0.55,-59,1770628714.7746,-58.530142991506715
0.55,-59,1770628714.87435,-58.531168007473724
0.55,-59,1770628714.97425,-58.532188584270976
0.55,-59,1770628715.07492,-58.533204750723996
0.55,-59,1770628715.17596,-58.534216535409264
0.55,-59,1770628715.27484,-58.53522396665692
0.55,-59,1770628715.3741,-58.53622707255341
0.55,-59,1770628715.47368,-58.53722588094407
0.55,-59,1770628715.57479,-58.53822041943575
0.55,-59,1770628715.67505,-58.53921071539935
0.55,-59,1770628715.77475,-58.540196795972314
0.55,-59,1770628715.87461,-58.54117868806113
0.55,-59,1770628715.9737,-58.54215641834379
0.55,-59,1770628716.07422,-58.54313001327219
0.55,-59,1770628716.17499,-58.54409949907454
0.55,-59,1770628716.27431,-58.545064901757705
0.55,-59,1770628716.37443,-58.54602624710955
0.55,-59,1770628716.47349,-58.54698356070124
0.55,-59,1770628716.57471,-58.547936867889504
0.55,-59,1770628716.67515,-58.548886193818866
0.55,-59,1770628716.77411,-58.54983156342389
0.55,-59,1770628716.87589,-58.55077300143136
0.55,-59,1770628716.97392,-58.5517105323624
0.55,-59,1770628717.07561,-58.552644180534664
0.55,-60,1770628717.17483,-58.55565238167612
0.55,-60,1770628717.27486,-58.55864817611105
0.55,-59,1770628717.37485,-58.55956173341438
0.55,-59,1770628717.47491,-58.56047153850324
0.55,-59,1770628717.57425,-58.561377614491654
0.55,-59,1770628717.67391,-58.562279984304155
0.55,-59,1770628717.77471,-58.563178670677765
0.55,-59,1770628717.87366,-58.5640736961639
0.55,-59,1770628717.97491,-58.56496508313026
0.55,-59,1770628718.07441,-58.56585285376268
0.55,-59,1770628718.17507,-58.566737030066996
0.55,-59,1770628718.27434,-58.56761763387087
0.55,-59,1770628718.37443,-58.56849468682555
0.55,-59,1770628718.47497,-58.56936821040771
0.55,-59,1770628718.57488,-58.570238225921145
0.55,-59,1770628718.67497,-58.57110475449855
0.55,-59,1770628718.77376,-58.571967817103214
0.55,-59,1770628718.8759,-58.57282743453073
0.55,-59,1770628718.97398,-58.57368362741064
0.55,-59,1770628719.07476,-58.57453641620811
0.55,-59,1770628719.17406,-58.57538582122558
0.55,-59,1770628719.27425,-58.57623186260434
0.55,-59,1770628719.37442,-58.577074560326146
0.55,-59,1770628719.47415,-58.577913934214806
0.55,-59,1770628719.57482,-58.578750003937714
0.55,-59,1770628719.67472,-58.57958278900741
0.55,-59,1770628719.77441,-58.580412308783096
0.55,-59,1770628719.87487,-58.581238582472125
0.55,-59,1770628719.97451,-58.58206162913151
0.55,-59,1770628720.07712,-58.582881467669374
0.55,-59,1770628720.17492,-58.583698116846406
0.55,-59,1770628720.27411,-58.584511595277306
0.55,-59,1770628720.37474,-58.58532192143218
0.55,-59,1770628720.47487,-58.58612911363797
0.55,-59,1770628720.57448,-58.58693319007982
0.55,-59,1770628720.67516,-58.587734168802434
0.55,-59,1770628720.77495,-58.588532067711455
0.55,-59,1770628720.87503,-58.58932690457479
0.6,-59,1770628731.56432,-59.0
0.6,-59,1770628731.56443,-59.0
0.6,-59,1770628731.56454,-59.0
0.6,-59,1770628731.56462,-59.0
0.6,-59,1770628731.56471,-59.0
0.6,-59,1770628731.56493,-59.0
0.6,-59,1770628731.565,-59.0
0.6,-59,1770628731.56507,-59.0
0.6,-59,1770628731.56514,-59.0
0.6,-59,1770628731.5652,-59.0
0.6,-59,1770628731.56526,-59.0
0.6,-59,1770628731.56533,-59.0
0.6,-59,1770628731.56539,-59.0
0.6,-59,1770628731.56554,-59.0
0.6,-59,1770628731.56561,-59.0
0.6,-59,1770628731.56567,-59.0
0.6,-59,1770628731.56573,-59.0
0.6,-59,1770628731.5658,-59.0
0.6,-59,1770628731.56587,-59.0
0.6,-58,1770628731.56593,-58.974999435314636
0.6,-59,1770628731.566,-58.97560921981199
0.6,-59,1770628731.56606,-58.976189967434536
0.6,-59,1770628731.56612,-58.97674370400492
0.6,-59,1770628731.56618,-58.97727227118062
0.6,-59,1770628731.56625,-58.97777734691667
0.6,-59,1770628731.56631,-58.978260463259375
0.6,-59,1770628731.56637,-58.978723021868454
0.6,-58,1770628731.56643,-58.958332252698995
0.6,-58,1770628731.56651,-58.93877374207919
0.6,-56,1770628731.56657,-58.87999603643011
0.6,-57,1770628731.56664,-58.843131907021466
0.6,-57,1770628731.5667,-58.80768559525047
0.6,-58,1770628731.56676,-58.79244558652212
0.6,-58,1770628731.56683,-58.7777700083087
0.6,-60,1770628731.56689,-58.79999341189239
0.6,-60,1770628731.56695,-58.82142314388271
0.6,-60,1770628731.56702,-58.84210097637822
0.6,-61,1770628731.56708,-58.87930808504853
0.6,-61,1770628731.56715,-58.91525397318061
0.6,-61,1770628731.56721,-58.95000170167144
0.6,-62,1770628731.56727,-59.00000459751093
0.6,-62,1770628731.56733,-59.04839454911205
0.6,-61,1770628731.5674,-59.07937435331549
0.6,-61,1770628731.56746,-59.10938607201268
0.6,-61,1770628731.56752,-59.138474385988125
0.6,-61,1770628731.56759,-59.16668126810503
0.6,-58,1770628731.56765,-59.149266873192346
0.6,-56,1770628731.56771,-59.10295071839522
0.6,-56,1770628731.56777,-59.057977007475635
0.6,-56,1770628731.56784,-59.0142882072263
0.6,-56,1770628731.5679,-58.971830025741745
0.6,-56,1770628731.56796,-58.9305511873283
0.6,-56,1770628731.56803,-58.89040322591458
0.6,-56,1770628731.56809,-58.8513402952125
0.6,-56,1770628731.56815,-58.813318994065305
0.6,-56,1770628731.56822,-58.776298205583934
0.6,-56,1770628731.56828,-58.740238948818195
0.6,-56,1770628731.56834,-58.70510424183782
0.6,-56,1770628731.56841,-58.670858975212425
0.6,-57,1770628731.56847,-58.64997108409448
0.6,-57,1770628731.56854,-58.62959891543276
0.6,-57,1770628731.5686,-58.60972360136109
0.6,-57,1770628731.56867,-58.590327183306705
0.6,-57,1770628731.56873,-58.571392557865714
0.6,-57,1770628731.56879,-58.55290342649912
0.6,-57,1770628731.56885,-58.53484424873843
0.6,-56,1770628731.56892,-58.50570453700031
0.6,-56,1770628731.56898,-58.477227049229775
0.6,-57,1770628731.56904,-58.460626861156264
0.6,-56,1770628731.56916,-58.43328297065843
0.6,-56,1770628731.56923,-58.40654000387092
0.6,-56,1770628731.5693,-58.38037836548192
0.6,-56,1770628731.56936,-58.35477930298758
0.6,-56,1770628731.56942,-58.329724861861926
0.6,-56,1770628731.56956,-58.30519784355803
0.6,-56,1770628731.56965,-58.28118176613416
0.6,-57,1770628731.56972,-58.26797168424403
0.6,-57,1770628731.56978,-58.255031174610146
0.6,-57,1770628731.56985,-58.24235206838659
0.6,-56,1770628731.56991,-58.21992489413448
0.6,-56,1770628731.56997,-58.197941785177115
0.6,-57,1770628731.57004,-58.186195265509475
0.6,-57,1770628731.5701,-58.17467681375634
0.6,-56,1770628731.57016,-58.153762769493476
0.6,-57,1770628731.57022,-58.142772575304996
0.6,-57,1770628731.57029,-58.131989724168434
0.6,-57,1770628731.57042,-58.12140840273404
0.6,-56,1770628731.57051,-58.10176198928082
0.6,-56,1770628731.57059,-58.082476025372465
0.6,-56,1770628731.57068,-58.06354068057815
0.6,-56,1770628731.57077,-58.044946478716405
0.6,-56,1770628731.57086,-58.02668428204045
0.6,-56,1770628731.57094,-58.008745276263205
0.6,-56,1770628731.57103,-57.9911209563705
0.6,-57,1770628731.57112,-57.982500647666576
0.6,-56,1770628731.57123,-57.96540635979088
0.6,-56,1770628731.57131,-57.94860424919075
0.6,-56,1770628731.57139,-57.9320868876384
0.6,-56,1770628731.57148,-57.91584709659412
0.6,-56,1770628731.57158,-57.89987793680261
0.6,-56,1770628731.57166,-57.884172698405216
0.6,-56,1770628731.57174,-57.86872489153842
0.6,-56,1770628731.57197,-57.85352823739097
0.6,-56,1770628731.57216,-57.83857665969371
0.6,-56,1770628731.57232,-57.823864276617904
0.6,-56,1770628731.57242,-57.80938539305937
0.6,-56,1770628731.57891,-57.795134493287115
0.6,-56,1770628731.67935,-57.781106233936555
0.6,-56,1770628731.77913,-57.767295437328684
0.6,-56,1770628731.8786,-57.75369708509755
0.6,-56,1770628731.97893,-57.7403063121096
0.6,-56,1770628732.07884,-57.72711840065944
0.6,-56,1770628732.17892,-57.71412877492743
0.6,-56,1770628732.27893,-57.70133299568542
0.6,-56,1770628732.37838,-57.68872675523784
0.6,-56,1770628732.47921,-57.67630587258592
0.6,-56,1770628732.57836,-57.66406628880377
0.6,-57,1770628732.67921,-57.659252707858386
0.6,-56,1770628732.7792,-57.64731184631426
0.6,-56,1770628732.87985,-57.63554154111095
0.6,-56,1770628732.97908,-57.62393816339359
0.6,-56,1770628733.07981,-57.61249818652848
0.6,-56,1770628733.17888,-57.60121818252893
0.6,-56,1770628733.27858,-57.59009481863004
0.6,-56,1770628733.37803,-57.579124854005165
0.6,-56,1770628733.47889,-57.568305136617354
0.6,-56,1770628733.57893,-57.557632600199305
0.6,-56,1770628733.67892,-57.547104261355734
0.6,-56,1770628733.77816,-57.53671721678245
0.6,-56,1770628733.87925,-57.52646864059663
0.6,-56,1770628733.97806,-57.516355781773235
0.6,-56,1770628734.079,-57.506375961682544
0.6,-56,1770628734.1786,-57.496526571724324
0.6,-56,1770628734.27798,-57.48680507105414
0.6,-56,1770628734.37836,-57.47720898439769
0.6,-57,1770628734.47892,-57.47414872612921
0.6,-57,1770628734.57893,-57.47112744416477
0.6,-57,1770628734.67903,-57.46814439844864
0.6,-56,1770628734.7782,-57.45890693942067
0.6,-56,1770628734.87846,-57.449784924394564
0.6,-56,1770628734.97902,-57.440776202241764
0.6,-56,1770628735.07902,-57.43187867494797
0.6,-56,1770628735.17902,-57.42309029598385
0.6,-56,1770628735.27808,-57.414409068735395
0.6,-56,1770628735.37846,-57.40583304499132
0.6,-56,1770628735.47881,-57.397360323485145
0.6,-56,1770628735.57907,-57.3889890484897
0.6,-56,1770628735.67853,-57.38071740846174
0.6,-56,1770628735.77898,-57.37254363473477
0.6,-57,1770628735.87811,-57.37035115703723
0.6,-57,1770628735.97928,-57.368184316203475
0.6,-57,1770628736.07867,-57.36604266507931
0.6,-56,1770628736.17829,-57.35814256605905
0.6,-56,1770628736.27815,-57.35033325022254
0.6,-57,1770628736.37823,-57.348330334388244
0.6,-57,1770628736.47868,-57.34635017317738
0.6,-57,1770628736.57902,-57.3443923809187
0.6,-57,1770628736.67938,-57.342456580607724
0.6,-56,1770628736.77814,-57.33495285727698
0.6,-56,1770628736.87771,-57.32753248648601
0.6,-56,1770628736.97896,-57.3201940867022
0.6,-56,1770628737.07891,-57.31293630675632
0.6,-56,1770628737.17871,-57.30575782501283
0.6,-56,1770628737.27772,-57.29865734856742
0.6,-56,1770628737.37872,-57.29163361247041
0.6,-56,1770628737.47822,-57.28468537897537
0.6,-57,1770628737.57871,-57.283162118212886
0.6,-57,1770628737.6791,-57.2816550576516
0.6,-56,1770628737.77815,-57.274869813640905
0.6,-56,1770628737.87889,-57.26815597208908
0.6,-56,1770628737.97892,-57.26151241149255
0.6,-56,1770628738.07812,-57.25493803371235
0.6,-56,1770628738.17945,-57.24843176336889
0.6,-56,1770628738.27812,-57.24199254725534
0.6,-56,1770628738.37899,-57.235619353769096
0.6,-57,1770628738.47911,-57.23441645125516
0.6,-57,1770628738.57849,-57.233225757058705
0.6,-57,1770628738.6787,-57.23204708620539
0.6,-57,1770628738.77774,-57.230880257438955
0.6,-57,1770628738.87786,-57.22972509312825
0.6,-57,1770628738.98016,-57.2285814191771
0.6,-57,1770628739.07908,-57.227449064936735
0.6,-56,1770628739.17854,-57.22139839983172
0.6,-56,1770628739.27899,-57.215407034702324
0.6,-56,1770628739.37821,-57.20947410174483
0.6,-56,1770628739.47911,-57.20359875000609
0.6,-57,1770628739.57803,-57.20261448451827
0.6,-57,1770628739.67856,-57.201639679759225
0.6,-57,1770628739.7782,-57.20067419992915
0.6,-57,1770628739.87893,-57.19971791181491
0.6,-57,1770628739.98106,-57.19877068472871
0.6,-57,1770628740.07843,-57.19783239044858
0.6,-57,1770628740.17859,-57.196902903160485
0.6,-57,1770628740.27857,-57.19598209940203
0.6,-57,1770628740.37857,-57.195069858007805
0.6,-57,1770628740.47862,-57.194166060056205
0.6,-57,1770628740.57903,-57.19327058881772
0.6,-57,1770628740.6789,-57.19238332970467
0.6,-57,1770628740.77923,-57.191504170222295
0.6,-57,1770628740.87867,-57.1906329999212
0.6,-57,1770628740.97934,-57.189769710351065
0.6,-57,1770628741.07831,-57.188914195015634
0.6,-57,1770628741.17839,-57.1880663493289
0.6,-57,1770628741.27989,-57.18722607057246
0.6,-57,1770628741.38121,-57.18639325785401
0.6,-57,1770628741.48131,-57.18556781206695
0.6,-57,1770628741.5801,-57.18474963585106
0.6,-57,1770628741.68056,-57.18393863355419
0.6,-57,1770628741.78339,-57.18313471119497
0.6,-57,1770628741.88177,-57.18233777642647
0.6,-57,1770628741.98227,-57.181547738500875
0.6,-57,1770628742.08244,-57.18076450823496
0.6,-57,1770628742.182,-57.179987997976546
0.6,-57,1770628742.28368,-57.179218121571786
0.6,-57,1770628742.38261,-57.178454794333284
0.6,-57,1770628742.48409,-57.177697933009014
0.6,-57,1770628742.5826,-57.17694745575205
0.6,-57,1770628742.68346,-57.17620328209105
0.6,-57,1770628742.78278,-57.17546533290147
0.6,-57,1770628742.88309,-57.174733530377495
0.6,-57,1770628742.98174,-57.174007798004716
0.6,-56,1770628743.08409,-57.16915182365457
0.6,-56,1770628743.18307,-57.164335796775816
0.6,-56,1770628743.28398,-57.159559226211584
0.6,-56,1770628743.38202,-57.1548216288239
0.6,-56,1770628743.48336,-57.1501225293307
0.6,-56,1770628743.58311,-57.14546146014678
0.6,-56,1770628743.68254,-57.14083796122862
0.6,-56,1770628743.78244,-57.136251579922984
0.6,-56,1770628743.88397,-57.13170187081906
0.6,-56,1770628743.98311,-57.12718839560422
0.6,-56,1770628744.08337,-57.122710722923195
0.6,-56,1770628744.18393,-57.11826842824053
0.6,-56,1770628744.28376,-57.1138610937064
0.6,-56,1770628744.38284,-57.10948830802545
0.6,-56,1770628744.48405,-57.105149666328835
0.6,-56,1770628744.58404,-57.10084477004917
0.6,-56,1770628744.6837,-57.0965732267984
0.6,-56,1770628744.78279,-57.09233465024851
0.6,-56,1770628744.8834,-57.088128660015
0.6,-57,1770628744.98399,-57.08779062140114
0.6,-57,1770628745.08407,-57.08745516177855
0.6,-57,1770628745.18375,-57.08712225172912
0.6,-57,1770628745.2832,-57.08679186228047
0.6,-57,1770628745.38467,-57.08646396489753
0.6,-56,1770628745.48502,-57.08237472740209
0.6,-56,1770628745.58402,-57.07831610294683
0.6,-56,1770628745.68458,-57.07428774884896
0.6,-56,1770628745.78405,-57.070289327521344
0.6,-56,1770628745.88463,-57.066320506378126
0.6,-56,1770628745.98514,-57.06238095774248
0.6,-56,1770628746.0843,-57.05847035875633
0.6,-56,1770628746.18422,-57.05458839129215
0.6,-56,1770628746.28419,-57.05073474186659
0.6,-57,1770628746.38287,-57.05055002077011
0.6,-57,1770628746.48429,-57.05036663739394
0.6,-56,1770628746.58336,-57.046569880038014
0.6,-56,1770628746.68505,-57.042800420126525
0.6,-56,1770628746.7835,-57.03905796413904
0.6,-56,1770628746.88505,-57.03534222274826
0.6,-56,1770628746.9837,-57.031652910745436
0.6,-56,1770628747.08352,-57.027989746967314
0.6,-56,1770628747.18514,-57.0243524542247
0.6,-56,1770628747.28413,-57.02074075923245
0.6,-56,1770628747.38522,-57.01715439254102
0.6,-56,1770628747.48422,-57.01359308846939
0.6,-56,1770628747.58431,-57.0100565850394
0.6,-56,1770628747.68408,-57.00654462391147
0.6,-56,1770628747.78464,-57.00305695032168
0.6,-56,1770628747.8844,-56.999593313020064
0.6,-56,1770628747.98396,-56.99615346421029
0.6,-57,1770628748.08373,-56.99616665589093
0.6,-57,1770628748.18511,-56.99617975758954
0.6,-57,1770628748.28433,-56.99619277022429
0.6,-57,1770628748.38525,-56.99620569470092
0.6,-57,1770628748.48617,-56.996218531912916
0.6,-56,1770628748.58437,-56.99285935719954
0.6,-56,1770628748.68405,-56.989522710820204
0.6,-56,1770628748.78434,-56.98620836673854
0.6,-56,1770628748.88468,-56.982916101932
0.6,-56,1770628748.98439,-56.9796456963418
0.6,-56,1770628749.08504,-56.97639693282384
0.6,-56,1770628749.1844,-56.9731695971006
0.6,-56,1770628749.28482,-56.96996347771401
0.6,-56,1770628749.38401,-56.96677836597922
0.6,-56,1770628749.48455,-56.96361405593929
0.6,-56,1770628749.58408,-56.96047034432074
0.6,-56,1770628749.68425,-56.95734703049002
0.6,-56,1770628749.78378,-56.95424391641078
0.6,-56,1770628749.8852,-56.951160806601976
0.6,-56,1770628749.98475,-56.94809750809678
0.6,-56,1770628750.08625,-56.94505383040231
0.6,-56,1770628750.18507,-56.94202958546009
0.6,-56,1770628750.28529,-56.9390245876073
0.6,-56,1770628750.38816,-56.93603865353874
0.6,-56,1770628750.48567,-56.93307160226953
0.6,-56,1770628750.58427,-56.93012325509851
0.6,-56,1770628750.68523,-56.92719343557233
0.6,-56,1770628750.78525,-56.92428196945023
0.6,-56,1770628750.88511,-56.921388684669445
0.6,-56,1770628750.98559,-56.91851341131132
0.6,-56,1770628751.08533,-56.91565598156796
0.6,-56,1770628751.18588,-56.91281622970961
0.6,-56,1770628751.28515,-56.909993992052556
0.6,-56,1770628751.38512,-56.907189106927646
0.6,-56,1770628751.48598,-56.904401414649406
0.6,-56,1770628751.58542,-56.9016307574857
0.6,-56,1770628751.68537,-56.89887697962795
0.6,-56,1770628751.78618,-56.89613992716192
0.6,-56,1770628751.88597,-56.89341944803898
0.6,-56,1770628751.98546,-56.89071539204797
0.6,-56,1770628752.08513,-56.88802761078749
0.6,-56,1770628752.18558,-56.88535595763874
0.6,-56,1770628752.28537,-56.88270028773883
0.6,-57,1770628752.38535,-56.88305108775375
0.6,-56,1770628752.48504,-56.88041803930877
0.6,-56,1770628752.58587,-56.87780060267225
0.6,-56,1770628752.68505,-56.87519863927824
0.6,-56,1770628752.78519,-56.87261201219577
0.6,-56,1770628752.88563,-56.87004058610485
0.6,-56,1770628752.98527,-56.8674842272728
0.6,-56,1770628753.08557,-56.86494280353107
0.6,-56,1770628753.18458,-56.862416184252446
0.6,-56,1770628753.28539,-56.859904240328625
0.6,-56,1770628753.38612,-56.85740684414821
0.6,-56,1770628753.48617,-56.85492386957509
0.6,-56,1770628753.58614,-56.85245519192716
0.6,-56,1770628753.68625,-56.850000687955465
0.6,-56,1770628753.78624,-56.84756023582362
0.6,-56,1770628753.8846,-56.84513371508768
0.6,-57,1770628753.9855,-56.845575831147634
0.6,-57,1770628754.08535,-56.846015437743404
0.6,-57,1770628754.18561,-56.84645255620181
0.6,-57,1770628754.2852,-56.846887207608695
0.6,-57,1770628754.39118,-56.847319412812304
0.6,-56,1770628754.48512,-56.84493429878329
0.6,-56,1770628754.58537,-56.842562532737645
0.6,-56,1770628754.68594,-56.84020400282113
0.6,-56,1770628754.78513,-56.83785859842582
0.6,-56,1770628754.88423,-56.835526210172745
0.6,-56,1770628754.98628,-56.83320672989492
0.6,-56,1770628755.0852,-56.83090005062055
0.6,-56,1770628755.18481,-56.8286060665566
0.6,-56,1770628755.2842,-56.82632467307261
0.6,-57,1770628755.38461,-56.82680154744357
0.6,-57,1770628755.485,-56.82727581881307
0.6,-57,1770628755.58506,-56.82774750845896
0.6,-57,1770628755.68535,-56.828216637427836
0.6,-57,1770628755.78576,-56.82868322653812
0.6,-57,1770628755.88582,-56.82914729638318
0.6,-57,1770628755.98526,-56.82960886733434
0.6,-57,1770628756.08623,-56.83006795954392
0.6,-57,1770628756.18521,-56.83052459294807
0.6,-57,1770628756.28456,-56.83097878726977
0.6,-57,1770628756.3852,-56.83143056202159
0.6,-57,1770628756.48594,-56.83187993650852
0.6,-57,1770628756.58441,-56.83232692983075
0.6,-57,1770628756.68504,-56.83277156088632
0.6,-57,1770628756.78528,-56.833213848373845
0.6,-57,1770628756.88538,-56.833653810795084
0.6,-57,1770628756.98511,-56.83409146645757
0.6,-57,1770628757.08535,-56.834526833477135
0.6,-57,1770628757.18486,-56.8349599297804
0.6,-57,1770628757.286,-56.83539077310727
0.6,-57,1770628757.38511,-56.835819381013316
0.6,-57,1770628757.48592,-56.836245770872196
0.6,-57,1770628757.58481,-56.836669959878
0.6,-57,1770628757.68602,-56.837091965047556
0.6,-57,1770628757.78501,-56.837511803222704
0.6,-57,1770628757.88693,-56.83792949107255
0.6,-57,1770628757.98498,-56.838345045095686
0.6,-57,1770628758.08403,-56.838758481622335
0.6,-57,1770628758.18587,-56.83916981681651
0.6,-57,1770628758.28522,-56.83957906667813
0.6,-57,1770628758.38595,-56.83998624704508
0.6,-57,1770628758.48446,-56.84039137359529
0.6,-57,1770628758.5844,-56.84079446184869
0.6,-57,1770628758.68441,-56.84119552716925
0.6,-57,1770628758.7859,-56.841594584766916
0.6,-57,1770628758.88432,-56.84199164969954
0.6,-57,1770628758.98535,-56.842386736874744
0.6,-57,1770628759.08518,-56.84277986105185
0.6,-57,1770628759.18453,-56.843171036843664
0.6,-57,1770628759.28489,-56.843560278718314
0.6,-57,1770628759.3852,-56.84394760100104
0.6,-57,1770628759.48476,-56.84433301787594
0.6,-57,1770628759.58589,-56.844716543387705
0.6,-56,1770628759.68521,-56.842640440540784
0.6,-56,1770628759.78519,-56.84057447583541
0.6,-56,1770628759.88416,-56.838518575090475
0.6,-57,1770628759.98493,-56.83891257530847
0.6,-57,1770628760.08701,-56.83930466557085
0.6,-57,1770628760.18687,-56.8396948597513
0.6,-57,1770628760.28629,-56.840083171589455
0.6,-56,1770628760.38574,-56.83805308913407
0.6,-57,1770628760.48614,-56.83844350261696
0.6,-56,1770628760.58589,-56.83642704446593
0.6,-57,1770628760.68565,-56.83681950201983
0.6,-56,1770628760.78649,-56.83481650055565
0.6,-57,1770628760.88579,-56.8352109459655
0.6,-57,1770628760.9854,-56.83560352025306
0.6,-57,1770628761.08665,-56.83599423672006
0.6,-57,1770628761.18696,-56.83638310854246
0.6,-56,1770628761.28555,-56.834404621435525
0.6,-57,1770628761.38807,-56.834795425632514
0.6,-57,1770628761.48585,-56.83518439780228
0.6,-56,1770628761.58631,-56.833222543752
0.6,-57,1770628761.68601,-56.83361339538096
0.6,-57,1770628761.78598,-56.83400242761147
0.6,-57,1770628761.88531,-56.83438965313693
0.6,-57,1770628761.98656,-56.83477508453293
0.6,-57,1770628762.08605,-56.835158734258606
0.6,-57,1770628762.18617,-56.835540614658015
0.6,-57,1770628762.28523,-56.83592073796144
0.6,-57,1770628762.38708,-56.83629911628669
0.6,-57,1770628762.48579,-56.836675761640414
0.6,-57,1770628762.58647,-56.83705068591936
0.6,-56,1770628762.68589,-56.835133526175376
0.6,-56,1770628762.78713,-56.83322508682566
0.6,-56,1770628762.88645,-56.831325308413405
0.6,-56,1770628762.98743,-56.82943413202112
0.6,-56,1770628763.08692,-56.82755149926449
0.6,-56,1770628763.18688,-56.82567735228638
0.6,-56,1770628763.28728,-56.82381163375088
0.6,-57,1770628763.38702,-56.824208864021514
0.6,-57,1770628763.4869,-56.82460431589885
0.6,-57,1770628763.58699,-56.82499800131832
0.6,-56,1770628763.68662,-56.82315035317016
0.6,-56,1770628763.78722,-56.821310921462846
0.6,-56,1770628763.88702,-56.819479651420544
0.6,-56,1770628763.98782,-56.817656488753244
0.6,-57,1770628764.08694,-56.81806127165595
0.6,-57,1770628764.18709,-56.818464270447315
0.6,-57,1770628764.28736,-56.81886549691652
0.6,-57,1770628764.3881,-56.81926496274912
0.6,-57,1770628764.48798,-56.81966267952815
0.6,-57,1770628764.58867,-56.820058658735256
0.6,-57,1770628764.68873,-56.820452911751815
0.6,-57,1770628764.78916,-56.82084544986002
0.6,-57,1770628764.88906,-56.821236284243966
0.6,-57,1770628764.99076,-56.82162542599069
0.6,-57,1770628765.08927,-56.822012886091244
0.6,-56,1770628765.18914,-56.820231162625696
0.6,-56,1770628765.28993,-56.81845710543743
0.6,-57,1770628765.39001,-56.81884892157023
0.6,-57,1770628765.49014,-56.81923905908453
0.6,-57,1770628765.5909,-56.81962752876365
0.6,-57,1770628765.69088,-56.82001434129874
0.6,-57,1770628765.79155,-56.820399507289764
0.6,-56,1770628765.89092,-56.81864757563983
0.6,-56,1770628765.98926,-56.81690306965307
0.6,-56,1770628766.08985,-56.81516594213294
0.6,-56,1770628766.19,-56.813436146282015
0.6,-56,1770628766.29002,-56.81171363569777
0.6,-56,1770628766.38993,-56.80999836436846
0.6,-56,1770628766.49092,-56.808290286668985
0.6,-56,1770628766.59002,-56.80658935735685
0.6,-56,1770628766.69034,-56.80489553156815
0.6,-57,1770628766.79094,-56.805304399201404
0.6,-57,1770628766.89095,-56.80571156643834
0.6,-57,1770628766.99186,-56.806117043884235
0.6,-56,1770628767.09204,-56.804438151652796
0.6,-56,1770628767.19193,-56.8027661980575
0.6,-56,1770628767.29335,-56.80110114009072
0.6,-57,1770628767.39208,-56.801512842266305
0.6,-57,1770628767.49233,-56.801922853475325
0.6,-56,1770628767.59401,-56.800269711288315
0.6,-57,1770628767.69309,-56.80068061275876
0.6,-57,1770628767.79209,-56.801089836945195
0.6,-57,1770628767.89158,-56.801497394116595
0.6,-56,1770628767.99338,-56.799858483308974
0.6,-57,1770628768.09168,-56.80026690974547
0.6,-56,1770628768.19173,-56.79863710048642
0.6,-56,1770628768.29213,-56.797013876446044
0.6,-56,1770628768.39394,-56.7953971977144
0.6,-56,1770628768.49499,-56.793787024703384
0.6,-56,1770628768.59593,-56.79218331814352
0.6,-56,1770628768.69512,-56.79058603908075
0.6,-56,1770628768.79565,-56.78899514887327
0.6,-56,1770628768.89405,-56.78741060918841
0.6,-56,1770628768.99613,-56.78583238199957
0.6,-56,1770628769.09517,-56.78426042958312
0.6,-56,1770628769.1969,-56.78269471451544
0.6,-56,1770628769.29634,-56.781135199669926
0.6,-56,1770628769.39734,-56.77958184821403
0.6,-56,1770628769.49815,-56.77803462360638
0.6,-56,1770628769.59631,-56.7764934895939
0.6,-56,1770628769.69784,-56.77495841020899
0.6,-56,1770628769.79758,-56.773429349766666
0.6,-56,1770628769.89837,-56.771906272861855
0.6,-56,1770628769.9981,-56.770389144366625
0.6,-56,1770628770.09715,-56.768877929427475
0.6,-56,1770628770.19678,-56.76737259346267
0.6,-56,1770628770.29685,-56.76587310215959
0.6,-56,1770628770.39624,-56.76437942147213
0.6,-56,1770628770.4983,-56.7628915176181
0.6,-56,1770628770.59686,-56.761409357076694
0.6,-56,1770628770.69788,-56.759932906585945
0.6,-57,1770628770.79755,-56.760397532216864
0.6,-56,1770628770.89904,-56.75892866443406
0.65,-56,1770628793.65023,-56.0
0.65,-56,1770628793.65035,-56.0
0.65,-57,1770628793.65043,-56.04347838610583
0.65,-57,1770628793.65052,-56.08333360729157
0.65,-56,1770628793.6507,-56.08000024679986
0.65,-56,1770628793.6508,-56.076923296153666
0.65,-57,1770628793.6509,-56.11111155843581
0.65,-56,1770628793.651,-56.10714325688727
0.65,-56,1770628793.65114,-56.10344862841799
0.65,-56,1770628793.65124,-56.10000030583272
0.65,-57,1770628793.65134,-56.12903288111223
0.65,-57,1770628793.65143,-56.15625094150192
0.65,-57,1770628793.65154,-56.18181944228351
0.65,-57,1770628793.65165,-56.20588393230546
0.65,-57,1770628793.65174,-56.22857332632081
0.65,-57,1770628793.65183,-56.250002215270314
0.65,-57,1770628793.65191,-56.27027280192623
0.65,-57,1770628793.652,-56.28947653090926
0.65,-56,1770628793.6521,-56.282053898278114
0.65,-56,1770628793.65219,-56.27500239154946
0.65,-57,1770628793.65228,-56.29268568421972
0.65,-57,1770628793.65237,-56.30952692931772
0.65,-57,1770628793.65245,-56.325584874179725
0.65,-57,1770628793.65253,-56.34091292549008
0.65,-56,1770628793.65261,-56.33333685626909
0.65,-57,1770628793.65271,-56.347829988957066
0.65,-57,1770628793.65279,-56.36170640485269
0.65,-57,1770628793.65287,-56.37500464865628
0.65,-57,1770628793.65296,-56.38776011856993
0.65,-57,1770628793.65304,-56.40000538094657
0.65,-57,1770628793.65313,-56.41177044792153
0.65,-58,1770628793.65322,-56.44231458838832
0.65,-58,1770628793.65334,-56.47170614793646
0.65,-58,1770628793.65343,-56.50000915869267
0.65,-57,1770628793.65352,-56.50910032674619
0.65,-57,1770628793.65366,-56.51786681897734
0.65,-57,1770628793.65376,-56.52632572355023
0.65,-57,1770628793.65385,-56.53449295013742
0.65,-57,1770628793.654,-56.54238332979185
0.65,-57,1770628793.65411,-56.55001070483164
0.65,-57,1770628793.6542,-56.55738800988375
0.65,-57,1770628793.6543,-56.56452734508474
0.65,-57,1770628793.6544,-56.57144004231004
0.65,-57,1770628793.65449,-56.57813672519422
0.65,-57,1770628793.65459,-56.584627363610984
0.65,-56,1770628793.65468,-56.57576876128848
0.65,-56,1770628793.65478,-56.56717458491694
0.65,-57,1770628793.65492,-56.5735401327515
0.65,-57,1770628793.65501,-56.57972117928722
0.65,-57,1770628793.65511,-56.58572563170863
0.65,-57,1770628793.65521,-56.59156095172585
0.65,-57,1770628793.65531,-56.597234186510285
0.65,-56,1770628793.65541,-56.58905219836463
0.65,-56,1770628793.65551,-56.58109133498117
0.65,-57,1770628793.6556,-56.58667728785133
0.65,-57,1770628793.6557,-56.59211624899768
0.65,-56,1770628793.65579,-56.58442569478602
0.65,-56,1770628793.65587,-56.57693232434584
0.65,-57,1770628793.65597,-56.58228814950381
0.65,-57,1770628793.65606,-56.58751008611323
0.65,-58,1770628793.65617,-56.60495007826586
0.65,-58,1770628793.65625,-56.62196472836015
0.65,-59,1770628793.65635,-56.65061894343024
0.65,-57,1770628793.65664,-56.65477871603035
0.65,-56,1770628793.65677,-56.64707453693383
0.65,-56,1770628793.65694,-56.63954951387863
0.65,-56,1770628793.65703,-56.63219746907905
0.65,-58,1770628793.65712,-56.64774262983988
0.65,-58,1770628793.6572,-56.66293848390995
0.65,-58,1770628793.65729,-56.6777966748295
0.65,-58,1770628793.65738,-56.69232833433551
0.65,-58,1770628793.65747,-56.70654411017702
0.65,-58,1770628793.65756,-56.720454192136
0.65,-58,1770628793.65766,-56.73406833638724
0.65,-58,1770628793.65775,-56.747395888319744
0.65,-57,1770628793.65785,-56.75002757562617
0.65,-57,1770628793.65795,-56.75260500552998
0.65,-58,1770628793.65803,-56.76533551611139
0.65,-57,1770628793.65812,-56.767706242813894
0.65,-58,1770628793.6582,-56.780031188219134
0.65,-58,1770628793.65826,-56.79211209572408
0.65,-58,1770628793.65833,-56.8039561429052
0.65,-58,1770628793.65841,-56.815570228598475
0.65,-58,1770628793.65848,-56.826960986300335
0.65,-59,1770628793.65854,-56.84766032014189
0.65,-60,1770628793.6586,-56.87740482944701
0.65,-60,1770628793.65867,-56.906593418798714
0.65,-59,1770628793.65873,-56.92598050671963
0.65,-60,1770628793.6588,-56.95418799610394
0.65,-60,1770628793.65886,-56.98188267290682
0.65,-60,1770628793.65893,-57.00907839691197
0.65,-60,1770628793.65899,-57.03578853291135
0.65,-60,1770628793.65906,-57.06202597260745
0.65,-60,1770628793.65912,-57.08780315536282
0.65,-60,1770628793.65918,-57.11313208786699
0.65,-59,1770628793.65925,-57.12940177398859
0.65,-58,1770628793.65931,-57.136844452500775
0.65,-57,1770628793.65938,-57.13568448926076
0.65,-57,1770628793.65944,-57.13454401893945
0.65,-57,1770628793.6595,-57.13342255421439
0.65,-58,1770628793.65957,-57.14058606988676
0.65,-57,1770628793.65978,-57.139433443878744
0.65,-57,1770628793.65984,-57.13829955743414
0.65,-58,1770628793.65991,-57.14525050690385
0.65,-59,1770628793.66006,-57.160092305807474
0.65,-58,1770628793.66014,-57.16675997612704
0.65,-58,1770628793.6602,-57.17332265763867
0.65,-58,1770628793.66027,-57.17978281101506
0.65,-58,1770628793.66033,-57.18614282062904
0.65,-60,1770628793.66041,-57.20779388147885
0.65,-66,1770628793.66047,-57.274928871436266
0.65,-76,1770628793.66053,-57.416826064029934
0.65,-75,1770628793.6606,-57.54906879187184
0.65,-72,1770628793.66066,-57.65694337415843
0.65,-74,1770628793.66073,-57.77803930422993
0.65,-72,1770628793.66079,-57.88264432948604
0.65,-71,1770628793.66085,-57.97842098716841
0.65,-67,1770628793.66092,-58.04381521296419
0.65,-66,1770628793.66098,-58.10107213381268
0.65,-66,1770628793.66105,-58.15751123001172
0.65,-66,1770628793.66111,-58.21314990206927
0.65,-70,1770628793.66118,-58.296183416197124
0.65,-74,1770628793.66124,-58.40603725377248
0.65,-71,1770628793.6613,-58.49352516271823
0.65,-67,1770628793.66137,-58.55221080017461
0.65,-64,1770628793.66143,-58.58953751274011
0.65,-64,1770628793.66151,-58.62635646881285
0.65,-65,1770628793.66158,-58.66943715340809
0.65,-66,1770628793.66164,-58.71865354104062
0.65,-71,1770628793.6617,-58.800559511426364
0.65,-74,1770628793.66176,-58.901255845283266
0.65,-73,1770628793.66183,-58.9940460280755
0.65,-71,1770628793.66189,-59.07254656545653
0.65,-70,1770628793.66198,-59.14353177072749
0.65,-69,1770628793.66205,-59.20714705231084
0.65,-69,1770628793.66211,-59.26994691607083
0.65,-71,1770628793.66217,-59.344690969721825
0.65,-70,1770628793.66223,-59.41215737260388
0.65,-67,1770628793.6623,-59.45989953301763
0.65,-70,1770628793.66236,-59.52580295169265
0.65,-71,1770628793.66243,-59.59710170186957
0.65,-68,1770628793.6625,-59.64899388112563
0.65,-71,1770628793.66257,-59.71866245370933
0.65,-70,1770628793.66263,-59.78138133241246
0.65,-71,1770628793.66269,-59.849403478335915
0.65,-72,1770628793.66276,-59.92263309890052
0.65,-74,1770628793.66282,-60.006967473907665
0.65,-67,1770628793.66288,-60.048612041100284
0.65,-70,1770628793.66295,-60.10752372928995
0.65,-71,1770628793.66301,-60.171627659857776
0.65,-71,1770628793.66307,-60.23498201667243
0.65,-69,1770628793.66314,-60.28596629218661
0.65,-66,1770628793.6632,-60.31901169644141
0.65,-63,1770628793.66326,-60.334427371452044
0.65,-63,1770628793.66333,-60.34966691158073
0.65,-62,1770628793.66339,-60.3590485968492
0.65,-62,1770628793.66345,-60.36832430162071
0.65,-62,1770628793.66352,-60.37749581208183
0.65,-62,1770628793.66358,-60.38656487450439
0.65,-62,1770628793.66364,-60.39553319635418
0.65,-62,1770628793.66371,-60.40440244736299
0.65,-62,1770628793.66377,-60.413174260565214
0.65,-62,1770628793.66383,-60.42185023330053
0.65,-62,1770628793.6639,-60.430431928183864
0.65,-62,1770628793.66396,-60.438920874043895
0.65,-62,1770628793.66402,-60.44731856683128
0.65,-62,1770628793.66409,-60.455626470497755
0.65,-62,1770628793.66415,-60.463846017847175
0.65,-62,1770628793.66422,-60.4719786113595
0.65,-61,1770628793.66428,-60.47475932818359
0.65,-61,1770628793.66434,-60.47751093627264
0.65,-61,1770628793.66441,-60.480233890450236
0.65,-61,1770628793.66448,-60.48292863611357
0.65,-59,1770628793.66454,-60.4752799217432
0.65,-58,1770628793.6646,-60.462578204725055
0.65,-59,1770628793.66467,-60.4551113350849
0.65,-59,1770628793.66473,-60.44772024707633
0.65,-59,1770628793.6648,-60.44040379249386
0.65,-59,1770628793.66486,-60.433160846211486
0.65,-59,1770628793.66492,-60.425990305605715
0.65,-59,1770628793.66499,-60.4188910899958
0.65,-59,1770628793.66505,-60.41186214010061
0.65,-59,1770628793.66511,-60.40490241751152
0.65,-58,1770628793.66517,-60.39310557179283
0.65,-58,1770628793.66524,-60.38142377753604
0.65,-58,1770628793.6653,-60.36985535923601
0.65,-58,1770628793.66536,-60.35839867376447
0.65,-58,1770628793.66542,-60.34705210959176
0.65,-59,1770628793.66549,-60.34060223006694
0.65,-59,1770628793.66555,-60.33421375571897
0.65,-59,1770628793.66562,-60.32788581348929
0.65,-58,1770628793.66568,-60.316897060562475
0.65,-59,1770628793.66574,-60.31070980742992
0.65,-58,1770628793.6658,-60.29990392168002
0.65,-58,1770628793.66587,-60.28919851763295
0.65,-58,1770628793.66593,-60.27859219971087
0.65,-59,1770628793.666,-60.27269548150862
0.65,-58,1770628793.66607,-60.26226207935728
0.65,-59,1770628793.66613,-60.25649375380634
0.65,-58,1770628793.66619,-60.24622875362046
0.65,-58,1770628793.66626,-60.236056612092284
0.65,-58,1770628793.66632,-60.22597607437636
0.65,-59,1770628793.66638,-60.220473901675085
0.65,-59,1770628793.66645,-60.215020835265115
0.65,-60,1770628793.66652,-60.21406438680795
0.65,-61,1770628793.66658,-60.21754491635218
0.65,-60,1770628793.66665,-60.21658575175104
0.65,-60,1770628793.66671,-60.215634997280915
0.65,-60,1770628793.66677,-60.21469254276554
0.65,-60,1770628793.66683,-60.21375827994475
0.65,-60,1770628793.6669,-60.21283210243301
0.65,-59,1770628793.66696,-60.20759972213488
0.65,-59,1770628793.66703,-60.202412234937015
0.65,-58,1770628793.66709,-60.19299168894342
0.65,-58,1770628793.66715,-60.183651281426
0.65,-58,1770628793.66722,-60.17438999367644
0.65,-58,1770628793.66728,-60.16520682417981
0.65,-58,1770628793.66735,-60.156100788253354
0.65,-58,1770628793.66741,-60.14707091769436
0.65,-58,1770628793.66747,-60.1381162604368
0.65,-59,1770628793.66753,-60.133389246609504
0.65,-58,1770628793.6676,-60.12456504333077
0.65,-59,1770628793.66766,-60.11993268047932
0.65,-58,1770628793.66772,-60.11123586975876
0.65,-58,1770628793.66779,-60.10261001838761
0.65,-58,1770628793.66785,-60.094054261008985
0.65,-58,1770628793.66791,-60.085567746279864
0.65,-59,1770628793.7014,-60.08118600016693
0.65,-59,1770628793.80129,-60.076839430866464
0.65,-59,1770628793.90289,-60.07252761625723
0.65,-59,1770628794.00189,-60.06825014094503
0.65,-59,1770628794.10387,-60.06400659612922
0.65,-59,1770628794.20315,-60.0597965794724
0.65,-59,1770628794.30145,-60.055619694973196
0.65,-59,1770628794.40115,-60.05147555284202
0.65,-59,1770628794.50292,-60.04736376937974
0.65,-59,1770628794.60115,-60.04328396685921
0.65,-59,1770628794.70164,-60.03923577340948
0.65,-59,1770628794.80138,-60.03521882290282
0.65,-59,1770628794.902,-60.031232754844204
0.65,-59,1770628795.00108,-60.02727721426345
0.65,-59,1770628795.1027,-60.02335185160975
0.65,-59,1770628795.20216,-60.019456322648686
0.65,-59,1770628795.30176,-60.01559028836148
0.65,-59,1770628795.40397,-60.01175341484663
0.65,-59,1770628795.50153,-60.007945373223706
0.65,-59,1770628795.60289,-60.00416583953933
0.65,-59,1770628795.70197,-60.00041449467525
0.65,-58,1770628795.80216,-59.99296909656086
0.65,-59,1770628795.90146,-59.989286992438494
0.65,-58,1770628796.00286,-59.98193752029564
0.65,-59,1770628796.1019,-59.978323031685555
0.65,-59,1770628796.201,-59.97473500661991
0.65,-59,1770628796.30202,-59.971173155352304
0.65,-59,1770628796.40201,-59.96763719235083
0.65,-59,1770628796.50162,-59.96412683622172
0.65,-58,1770628796.602,-59.957027112422516
0.65,-58,1770628796.7009,-59.94997843331692
0.65,-58,1770628796.80291,-59.94298025003814
0.65,-59,1770628796.90142,-59.939608089035886
0.65,-59,1770628797.00179,-59.936259913597205
0.65,-59,1770628797.10155,-59.93293546855695
0.65,-59,1770628797.20146,-59.929634502356535
0.65,-59,1770628797.3015,-59.92635676698046
0.65,-59,1770628797.401,-59.923102017894145
0.65,-59,1770628797.50287,-59.91987001398307
0.65,-59,1770628797.60183,-59.9166605174932
0.65,-59,1770628797.70109,-59.913473293972636
0.65,-59,1770628797.80181,-59.91030811221449
0.65,-59,1770628797.90198,-59.90716474420092
0.65,-59,1770628798.00208,-59.904042965048376
0.65,-59,1770628798.10133,-59.90094255295388
0.65,-59,1770628798.20181,-59.89786328914249
0.65,-59,1770628798.302,-59.89480495781581
0.65,-59,1770628798.40188,-59.89176734610149
0.65,-58,1770628798.50225,-59.88536696011169
0.65,-59,1770628798.60107,-59.88238156864467
0.65,-58,1770628798.70195,-59.87605555519673
0.65,-59,1770628798.80185,-59.87312126221605
0.65,-59,1770628798.90291,-59.87020651671157
0.65,-59,1770628799.00194,-59.867311123858315
0.65,-59,1770628799.10109,-59.8644348914118
0.65,-59,1770628799.2011,-59.86157762966539
0.65,-59,1770628799.30106,-59.85873915140862
0.65,-59,1770628799.40206,-59.85591927188623
0.65,-59,1770628799.50236,-59.85311780875806
0.65,-59,1770628799.60113,-59.850334582059716
0.65,-59,1770628799.70141,-59.84756941416402
0.65,-59,1770628799.8005,-59.84482212974316
0.65,-59,1770628799.90107,-59.84209255573161
0.65,-59,1770628800.00291,-59.8393805212898
0.65,-59,1770628800.10113,-59.83668585776837
0.65,-59,1770628800.20197,-59.83400839867326
0.65,-59,1770628800.30163,-59.83134797963133
0.65,-59,1770628800.40291,-59.82870443835672
0.65,-59,1770628800.50124,-59.826077614617844
0.65,-59,1770628800.60291,-59.82346735020493
0.65,-59,1770628800.70202,-59.82087348889829
0.65,-59,1770628800.80265,-59.81829587643711
0.65,-59,1770628800.90189,-59.81573436048882
0.65,-59,1770628801.00179,-59.813188790619066
0.65,-59,1770628801.10105,-59.81065901826227
0.65,-59,1770628801.20159,-59.80814489669267
0.65,-59,1770628801.30265,-59.805646280995916
0.65,-59,1770628801.40215,-59.80316302804124
0.65,-59,1770628801.50289,-59.80069499645407
0.65,-59,1770628801.60298,-59.79824204658918
0.65,-59,1770628801.70243,-59.79580404050435
0.65,-59,1770628801.80268,-59.79338084193446
0.65,-59,1770628801.90327,-59.790972316266085
0.65,-59,1770628802.00305,-59.788578330512564
0.65,-59,1770628802.10446,-59.78619875328947
0.65,-59,1770628802.20273,-59.783833454790575
0.65,-59,1770628802.30403,-59.78148230676422
0.65,-59,1770628802.40353,-59.7791451824901
0.65,-59,1770628802.50278,-59.776821956756486
0.65,-59,1770628802.6039,-59.77451250583785
0.65,-59,1770628802.70374,-59.772216707472865
0.65,-59,1770628802.80339,-59.769934440842825
0.65,-59,1770628802.90462,-59.76766558655041
0.65,-59,1770628803.00501,-59.76541002659886
0.65,-59,1770628803.10395,-59.76316764437149
0.65,-59,1770628803.20386,-59.760938324611594
0.65,-59,1770628803.3034,-59.75872195340264
0.65,-59,1770628803.40307,-59.75651841814888
0.65,-59,1770628803.50314,-59.75432760755624
0.65,-59,1770628803.60281,-59.75214941161359
0.65,-59,1770628803.70397,-59.749983721574274
0.65,-59,1770628803.80448,-59.74783042993805
0.65,-59,1770628803.9031,-59.74568943043322
0.65,-59,1770628804.00382,-59.74356061799917
0.65,-59,1770628804.10465,-59.74144388876917
0.65,-59,1770628804.20476,-59.739339140053424
0.65,-59,1770628804.30469,-59.7372462703225
0.65,-59,1770628804.40563,-59.73516517919094
0.65,-59,1770628804.50499,-59.73309576740123
0.65,-59,1770628804.60534,-59.73103793680797
0.65,-59,1770628804.70569,-59.72899159036237
0.65,-59,1770628804.80503,-59.72695663209694
0.65,-59,1770628804.90673,-59.72493296711054
0.65,-59,1770628805.0071,-59.72292050155352
0.65,-59,1770628805.10691,-59.72091914261327
0.65,-59,1770628805.21012,-59.7189287984999
0.65,-59,1770628805.30646,-59.71694937843221
0.65,-59,1770628805.40655,-59.714980792623855
0.65,-59,1770628805.50752,-59.71302295226976
0.65,-59,1770628805.60586,-59.711075769532755
0.65,-59,1770628805.70628,-59.70913915753042
0.65,-59,1770628805.80612,-59.707213030322166
0.65,-59,1770628805.9061,-59.70529730289647
0.65,-59,1770628806.00615,-59.70339189115839
0.65,-59,1770628806.10604,-59.70149671191722
0.65,-59,1770628806.20638,-59.6996116828744
0.65,-59,1770628806.30593,-59.697736722611545
0.65,-59,1770628806.40825,-59.695871750578746
0.65,-59,1770628806.50601,-59.694016687083014
0.65,-59,1770628806.60735,-59.69217145327689
0.65,-59,1770628806.70673,-59.690335971147306
0.65,-59,1770628806.80693,-59.68851016350453
0.65,-59,1770628806.90644,-59.686693953971364
0.65,-59,1770628807.00806,-59.68488726697247
0.65,-59,1770628807.1069,-59.683090027723864
0.65,-59,1770628807.20897,-59.681302162222615
0.65,-59,1770628807.30691,-59.679523597236646
0.65,-59,1770628807.40789,-59.67775426029474
0.65,-59,1770628807.50788,-59.67599407967667
0.65,-59,1770628807.60696,-59.674242984403506
0.65,-59,1770628807.70757,-59.67250090422806
0.65,-59,1770628807.8077,-59.67076776962548
0.65,-59,1770628807.90878,-59.66904351178399
0.65,-59,1770628808.00797,-59.66732806259577
0.65,-59,1770628808.10982,-59.66562135464799
0.65,-59,1770628808.20797,-59.66392332121394
0.65,-59,1770628808.30947,-59.66223389624435
0.65,-59,1770628808.40981,-59.660553014358804
0.65,-59,1770628808.50991,-59.658880610837286
0.65,-59,1770628808.60897,-59.65721662161187
0.65,-59,1770628808.70922,-59.655560983258546
0.65,-59,1770628808.8099,-59.65391363298912
0.65,-59,1770628808.90878,-59.65227450864329
0.65,-59,1770628809.0102,-59.65064354868079
0.65,-59,1770628809.11082,-59.649020692173714
0.65,-59,1770628809.21213,-59.64740587879889
0.65,-59,1770628809.30952,-59.64579904883042
0.65,-59,1770628809.40902,-59.64420014313227
0.65,-59,1770628809.50882,-59.64260910315104
0.65,-59,1770628809.6104,-59.64102587090879
0.65,-59,1770628809.7089,-59.639450388996
0.65,-59,1770628809.81002,-59.63788260056461
0.65,-59,1770628809.91034,-59.63632244932116
0.65,-59,1770628810.0099,-59.634769879520086
0.65,-59,1770628810.11188,-59.63322483595702
0.65,-59,1770628810.21179,-59.63168726396228
0.65,-59,1770628810.31226,-59.630157109394375
0.65,-59,1770628810.4112,-59.62863431863367
0.65,-59,1770628810.51181,-59.627118838576116
0.65,-59,1770628810.61108,-59.625610616627036
0.65,-59,1770628810.71283,-59.62410960069506
0.65,-59,1770628810.81239,-59.62261573918611
0.65,-59,1770628810.91403,-59.62112898099748
0.65,-59,1770628811.01295,-59.61964927551202
0.65,-59,1770628811.11382,-59.618176572592326
0.65,-59,1770628811.21288,-59.616710822575136
0.65,-59,1770628811.31321,-59.615251976265704
0.65,-59,1770628811.41247,-59.613799984932285
0.65,-59,1770628811.51317,-59.61235480030072
0.65,-59,1770628811.61318,-59.61091637454906
0.65,-59,1770628811.71286,-59.60948466030231
0.65,-59,1770628811.81192,-59.608059610627166
0.65,-59,1770628811.91293,-59.60664117902694
0.65,-59,1770628812.01191,-59.605229319436454
0.65,-59,1770628812.11408,-59.60382398621708
0.65,-59,1770628812.21283,-59.60242513415177
0.65,-59,1770628812.31326,-59.601032718440244
0.65,-59,1770628812.41204,-59.599646694694165
0.65,-59,1770628812.51381,-59.59826701893243
0.65,-59,1770628812.61299,-59.59689364757653
0.65,-59,1770628812.71376,-59.5955265374459
0.65,-59,1770628812.81283,-59.59416564575344
0.65,-59,1770628812.91188,-59.59281093010103
0.65,-59,1770628813.01267,-59.591462348475105
0.65,-59,1770628813.11187,-59.59011985924231
0.65,-59,1770628813.21249,-59.588783421145216
0.65,-59,1770628813.31278,-59.587452993298086
0.65,-59,1770628813.41279,-59.5861285351827
0.65,-59,1770628813.5127,-59.58481000664422
0.65,-59,1770628813.61303,-59.58349736788714
0.65,-59,1770628813.71357,-59.58219057947128
0.65,-59,1770628813.81393,-59.580889602307806
0.65,-59,1770628813.91483,-59.57959439765535
0.65,-59,1770628814.01377,-59.57830492711614
0.65,-59,1770628814.11441,-59.577021152632234
0.65,-59,1770628814.21398,-59.575743036481704
0.65,-59,1770628814.31474,-59.574470541275005
0.65,-59,1770628814.41438,-59.57320362995128
0.65,-59,1770628814.51444,-59.571942265774766
0.65,-59,1770628814.61544,-59.57068641233124
0.65,-59,1770628814.71598,-59.56943603352452
0.65,-59,1770628814.81624,-59.56819109357296
0.65,-59,1770628814.91649,-59.5669515570061
0.65,-59,1770628815.01794,-59.56571738866121
0.65,-59,1770628815.1189,-59.56448855368002
0.65,-59,1770628815.21816,-59.563265017505415
0.65,-59,1770628815.31722,-59.56204674587818
0.65,-59,1770628815.41851,-59.5608337048338
0.65,-59,1770628815.5178,-59.559625860699306
0.65,-59,1770628815.61852,-59.55842318009015
0.65,-59,1770628815.71707,-59.55722562990712
0.65,-59,1770628815.81826,-59.55603317733331
0.65,-59,1770628815.91815,-59.55484578983109
0.65,-59,1770628816.01996,-59.55366343513917
0.65,-59,1770628816.11819,-59.55248608126966
0.65,-59,1770628816.219,-59.55131369650519
0.65,-59,1770628816.31957,-59.55014624939602
0.65,-59,1770628816.42084,-59.548983708757284
0.65,-59,1770628816.52012,-59.54782604366615
0.65,-59,1770628816.61812,-59.54667322345911
0.65,-59,1770628816.71893,-59.545525217729256
0.65,-59,1770628816.81872,-59.544381996323594
0.65,-59,1770628816.92088,-59.5432435293404
0.65,-59,1770628817.01902,-59.54210978712663
0.65,-59,1770628817.1191,-59.54098074027531
0.65,-59,1770628817.21859,-59.53985635962301
0.65,-59,1770628817.31984,-59.53873661624731
0.65,-59,1770628817.42122,-59.53762148146435
0.65,-59,1770628817.52094,-59.536510926826324
0.65,-59,1770628817.61907,-59.5354049241191
0.65,-59,1770628817.71981,-59.534303445359804
0.65,-59,1770628817.81963,-59.53320646279446
0.65,-59,1770628817.91927,-59.53211394889567
0.65,-59,1770628818.01932,-59.531025876360275
0.65,-59,1770628818.11996,-59.529942218107095
0.65,-59,1770628818.22087,-59.52886294727468
0.65,-59,1770628818.32088,-59.527788037219096
0.65,-59,1770628818.42053,-59.52671746151169
0.65,-59,1770628818.51901,-59.52565119393695
0.65,-59,1770628818.62081,-59.524589208490376
0.65,-59,1770628818.72075,-59.52353147937631
0.65,-59,1770628818.82041,-59.52247798100589
0.65,-59,1770628818.92082,-59.52142868799497
0.65,-59,1770628819.0203,-59.52038357516206
0.65,-59,1770628819.12079,-59.51934261752631
0.65,-59,1770628819.22001,-59.51830579030556
0.65,-59,1770628819.32062,-59.51727306891431
0.65,-59,1770628819.42014,-59.51624442896179
0.65,-59,1770628819.51994,-59.51521984625007
0.65,-59,1770628819.62107,-59.514199296772105
0.65,-59,1770628819.72014,-59.5131827567099
0.65,-59,1770628819.82171,-59.51217020243263
0.65,-59,1770628819.91971,-59.511161610494796
0.65,-59,1770628820.02102,-59.51015695763445
0.65,-59,1770628820.1209,-59.50915622077136
0.65,-59,1770628820.22166,-59.50815937700527
0.65,-59,1770628820.32096,-59.50716640361413
0.65,-59,1770628820.42096,-59.50617727805237
0.65,-59,1770628820.5211,-59.5051919779492
0.65,-59,1770628820.62141,-59.50421048110692
0.65,-59,1770628820.72112,-59.503232765499206
0.65,-59,1770628820.8213,-59.502258809269534
0.65,-59,1770628820.92155,-59.50128859072949
0.7,-59,1770628834.47887,-59.0
0.7,-59,1770628834.47897,-59.0
0.7,-59,1770628834.47908,-59.0
0.7,-59,1770628834.47917,-59.0
0.7,-59,1770628834.47925,-59.0
0.7,-59,1770628834.47934,-59.0
0.7,-59,1770628834.47943,-59.0
0.7,-59,1770628834.47951,-59.0
0.7,-59,1770628834.4796,-59.0
0.7,-59,1770628834.47968,-59.0
0.7,-59,1770628834.47977,-59.0
0.7,-59,1770628834.47985,-59.0
0.7,-59,1770628834.47994,-59.0
0.7,-59,1770628834.48002,-59.0
0.7,-59,1770628834.48011,-59.0
0.7,-59,1770628834.48019,-59.0
0.7,-59,1770628834.48028,-59.0
0.7,-59,1770628834.48036,-59.0
0.7,-59,1770628834.48045,-59.0
0.7,-58,1770628834.48054,-58.974999435314636
0.7,-59,1770628834.48062,-58.97560921981199
0.7,-59,1770628834.48079,-58.976189967434536
0.7,-59,1770628834.48088,-58.97674370400492
0.7,-59,1770628834.48096,-58.97727227118062
0.7,-59,1770628834.48105,-58.97777734691667
0.7,-59,1770628834.48114,-58.978260463259375
0.7,-59,1770628834.48123,-58.978723021868454
0.7,-59,1770628834.48131,-58.97916630759895
0.7,-59,1770628834.48139,-58.97959150042005
0.7,-59,1770628834.48148,-58.97999968590363
0.7,-59,1770628834.48156,-58.98039186447889
0.7,-59,1770628834.48165,-58.98076895961911
0.7,-59,1770628834.48184,-58.98113182510165
0.7,-59,1770628834.48194,-58.98148125146123
0.7,-59,1770628834.48203,-58.98181797173928
0.7,-59,1770628834.48217,-58.982142666617236
0.7,-59,1770628834.48226,-58.982455969009514
0.7,-59,1770628834.48235,-58.982758468181366
0.7,-59,1770628834.48244,-58.98305071344793
0.7,-59,1770628834.48252,-58.983333217503414
0.7,-59,1770628834.48261,-58.9836064594228
0.7,-59,1770628834.48269,-58.98387088737307
0.7,-59,1770628834.48278,-58.98412692106622
0.7,-59,1770628834.48286,-58.98437495398229
0.7,-59,1770628834.48295,-58.984615355387206
0.7,-59,1770628834.48303,-58.984848472167194
0.7,-59,1770628834.48312,-58.985074630498886
0.7,-59,1770628834.4832,-58.98529413737209
0.7,-59,1770628834.48329,-58.985507281980134
0.7,-59,1770628834.48338,-58.985714336991045
0.7,-59,1770628834.48348,-58.98591555971129
0.7,-59,1770628834.48356,-58.98611119315256
0.7,-58,1770628834.48364,-58.972601668287915
0.7,-59,1770628834.48378,-58.97297194850468
0.7,-59,1770628834.48384,-58.973332355042984
0.7,-59,1770628834.48391,-58.97368327765266
0.7,-59,1770628834.48397,-58.97402508583683
0.7,-59,1770628834.48404,-58.97435813014975
0.7,-59,1770628834.48411,-58.97468274339615
0.7,-59,1770628834.48417,-58.974999241740534
0.7,-59,1770628834.48423,-58.975307925734356
0.7,-59,1770628834.4843,-58.97560908126807
0.7,-59,1770628834.48436,-58.97590298045427
0.7,-59,1770628834.48443,-58.976189882447855
0.7,-59,1770628834.48449,-58.9764700342082
0.7,-59,1770628834.48455,-58.97674367120821
0.7,-59,1770628834.48461,-58.97701101809448
0.7,-59,1770628834.48468,-58.9772722893024
0.7,-59,1770628834.48474,-58.97752768962983
0.7,-59,1770628834.4848,-58.97777741477252
0.7,-59,1770628834.48487,-58.97802165182421
0.7,-58,1770628834.48493,-58.96738952073539
0.7,-59,1770628834.48499,-58.96774022031692
0.7,-58,1770628834.48506,-58.95744363314032
0.7,-58,1770628834.48514,-58.94736380015257
0.7,-59,1770628834.48524,-58.94791217609973
0.7,-59,1770628834.4853,-58.94844924619969
0.7,-58,1770628834.48537,-58.938769679407926
0.7,-60,1770628834.48543,-58.94949088875688
0.7,-61,1770628834.48555,-58.96999932085892
0.7,-64,1770628834.48564,-59.019809588439294
0.7,-67,1770628834.48572,-59.0980600216246
0.7,-67,1770628834.48579,-59.174791161128844
0.7,-65,1770628834.48586,-59.23081266957826
0.7,-66,1770628834.48592,-59.29529272148027
0.7,-67,1770628834.48598,-59.36799197365904
0.7,-68,1770628834.48605,-59.448680030803786
0.7,-67,1770628834.48611,-59.518612983855746
0.7,-63,1770628834.48617,-59.55055851559854
0.7,-63,1770628834.48624,-59.58192327709359
0.7,-64,1770628834.4863,-59.6217337888027
0.7,-64,1770628834.48636,-59.66083347159673
0.7,-63,1770628834.48642,-59.69038979083946
0.7,-63,1770628834.48649,-59.71942763338509
0.7,-63,1770628834.48655,-59.74796052469772
0.7,-63,1770628834.48662,-59.776001523846624
0.7,-63,1770628834.48668,-59.80356324343765
0.7,-63,1770628834.48674,-59.83065786853112
0.7,-63,1770628834.48681,-59.85729717460591
0.7,-62,1770628834.4869,-59.875157244892975
0.7,-62,1770628834.48697,-59.89272214281589
0.7,-62,1770628834.48703,-59.90999912670384
0.7,-62,1770628834.48709,-59.92699521884301
0.7,-62,1770628834.48715,-59.943717214994464
0.7,-63,1770628834.48722,-59.968173743844595
0.7,-63,1770628834.48728,-59.99224212431311
0.7,-62,1770628834.48734,-60.00805542553856
0.7,-62,1770628834.4874,-60.0236216770963
0.7,-63,1770628834.48748,-60.046700679832064
0.7,-63,1770628834.48754,-60.06942467014594
0.7,-62,1770628834.48768,-60.08416603922153
0.7,-61,1770628834.48775,-60.091106160678166
0.7,-61,1770628834.48782,-60.09794193453039
0.7,-61,1770628834.48788,-60.10467569691631
0.7,-61,1770628834.48795,-60.11130971475518
0.7,-61,1770628834.48801,-60.11784618829223
0.7,-60,1770628834.48807,-60.1169857317857
0.7,-60,1770628834.48813,-60.11613774371749
0.7,-61,1770628834.4882,-60.12249848477662
0.7,-61,1770628834.48826,-60.128768372699575
0.7,-61,1770628834.48833,-60.13494934052997
0.7,-60,1770628834.48839,-60.13399867789489
0.7,-60,1770628834.48845,-60.13306130901273
0.7,-60,1770628834.48852,-60.13213695693057
0.7,-60,1770628834.48858,-60.13122535233556
0.7,-60,1770628834.48864,-60.130326233293275
0.7,-60,1770628834.48871,-60.12943934499675
0.7,-60,1770628834.48877,-60.12856443952569
0.7,-60,1770628834.48883,-60.12770127561538
0.7,-60,1770628834.48889,-60.12684961843482
0.7,-60,1770628834.48897,-60.12600923937369
0.7,-60,1770628834.48903,-60.12517991583773
0.7,-60,1770628834.4891,-60.12436143105213
0.7,-60,1770628834.48916,-60.123553573872606
0.7,-60,1770628834.48924,-60.122756138603734
0.7,-60,1770628834.52519,-60.12196892482434
0.7,-60,1770628834.62762,-60.121191737219505
0.7,-60,1770628834.72529,-60.12042438541901
0.7,-60,1770628834.82539,-60.1196666838418
0.7,-60,1770628834.92592,-60.11891845154635
0.7,-60,1770628835.02504,-60.11817951208658
0.7,-60,1770628835.1253,-60.11744969337308
0.7,-60,1770628835.22586,-60.11672882753952
0.7,-60,1770628835.32459,-60.116016750813834
0.7,-60,1770628835.42499,-60.11531330339422
0.7,-60,1770628835.52558,-60.11461832932948
0.7,-60,1770628835.62506,-60.11393167640381
0.7,-60,1770628835.72627,-60.11325319602557
0.7,-60,1770628835.82435,-60.11258274312007
0.7,-60,1770628835.92576,-60.11192017602617
0.7,-60,1770628836.02518,-60.1112653563964
0.7,-60,1770628836.12489,-60.11061814910071
0.7,-60,1770628836.22481,-60.10997842213341
0.7,-60,1770628836.32524,-60.109346046523434
0.7,-60,1770628836.42551,-60.10872089624763
0.7,-60,1770628836.52669,-60.108102848147006
0.7,-60,1770628836.62673,-60.10749178184581
0.7,-60,1770628836.72601,-60.10688757967336
0.7,-60,1770628836.82695,-60.10629012658851
0.7,-60,1770628836.92714,-60.10569931010656
0.7,-60,1770628837.02698,-60.10511502022866
0.7,-60,1770628837.12721,-60.10453714937353
0.7,-60,1770628837.22623,-60.10396559231137
0.7,-60,1770628837.32811,-60.103400246099994
0.7,-60,1770628837.42787,-60.102841010023
0.7,-60,1770628837.527,-60.10228778552992
0.7,-60,1770628837.62764,-60.10174047617831
0.7,-60,1770628837.73238,-60.1011989875777
0.7,-60,1770628837.82803,-60.10066322733531
0.7,-60,1770628837.92848,-60.10013310500345
0.7,-60,1770628838.02718,-60.09960853202863
0.7,-60,1770628838.12706,-60.09908942170223
0.7,-60,1770628838.22793,-60.09857568911269
0.7,-60,1770628838.32678,-60.09806725109921
0.7,-60,1770628838.42804,-60.09756402620684
0.7,-60,1770628838.52707,-60.097065934642984
0.7,-60,1770628838.62682,-60.096572898235195
0.7,-60,1770628838.72717,-60.096084840390276
0.7,-60,1770628838.82787,-60.09560168605458
0.7,-60,1770628838.92758,-60.09512336167553
0.7,-60,1770628839.02843,-60.0946497951643
0.7,-60,1770628839.12911,-60.094180915859546
0.7,-60,1770628839.22721,-60.09371665449227
0.7,-60,1770628839.32997,-60.09325694315169
0.7,-60,1770628839.42796,-60.09280171525211
0.7,-60,1770628839.52827,-60.092350905500766
0.7,-60,1770628839.62783,-60.09190444986658
0.7,-60,1770628839.72884,-60.09146228554985
0.7,-60,1770628839.82896,-60.09102435095277
0.7,-60,1770628839.92914,-60.09059058565084
0.7,-60,1770628840.02867,-60.09016093036502
0.7,-60,1770628840.12822,-60.08973532693478
0.7,-60,1770628840.22824,-60.08931371829178
0.7,-60,1770628840.32866,-60.08889604843438
0.7,-60,1770628840.42915,-60.088482262402835
0.7,-60,1770628840.54023,-60.08807230625518
0.7,-60,1770628840.62829,-60.087666127043754
0.7,-60,1770628840.72853,-60.08726367279243
0.7,-60,1770628840.82893,-60.08686489247441
0.7,-60,1770628840.92786,-60.08646973599064
0.7,-60,1770628841.0288,-60.08607815414886
0.7,-60,1770628841.12852,-60.08569009864314
0.7,-60,1770628841.22881,-60.08530552203404
0.7,-60,1770628841.3275,-60.08492437772924
0.7,-60,1770628841.42884,-60.08454661996472
0.7,-60,1770628841.53005,-60.08417220378646
0.7,-60,1770628841.63044,-60.08380108503257
0.7,-60,1770628841.73002,-60.08343322031593
0.7,-60,1770628841.82996,-60.08306856700728
0.7,-60,1770628841.9296,-60.082707083218736
0.7,-60,1770628842.03069,-60.08234872778774
0.7,-60,1770628842.12933,-60.08199346026144
0.7,-60,1770628842.22986,-60.08164124088144
0.7,-60,1770628842.33113,-60.081292030568996
0.7,-61,1770628842.43079,-60.08520499880652
0.7,-60,1770628842.53105,-60.084843627914395
0.7,-60,1770628842.63039,-60.084485305158076
0.7,-60,1770628842.73096,-60.08412999211572
0.7,-60,1770628842.83078,-60.08377765100854
0.7,-60,1770628842.93067,-60.083428244687376
0.7,-60,1770628843.03099,-60.083081736619675
0.7,-60,1770628843.12986,-60.08273809087671
0.7,-60,1770628843.23141,-60.082397272121185
0.7,-60,1770628843.33136,-60.0820592455951
0.7,-60,1770628843.43091,-60.08172397710792
0.7,-60,1770628843.53066,-60.081391433025075
0.7,-60,1770628843.63119,-60.081061580256666
0.7,-60,1770628843.73128,-60.08073438624651
0.7,-60,1770628843.83168,-60.08040981896142
0.7,-60,1770628843.93095,-60.08008784688073
0.7,-60,1770628844.03038,-60.0797684389861
0.7,-60,1770628844.13066,-60.079451564751544
0.7,-60,1770628844.2322,-60.0791371941337
0.7,-60,1770628844.3299,-60.07882529756233
0.7,-60,1770628844.43223,-60.078515845931044
0.7,-60,1770628844.5299,-60.07820881058823
0.7,-60,1770628844.63021,-60.07790416332823
0.7,-60,1770628844.73022,-60.07760187638267
0.7,-60,1770628844.83113,-60.07730192241205
0.7,-60,1770628844.93092,-60.07700427449744
0.7,-60,1770628845.03194,-60.0767089061325
0.7,-60,1770628845.13011,-60.07641579121556
0.7,-60,1770628845.23066,-60.07612490404191
0.7,-60,1770628845.3302,-60.07583621929633
0.7,-60,1770628845.43005,-60.0755497120457
0.7,-60,1770628845.53051,-60.075265357731844
0.7,-60,1770628845.63001,-60.0749831321645
0.7,-60,1770628845.72999,-60.07470301151444
0.7,-60,1770628845.83012,-60.07442497230679
0.7,-60,1770628845.93051,-60.07414899141445
0.7,-60,1770628846.02979,-60.07387504605166
0.7,-60,1770628846.13098,-60.07360311376778
0.7,-60,1770628846.2298,-60.07333317244109
0.7,-60,1770628846.33114,-60.073065200272815
0.7,-60,1770628846.43001,-60.07279917578126
0.7,-60,1770628846.53097,-60.07253507779607
0.7,-60,1770628846.6311,-60.07227288545258
0.7,-60,1770628846.73105,-60.07201257818634
0.7,-60,1770628846.83113,-60.07175413572774
0.7,-60,1770628846.93076,-60.07149753809672
0.7,-60,1770628847.031,-60.07124276559766
0.7,-60,1770628847.13036,-60.07098979881428
0.7,-60,1770628847.23166,-60.070738618604764
0.7,-60,1770628847.33048,-60.07048920609687
0.7,-60,1770628847.43106,-60.070241542683256
0.7,-60,1770628847.53079,-60.0699956100168
0.7,-60,1770628847.64985,-60.0697513900061
0.7,-60,1770628847.73091,-60.06950886481103
0.7,-60,1770628847.83077,-60.06926801683837
0.7,-60,1770628847.93076,-60.069028828737586
0.7,-60,1770628848.02999,-60.068791283396614
0.7,-60,1770628848.13066,-60.068555363937826
0.7,-60,1770628848.2309,-60.06832105371399
0.7,-60,1770628848.33086,-60.06808833630436
0.7,-60,1770628848.43049,-60.067857195510875
0.7,-60,1770628848.53087,-60.06762761535433
0.7,-60,1770628848.63093,-60.06739958007076
0.7,-60,1770628848.73031,-60.06717307410778
0.7,-60,1770628848.83112,-60.06694808212105
0.7,-60,1770628848.93035,-60.06672458897086
0.7,-60,1770628849.03043,-60.066502579718644
0.7,-60,1770628849.13033,-60.066282039623744
0.7,-60,1770628849.23074,-60.066062954140065
0.7,-61,1770628849.33092,-60.06913982139682
0.7,-60,1770628849.42992,-60.06891278392424
0.7,-60,1770628849.53008,-60.068687229214156
0.7,-60,1770628849.62997,-60.06846314277706
0.7,-60,1770628849.72998,-60.06824051031163
0.7,-60,1770628849.83048,-60.06801931770166
0.7,-60,1770628849.92984,-60.067799551013096
0.7,-60,1770628850.03028,-60.0675811964911
0.7,-60,1770628850.13045,-60.06736424055717
0.7,-59,1770628850.23017,-60.06394859289546
0.7,-60,1770628850.3309,-60.06374460207892
0.7,-60,1770628850.42949,-60.06354190538541
0.7,-60,1770628850.52979,-60.06334049052897
0.7,-60,1770628850.6309,-60.063140345378685
0.7,-60,1770628850.73044,-60.06294145795622
0.7,-60,1770628850.83082,-60.062743816433446
0.7,-60,1770628850.92975,-60.062547409130076
0.7,-60,1770628851.03047,-60.06235222451138
0.7,-60,1770628851.12998,-60.062158251185906
0.7,-60,1770628851.22963,-60.061965477903286
0.7,-59,1770628851.33055,-60.05868210183625
0.7,-59,1770628851.42995,-60.05541891361151
0.7,-59,1770628851.53099,-60.05217572745185
0.7,-59,1770628851.63101,-60.04895235985255
0.7,-60,1770628851.73072,-60.04880284862134
0.7,-60,1770628851.83073,-60.04865424546407
0.7,-60,1770628851.93221,-60.048506542125544
0.7,-59,1770628852.03181,-60.045333093861046
0.7,-59,1770628852.13078,-60.04217874542862
0.7,-60,1770628852.22967,-60.04205184962418
0.7,-59,1770628852.33047,-60.038926162484096
0.7,-59,1770628852.42982,-60.035819118943444
0.7,-60,1770628852.53052,-60.03571231484486
0.7,-60,1770628852.63039,-60.0356061440066
0.7,-59,1770628852.73045,-60.03253641579143
0.7,-59,1770628852.83095,-60.029484780954654
0.7,-59,1770628852.93049,-60.02645107984929
0.7,-59,1770628853.03042,-60.023435154701026
0.7,-59,1770628853.13023,-60.02043684958088
0.7,-59,1770628853.23071,-60.01745601037828
0.7,-60,1770628853.33134,-60.017405166574555
0.7,-60,1770628853.43186,-60.017354617229074
0.7,-60,1770628853.53195,-60.017304359788746
0.7,-60,1770628853.63117,-60.0172543917299
0.7,-60,1770628853.73166,-60.01720471055788
0.7,-60,1770628853.83095,-60.01715531380661
0.7,-60,1770628853.93157,-60.01710619903822
0.7,-60,1770628854.03156,-60.01705736384259
0.7,-60,1770628854.13188,-60.017008805837015
0.7,-60,1770628854.23052,-60.016960522665784
0.7,-60,1770628854.33084,-60.01691251199979
0.7,-60,1770628854.43402,-60.01686477153619
0.7,-60,1770628854.53185,-60.016817298998
0.7,-60,1770628854.63161,-60.01677009213375
0.7,-60,1770628854.73195,-60.01672314871713
0.7,-60,1770628854.83093,-60.01667646654665
0.7,-60,1770628854.93201,-60.01663004344525
0.7,-60,1770628855.03115,-60.01658387726001
0.7,-60,1770628855.13222,-60.01653796586181
0.7,-60,1770628855.23025,-60.016492307144965
0.7,-60,1770628855.33071,-60.01644689902695
0.7,-60,1770628855.43133,-60.016401739448064
0.7,-60,1770628855.53247,-60.016356826371094
0.7,-60,1770628855.63194,-60.01631215778106
0.7,-60,1770628855.73094,-60.016267731684856
0.7,-60,1770628855.83106,-60.01622354611101
0.7,-60,1770628855.93192,-60.016179599109336
0.7,-60,1770628856.03186,-60.01613588875069
0.7,-60,1770628856.13168,-60.01609241312667
0.7,-60,1770628856.23033,-60.01604917034934
0.7,-60,1770628856.33116,-60.01600615855095
0.7,-60,1770628856.43187,-60.01596337588367
0.7,-60,1770628856.53176,-60.01592082051935
0.7,-60,1770628856.63107,-60.0158784906492
0.7,-60,1770628856.73097,-60.015836384483606
0.7,-60,1770628856.83282,-60.01579450025182
0.7,-60,1770628856.93182,-60.01575283620175
0.7,-60,1770628857.03208,-60.01571139059968
0.7,-60,1770628857.13037,-60.01567016173006
0.7,-60,1770628857.23192,-60.01562914789525
0.7,-60,1770628857.33121,-60.0155883474153
0.7,-60,1770628857.43298,-60.01554775862772
0.7,-60,1770628857.53102,-60.01550737988723
0.7,-60,1770628857.63277,-60.01546720956557
0.7,-60,1770628857.732,-60.01542724605127
0.7,-60,1770628857.8319,-60.0153874877494
0.7,-60,1770628857.9319,-60.01534793308143
0.7,-60,1770628858.03232,-60.01530858048495
0.7,-60,1770628858.13298,-60.015269428413504
0.7,-60,1770628858.23057,-60.015230475336374
0.7,-60,1770628858.3322,-60.01519171973838
0.7,-59,1770628858.43124,-60.01261496040645
0.7,-59,1770628858.53232,-60.01005119824215
0.7,-59,1770628858.63041,-60.0075003350306
0.7,-59,1770628858.73186,-60.004962273544
0.7,-59,1770628858.8305,-60.00243691752929
0.7,-59,1770628858.93117,-59.9999241716959
0.7,-59,1770628859.03229,-59.997423941703836
0.7,-60,1770628859.13216,-59.997430366993036
0.7,-59,1770628859.23199,-59.994948683563685
0.7,-60,1770628859.3311,-59.99496122068591
0.7,-60,1770628859.43256,-59.994973695979844
0.7,-60,1770628859.53189,-59.99498610990235
0.7,-60,1770628859.63288,-59.99499846290579
0.7,-60,1770628859.73192,-59.995010755438095
0.7,-60,1770628859.83162,-59.99502298794282
0.7,-60,1770628859.93211,-59.99503516085919
0.7,-60,1770628860.03199,-59.99504727462215
0.7,-60,1770628860.1321,-59.99505932966243
0.7,-60,1770628860.23124,-59.99507132640658
0.7,-60,1770628860.33207,-59.99508326527704
0.7,-60,1770628860.43192,-59.99509514669216
0.7,-60,1770628860.53284,-59.995106971066285
0.7,-60,1770628860.63301,-59.995118738809786
0.7,-60,1770628860.73155,-59.99513045032909
0.7,-60,1770628860.83292,-59.99514210602676
0.7,-60,1770628860.93182,-59.99515370630152
0.7,-60,1770628861.03129,-59.99516525154831
0.7,-60,1770628861.13227,-59.99517674215831
0.7,-60,1770628861.23206,-59.995188178519015
0.7,-60,1770628861.3321,-59.99519956101427
0.7,-60,1770628861.43198,-59.99521089002429
0.7,-60,1770628861.53231,-59.99522216592573
0.7,-60,1770628861.6322,-59.99523338909172
0.7,-60,1770628861.7328,-59.9952445598919
0.7,-60,1770628861.83313,-59.99525567869246
0.7,-60,1770628861.93384,-59.995266745856185
0.7,-59,1770628862.03385,-59.99295042288174
0.7,-60,1770628862.1344,-59.992966791891945
0.7,-60,1770628862.23252,-59.992983085411105
0.7,-59,1770628862.33401,-59.99068795333407
0.7,-60,1770628862.43519,-59.99070942756901
0.7,-60,1770628862.534,-59.990730803452024
0.7,-60,1770628862.635,-59.99075208165829
0.7,-59,1770628862.73404,-59.988482888120586
0.7,-59,1770628862.83435,-59.986224016238324
0.7,-60,1770628862.93335,-59.98625542589818
0.7,-59,1770628863.03486,-59.98401180001629
0.7,-60,1770628863.13407,-59.984048089708075
0.7,-59,1770628863.23345,-59.98181952658508
0.7,-60,1770628863.33385,-59.98186060757893
0.7,-60,1770628863.43414,-59.98190150423922
0.7,-59,1770628863.53319,-59.97969266253027
0.7,-60,1770628863.63432,-59.97973824348462
0.7,-60,1770628863.73384,-59.97978362128777
0.7,-60,1770628863.83412,-59.979828797297074
0.7,-60,1770628863.93341,-59.97987377285781
0.7,-60,1770628864.03435,-59.97991854930332
0.7,-60,1770628864.13398,-59.97996312795516
0.7,-60,1770628864.23379,-59.980007510123215
0.7,-60,1770628864.33402,-59.98005169710582
0.7,-60,1770628864.43305,-59.980095690189906
0.7,-60,1770628864.53479,-59.980139490651105
0.7,-60,1770628864.63397,-59.980183099753894
0.7,-60,1770628864.73415,-59.9802265187517
0.7,-60,1770628864.8337,-59.980269748887025
0.7,-60,1770628864.93397,-59.98031279139157
0.7,-60,1770628865.03403,-59.98035564748635
0.7,-60,1770628865.13406,-59.98039831838181
0.7,-60,1770628865.23313,-59.98044080527793
0.7,-60,1770628865.33377,-59.98048310936436
0.7,-60,1770628865.43306,-59.980525231820494
0.7,-60,1770628865.53272,-59.98056717381562
0.7,-59,1770628865.63399,-59.978459856751236
0.7,-59,1770628865.73475,-59.97636152913463
0.7,-60,1770628865.83409,-59.976412115026434
0.7,-60,1770628865.93444,-59.97646248604918
0.7,-60,1770628866.03301,-59.97651264357144
0.7,-60,1770628866.13409,-59.9765625889502
0.7,-60,1770628866.23305,-59.97661232353097
0.7,-60,1770628866.33408,-59.9766618486479
0.7,-60,1770628866.43328,-59.976711165623904
0.7,-60,1770628866.53552,-59.97676027577078
0.7,-60,1770628866.63294,-59.97680918038933
0.7,-60,1770628866.7338,-59.976857880769465
0.7,-60,1770628866.83396,-59.97690637819033
0.7,-60,1770628866.9349,-59.9769546739204
0.7,-60,1770628867.0334,-59.97700276921762
0.7,-60,1770628867.13312,-59.97705066532948
0.7,-60,1770628867.23278,-59.97709836349314
0.7,-60,1770628867.33466,-59.977145864935544
0.7,-60,1770628867.43395,-59.977193170873505
0.7,-60,1770628867.53323,-59.977240282513826
0.7,-60,1770628867.63371,-59.97728720105341
0.7,-60,1770628867.7338,-59.977333927679325
0.7,-60,1770628867.83393,-59.97738046356895
0.7,-60,1770628867.93398,-59.97742680989005
0.7,-60,1770628868.03282,-59.97747296780086
0.7,-60,1770628868.13415,-59.97751893845022
0.7,-60,1770628868.23291,-59.97756472297763
0.7,-60,1770628868.33401,-59.977610322513385
0.7,-60,1770628868.43296,-59.97765573817862
0.7,-60,1770628868.53455,-59.97770097108545
0.7,-60,1770628868.63394,-59.97774602233702
0.7,-60,1770628868.73375,-59.977790893027645
0.7,-60,1770628868.83478,-59.97783558424283
0.7,-60,1770628868.93311,-59.97788009705943
0.7,-60,1770628869.03457,-59.977924432545684
0.7,-60,1770628869.13378,-59.97796859176131
0.7,-60,1770628869.23397,-59.978012575757624
0.7,-60,1770628869.33403,-59.978056385577574
0.7,-60,1770628869.43403,-59.978100022255866
0.7,-60,1770628869.53343,-59.978143486819015
0.7,-60,1770628869.633,-59.97818678028544
0.7,-60,1770628869.73297,-59.97822990366555
0.7,-60,1770628869.83309,-59.9782728579618
0.7,-60,1770628869.939,-59.97831564416878
0.7,-60,1770628870.0334,-59.978358263273314
0.7,-60,1770628870.13371,-59.9784007162545
0.7,-60,1770628870.23384,-59.9784430040838
0.7,-60,1770628870.3332,-59.978485127725136
0.7,-60,1770628870.43377,-59.978527088134925
0.7,-60,1770628870.53381,-59.97856888626217
0.7,-60,1770628870.63404,-59.97861052304854
0.7,-60,1770628870.73385,-59.97865199942842
0.7,-60,1770628870.83313,-59.978693316329014
0.7,-60,1770628870.93253,-59.978734474670375
0.75,-60,1770628879.15759,-60.0
0.75,-60,1770628879.15772,-60.0
0.75,-60,1770628879.15782,-60.0
0.75,-60,1770628879.15798,-60.0
0.75,-60,1770628879.15809,-60.0
0.75,-60,1770628879.15819,-60.0
0.75,-60,1770628879.15829,-60.0
0.75,-60,1770628879.15839,-60.0
0.75,-60,1770628879.15849,-60.0
0.75,-60,1770628879.15859,-60.0
0.75,-60,1770628879.15869,-60.0
0.75,-60,1770628879.1588,-60.0
0.75,-60,1770628879.1589,-60.0
0.75,-60,1770628879.159,-60.0
0.75,-60,1770628879.1591,-60.0
0.75,-59,1770628879.1592,-59.97222174228524
0.75,-59,1770628879.1593,-59.94594499123742
0.75,-59,1770628879.15946,-59.921051207241796
0.75,-59,1770628879.15956,-59.89743400855436
0.75,-59,1770628879.15966,-59.874997651572656
0.75,-59,1770628879.15976,-59.853655733505335
0.75,-59,1770628879.15986,-59.83333008037415
0.75,-59,1770628879.15996,-59.81394979017792
0.75,-59,1770628879.16006,-59.795450406533874
0.75,-59,1770628879.16017,-59.77777320249973
0.75,-59,1770628879.16028,-59.76086455781016
0.75,-59,1770628879.16038,-59.74467541561466
0.75,-59,1770628879.16048,-59.729160807123094
0.75,-59,1770628879.16058,-59.71427943445772
0.75,-59,1770628879.16068,-59.699993303562856
0.75,-60,1770628879.16078,-59.705876021114705
0.75,-60,1770628879.16088,-59.71153248564401
0.75,-60,1770628879.16098,-59.71697550389577
0.75,-60,1770628879.16108,-59.72221693396937
0.75,-61,1770628879.16118,-59.74545044072492
0.75,-60,1770628879.16128,-59.749996189796285
0.75,-60,1770628879.16138,-59.754382443339104
0.75,-60,1770628879.16148,-59.75861745110452
0.75,-59,1770628879.16158,-59.74575882801071
0.75,-60,1770628879.16168,-59.74999642007316
0.75,-58,1770628879.16177,-59.72130627661952
0.75,-58,1770628879.16187,-59.693541591597935
0.75,-59,1770628879.16207,-59.682532305522784
0.75,-60,1770628879.16223,-59.6874930594097
0.75,-61,1770628879.16231,-59.70768682473516
0.75,-62,1770628879.1624,-59.74242124204483
0.75,-62,1770628879.16246,-59.776118850048235
0.75,-61,1770628879.16253,-59.794118426164495
0.75,-61,1770628879.16259,-59.81159629617494
0.75,-62,1770628879.16265,-59.84286164972325
0.75,-61,1770628879.16272,-59.85916068508457
0.75,-61,1770628879.16278,-59.875006988987614
0.75,-61,1770628879.16285,-59.89041916680321
0.75,-61,1770628879.16291,-59.90541481820815
0.75,-60,1770628879.16298,-59.90667606776402
0.75,-59,1770628879.16304,-59.89474501302169
0.75,-59,1770628879.1631,-59.88312384059161
0.75,-58,1770628879.16317,-59.858978864338546
0.75,-58,1770628879.16323,-59.83544512176565
0.75,-58,1770628879.16329,-59.81249969164548
0.75,-59,1770628879.16336,-59.80246776992554
0.75,-61,1770628879.16342,-59.81707340629304
0.75,-60,1770628879.16348,-59.81927758636582
0.75,-61,1770628879.16355,-59.83333540848357
0.75,-60,1770628879.16361,-59.83529639748742
0.75,-60,1770628879.1637,-59.837211784873936
0.75,-61,1770628879.16383,-59.850578804728556
0.75,-60,1770628879.1639,-59.85227698589803
0.75,-61,1770628879.16396,-59.86517440603417
0.75,-62,1770628879.16403,-59.88889780684511
0.75,-62,1770628879.16409,-59.91209984973012
0.75,-62,1770628879.16415,-59.934797535468086
0.75,-61,1770628879.16422,-59.9462529346828
0.75,-60,1770628879.16428,-59.94682479408464
0.75,-60,1770628879.16435,-59.947384615233545
0.75,-60,1770628879.16441,-59.94793277432443
0.75,-59,1770628879.16447,-59.938158775110445
0.75,-59,1770628879.16454,-59.928584229544256
0.75,-60,1770628879.1646,-59.92930571611603
0.75,-60,1770628879.16466,-59.93001277414035
0.75,-60,1770628879.16473,-59.930705832187385
0.75,-59,1770628879.16479,-59.92157971729779
0.75,-59,1770628879.23495,-59.91263079310376
0.75,-59,1770628879.33581,-59.90385394834141
0.75,-59,1770628879.43597,-59.89524426646143
0.75,-59,1770628879.53689,-59.88679701644448
0.75,-60,1770628879.63596,-59.887855186082206
0.75,-59,1770628879.73676,-59.879632738179254
0.75,-59,1770628879.83605,-59.87156114618756
0.75,-59,1770628879.93693,-59.86363629585972
0.75,-60,1770628880.03624,-59.86486504519588
0.75,-59,1770628880.13691,-59.85714145158699
0.75,-60,1770628880.2364,-59.858405950625155
0.75,-59,1770628880.33626,-59.8508744725177
0.75,-59,1770628880.43685,-59.84347396244449
0.75,-60,1770628880.53673,-59.84482362210244
0.75,-60,1770628880.63648,-59.84615021324272
0.75,-60,1770628880.73559,-59.84745432235245
0.75,-59,1770628880.83562,-59.840331205269756
0.75,-60,1770628880.93506,-59.84166209253174
0.8,-60,1770628894.23908,-60.0
0.8,-60,1770628894.23921,-60.0
0.8,-60,1770628894.23931,-60.0
0.8,-60,1770628894.23942,-60.0
0.8,-60,1770628894.2395,-60.0
0.8,-60,1770628894.23959,-60.0
0.8,-60,1770628894.2397,-60.0
0.8,-60,1770628894.23978,-60.0
0.8,-60,1770628894.23987,-60.0
0.8,-60,1770628894.23995,-60.0
0.8,-59,1770628894.24004,-59.9677415720609
0.8,-60,1770628894.24017,-59.968749660449866
0.8,-60,1770628894.24026,-59.96969665330653
0.8,-60,1770628894.24035,-59.97058794139356
0.8,-60,1770628894.24044,-59.97142829938866
0.8,-60,1770628894.24052,-59.972221971451596
0.8,-60,1770628894.24061,-59.97297274291557
0.8,-60,1770628894.24069,-59.97368400065898
0.8,-60,1770628894.24078,-59.97435878418915
0.8,-60,1770628894.24087,-59.97499982906364
0.8,-60,1770628894.24096,-59.97560960395713
0.8,-60,1770628894.24104,-59.97619034243313
0.8,-59,1770628894.24113,-59.95348763126421
0.8,-60,1770628894.24121,-59.954544760541495
0.8,-59,1770628894.2413,-59.93333202074878
0.8,-60,1770628894.24138,-59.93478137021172
0.8,-60,1770628894.24147,-59.93616904645528
0.8,-59,1770628894.24156,-59.91666484914579
0.8,-61,1770628894.24164,-59.93877453187129
0.8,-60,1770628894.24173,-59.939999087709786
0.8,-60,1770628894.24181,-59.94117562284733
0.8,-60,1770628894.2419,-59.94230690770239
0.8,-61,1770628894.24198,-59.96226424265217
0.8,-60,1770628894.24207,-59.96296308439956
0.8,-59,1770628894.24216,-59.94545384521685
0.8,-59,1770628894.24225,-59.92856991915094
0.8,-59,1770628894.24233,-59.91227839505651
0.8,-59,1770628894.24242,-59.89654863151759
0.8,-60,1770628894.24251,-59.89830214002694
0.8,-60,1770628894.24259,-59.89999720003952
0.8,-60,1770628894.24268,-59.901636686065736
0.8,-60,1770628894.24276,-59.903223287164074
0.8,-60,1770628894.24285,-59.9047595216595
0.8,-60,1770628894.24293,-59.90624775048195
0.8,-59,1770628894.24302,-59.89230454467175
0.8,-60,1770628894.24331,-59.89393640672625
0.8,-60,1770628894.24341,-59.895519558311534
0.8,-60,1770628894.24351,-59.897056148415
0.8,-60,1770628894.2436,-59.89854820144526
0.8,-60,1770628894.24371,-59.89999762613065
0.8,-60,1770628894.24382,-59.9014062236657
0.8,-61,1770628894.24392,-59.91666573534118
0.8,-61,1770628894.24402,-59.93150719671668
0.8,-62,1770628894.24412,-59.95946225513482
0.8,-62,1770628894.24422,-59.98667188010663
0.8,-61,1770628894.24432,-60.00000638147954
0.8,-61,1770628894.24446,-60.01299454917053
0.8,-61,1770628894.24454,-60.02564970368466
0.8,-61,1770628894.24461,-60.037984491072066
0.8,-60,1770628894.24467,-60.037509635967325
0.8,-60,1770628894.24479,-60.03704650504477
0.8,-60,1770628894.24486,-60.03659466937156
0.8,-60,1770628894.24494,-60.03615372068627
0.8,-60,1770628894.245,-60.03572327016849
0.8,-59,1770628894.24507,-60.02353686677379
0.8,-59,1770628894.24513,-60.01163385084487
0.8,-59,1770628894.24519,-60.00000445041413
0.8,-59,1770628894.24526,-59.988639337693684
0.8,-59,1770628894.24533,-59.977529604121486
0.8,-60,1770628894.2454,-59.977779307989245
0.8,-60,1770628894.24546,-59.978023524233556
0.8,-60,1770628894.24552,-59.97826243179842
0.8,-60,1770628894.24558,-59.97849620193133
0.8,-60,1770628894.24565,-59.978724998592654
0.8,-60,1770628894.24571,-59.97894897883919
0.8,-60,1770628894.24578,-59.97916829318371
0.8,-60,1770628894.24584,-59.97938308593227
0.8,-60,1770628894.2459,-59.9795934955009
0.8,-60,1770628894.24596,-59.97979965471306
0.8,-60,1770628894.24603,-59.980001691079295
0.8,-60,1770628894.2461,-59.98019972706021
0.8,-60,1770628894.24618,-59.980393880314054
0.8,-60,1770628894.24624,-59.980584263929835
0.8,-60,1770628894.24631,-59.980770986646974
0.8,-60,1770628894.24637,-59.980954153062456
0.8,-60,1770628894.24643,-59.9811338638262
0.8,-60,1770628894.2465,-59.98131021582553
0.8,-59,1770628894.24656,-59.972222278679084
0.8,-60,1770628894.24663,-59.97247716963895
0.8,-60,1770628894.24669,-59.972727426677324
0.8,-60,1770628894.24675,-59.97297317503519
0.8,-60,1770628894.24682,-59.97321453548065
0.8,-60,1770628894.24688,-59.97345162450681
0.8,-60,1770628894.24694,-59.973684554519316
0.8,-60,1770628894.24701,-59.97391343401406
0.8,-60,1770628894.24714,-59.974138367745695
0.8,-60,1770628894.24721,-59.97435945688753
0.8,-61,1770628894.24734,-59.983053308232854
0.8,-61,1770628894.24742,-59.9916010613816
0.8,-61,1770628894.24751,-60.000006368784796
0.8,-60,1770628894.2476,-60.00000631613758
0.8,-60,1770628894.24768,-60.000006264353324
0.8,-60,1770628894.24777,-60.00000621341099
0.8,-60,1770628894.24786,-60.0000061632902
0.8,-61,1770628894.24795,-60.00800816436073
0.8,-61,1770628894.24804,-60.015883166060895
0.8,-61,1770628894.24812,-60.02363416837276
0.8,-61,1770628894.24823,-60.031264077529045
0.8,-62,1770628894.24833,-60.04652976515721
0.8,-62,1770628894.24841,-60.06156062856881
0.8,-63,1770628894.24851,-60.083997784276065
0.8,-63,1770628894.24859,-60.106095031606515
0.8,-63,1770628894.24867,-60.12786003765885
0.8,-62,1770628894.24876,-60.14183535271024
0.8,-62,1770628894.24885,-60.15560365697186
0.8,-61,1770628894.24894,-60.16181434076421
0.8,-61,1770628894.24907,-60.16793437158257
0.8,-61,1770628894.24916,-60.173965720141865
0.8,-61,1770628894.24926,-60.17991030044586
0.8,-61,1770628894.24938,-60.18576997181254
0.8,-61,1770628894.24951,-60.19154654081333
0.8,-61,1770628894.24958,-60.19724176313034
0.8,-61,1770628894.24964,-60.20285734533577
0.8,-61,1770628894.24976,-60.20839494659705
0.8,-61,1770628894.24982,-60.213856180311524
0.8,-60,1770628894.24988,-60.21239089817963
0.8,-60,1770628894.24996,-60.21094554832853
0.8,-60,1770628894.25002,-60.20951972672589
0.8,-61,1770628894.25009,-60.21482690222653
0.8,-60,1770628894.25016,-60.21339419238884
0.8,-59,1770628894.25023,-60.205355452621504
0.8,-60,1770628894.25029,-60.20400391593306
0.8,-60,1770628894.25035,-60.20267004300084
0.8,-60,1770628894.33981,-60.201353489726024
0.8,-61,1770628894.44007,-60.20650808683473
0.8,-60,1770628894.54055,-60.20518378636909
0.8,-61,1770628894.63986,-60.210248365812106
0.8,-61,1770628894.74086,-60.21524884977531
0.8,-61,1770628894.83904,-60.220186447606295
0.8,-61,1770628894.94132,-60.225062338418994
0.8,-61,1770628895.0408,-60.22987767203259
0.8,-61,1770628895.1409,-60.234633569875704
0.8,-61,1770628895.23995,-60.23933112585725
0.8,-61,1770628895.34551,-60.24397140720545
0.8,-61,1770628895.44101,-60.24855545527635
0.8,-61,1770628895.54087,-60.25308428633311
0.8,-61,1770628895.64163,-60.25755889229726
0.8,-61,1770628895.74136,-60.26198024147316
0.8,-60,1770628895.84118,-60.260429332357646
0.8,-60,1770628895.94112,-60.25889666490679
0.8,-61,1770628896.04158,-60.26323269285755
0.8,-61,1770628896.14079,-60.26751831411339
0.8,-61,1770628896.2413,-60.271754402778086
0.8,-61,1770628896.33991,-60.27594181286108
0.8,-60,1770628896.44094,-60.274364205751354
0.8,-61,1770628896.54082,-60.27848924371427
0.8,-61,1770628896.64171,-60.282567683058616
0.8,-61,1770628896.74094,-60.286600309153684
0.8,-61,1770628896.84085,-60.29058788981862
0.8,-60,1770628896.9421,-60.28897264934172
0.8,-61,1770628897.04163,-60.29290310152234
0.8,-61,1770628897.14189,-60.29679037366002
0.8,-61,1770628897.24189,-60.3006351736237
0.8,-61,1770628897.34284,-60.30443819389385
0.8,-61,1770628897.44373,-60.30820011197843
0.8,-61,1770628897.54346,-60.31192159081532
0.8,-61,1770628897.645,-60.31560327916193
0.8,-61,1770628897.74312,-60.31924581197232
0.8,-61,1770628897.8441,-60.3228498107624
0.8,-61,1770628897.94392,-60.326415883963506
0.8,-61,1770628898.04423,-60.329944627265
0.8,-61,1770628898.14427,-60.333436623946035
0.8,-61,1770628898.24382,-60.33689244519709
0.8,-61,1770628898.34489,-60.340312650431514
0.8,-61,1770628898.44416,-60.343697787587544
0.8,-61,1770628898.54574,-60.34704839342099
0.8,-61,1770628898.64659,-60.350364993789086
0.8,-61,1770628898.74509,-60.35364810392568
0.8,-61,1770628898.84576,-60.35689822870817
0.8,-60,1770628898.94566,-60.355112558071234
0.8,-61,1770628899.04579,-60.358323095321296
0.8,-60,1770628899.14501,-60.3565480224485
0.8,-60,1770628899.24492,-60.35479043206099
0.8,-60,1770628899.34575,-60.353050067063634
0.8,-60,1770628899.44577,-60.351326675377784
0.8,-60,1770628899.54565,-60.34962000981953
0.8,-60,1770628899.64505,-60.34792982798145
0.8,-60,1770628899.74564,-60.3462558921178
0.8,-60,1770628899.84403,-60.344597969033
0.8,-60,1770628899.94678,-60.34295582997329
0.8,-61,1770628900.04506,-60.34607207542681
0.8,-61,1770628900.14516,-60.349158933189955
0.8,-60,1770628900.24483,-60.347518459710415
0.8,-61,1770628900.34622,-60.35056974765476
0.8,-61,1770628900.44575,-60.35359266230185
0.8,-61,1770628900.54496,-60.356587597724875
0.8,-61,1770628900.64516,-60.359554940733
0.8,-60,1770628900.74584,-60.357904309875195
0.8,-60,1770628900.84583,-60.35626874733299
0.8,-61,1770628900.94488,-60.35919714073853
0.85,-61,1770628909.83035,-61.0
0.85,-61,1770628909.83047,-61.0
0.85,-61,1770628909.83058,-61.0
0.85,-60,1770628909.83069,-60.95833317239588
0.85,-60,1770628909.83079,-60.91999965920016
0.85,-61,1770628909.83089,-60.92307661346176
0.85,-61,1770628909.83101,-60.925925647462556
0.85,-61,1770628909.83111,-60.92857118112278
0.85,-61,1770628909.83121,-60.93103426611214
0.85,-61,1770628909.83139,-60.933333147222626
0.85,-61,1770628909.8315,-60.93548371508887
0.85,-60,1770628909.83158,-60.90624948603625
0.85,-61,1770628909.83167,-60.909090449312494
0.85,-60,1770628909.83176,-60.88235209939669
0.85,-61,1770628909.83184,-60.88571352183915
0.85,-61,1770628909.83193,-60.888888201082814
0.85,-61,1770628909.83201,-60.89189127841758
0.85,-61,1770628909.8321,-60.89473630131854
0.85,-61,1770628909.83218,-60.89743542778055
0.85,-61,1770628909.83227,-60.89999960000275
0.85,-61,1770628909.83236,-60.90243869265586
0.85,-61,1770628909.83244,-60.90476163996855
0.85,-61,1770628909.83253,-60.90697654508081
0.85,-61,1770628909.83261,-60.909090774485634
0.85,-61,1770628909.8327,-60.91111103987843
0.85,-61,1770628909.83278,-60.913043469330475
0.85,-61,1770628909.83287,-60.91489366937645
0.85,-61,1770628909.83296,-60.91666677934099
0.85,-60,1770628909.83304,-60.89795861535291
0.85,-60,1770628909.83313,-60.87999876141025
0.85,-60,1770628909.83322,-60.86274319938168
0.85,-60,1770628909.83331,-60.84615129713796
0.85,-60,1770628909.83339,-60.830185489118456
0.85,-60,1770628909.83348,-60.81481099239033
0.85,-60,1770628909.83356,-60.79999555368288
0.85,-60,1770628909.83389,-60.78570922352538
0.85,-60,1770628909.83402,-60.771924154159805
0.85,-60,1770628909.8341,-60.75861441835907
0.85,-60,1770628909.83417,-60.74575584667053
0.85,-61,1770628909.8343,-60.749993488424785
0.85,-60,1770628909.83439,-60.737697794259134
0.85,-60,1770628909.83449,-60.72579872250361
0.85,-60,1770628909.83457,-60.71427738641386
0.85,-61,1770628909.83467,-60.71874209129749
0.85,-61,1770628909.83477,-60.72306942552227
0.85,-62,1770628909.83492,-60.74241819510924
0.85,-61,1770628909.83501,-60.746262973795005
0.85,-61,1770628909.83511,-60.74999467512636
0.85,-61,1770628909.83521,-60.75361821550119
0.85,-61,1770628909.83532,-60.757138230380875
0.85,-61,1770628909.83541,-60.76055909407447
0.85,-61,1770628909.83551,-60.76388493787431
0.85,-61,1770628909.8356,-60.767119666700886
0.85,-62,1770628909.8357,-60.78378167378413
0.85,-62,1770628909.83581,-60.799999381407254
0.85,-62,1770628909.83591,-60.81579032767824
0.85,-62,1770628909.836,-60.83117113963599
0.85,-62,1770628909.8361,-60.84615759165208
0.85,-61,1770628909.83627,-60.84810515959075
0.85,-61,1770628909.83636,-60.85000404090564
0.85,-61,1770628909.83647,-60.85185603880227
0.85,-61,1770628909.83653,-60.853662868525056
0.85,-61,1770628909.8366,-60.85542616265615
0.85,-61,1770628909.83666,-60.85714747603582
0.85,-60,1770628909.83673,-60.84706220981406
0.85,-62,1770628909.83679,-60.860470067730205
0.85,-62,1770628909.83685,-60.87356971823529
0.85,-62,1770628909.83692,-60.886371668385294
0.85,-62,1770628909.83698,-60.89888595300961
0.85,-62,1770628909.83705,-60.91112216094582
0.85,-61,1770628909.83711,-60.91209897175107
0.85,-62,1770628909.83718,-60.923925608024845
0.85,-61,1770628909.83724,-60.924743727170366
0.85,-62,1770628909.8373,-60.9361842663956
0.85,-63,1770628909.83737,-60.95791183049668
0.85,-62,1770628909.83743,-60.96876854296117
0.85,-62,1770628909.83749,-60.979401422974966
0.85,-62,1770628909.83756,-60.989817322543104
0.85,-62,1770628909.83762,-61.00002281682229
0.85,-62,1770628909.83768,-61.01002421796328
0.85,-62,1770628909.83775,-61.019827588130966
0.85,-62,1770628909.83781,-61.02943875175858
0.85,-62,1770628909.83787,-61.038863307088036
0.85,-62,1770628909.83795,-61.048106637044505
0.85,-62,1770628909.83802,-61.05717391948958
0.85,-62,1770628909.83808,-61.066070136894076
0.85,-62,1770628909.83815,-61.074800085468446
0.85,-62,1770628909.83821,-61.0833683837859
0.85,-62,1770628909.8487,-61.091779480930924
0.85,-62,1770628909.94777,-61.1000376642033
0.85,-62,1770628910.04781,-61.10814706640567
0.85,-62,1770628910.1466,-61.11611167274077
0.85,-62,1770628910.24634,-61.12393532734235
0.85,-62,1770628910.34654,-61.13162173946243
0.85,-62,1770628910.44638,-61.139174489335694
0.85,-62,1770628910.54802,-61.14659703374059
0.85,-63,1770628910.64737,-61.162441635784624
0.85,-62,1770628910.7474,-61.16954120683846
0.85,-62,1770628910.84689,-61.17652147121379
0.85,-62,1770628910.94701,-61.1833854115744
0.85,-63,1770628911.04891,-61.19840235799751
0.85,-62,1770628911.14746,-61.204974433672426
0.85,-62,1770628911.2462,-61.211439659573024
0.85,-63,1770628911.34833,-61.225867170498766
0.85,-62,1770628911.4478,-61.23206182040859
0.85,-61,1770628911.54771,-61.23021958021607
0.85,-63,1770628911.64715,-61.24415854726974
0.85,-62,1770628911.74685,-61.25006514645017
0.85,-62,1770628911.84712,-61.25588018293378
0.85,-62,1770628911.94782,-61.26160576970377
0.85,-62,1770628912.048,-61.26724395522482
0.85,-62,1770628912.14665,-61.272796725886984
0.85,-63,1770628912.24819,-61.28578698995068
0.85,-62,1770628912.34838,-61.291118510045344
0.85,-62,1770628912.44994,-61.296371056450944
0.85,-62,1770628912.54908,-61.301546371232455
0.85,-61,1770628912.65189,-61.29934462384538
0.85,-62,1770628912.75096,-61.30442342610473
0.85,-62,1770628912.85088,-61.3094291636412
0.85,-62,1770628912.9507,-61.314363402125934
0.85,-62,1770628913.0535,-61.319227662813915
0.85,-62,1770628913.1506,-61.32402342410789
0.85,-62,1770628913.25073,-61.328752123056745
0.85,-62,1770628913.35021,-61.333415156791354
0.85,-62,1770628913.44956,-61.338013883901084
0.85,-62,1770628913.55091,-61.34254962575372
0.85,-62,1770628913.65172,-61.347023667761476
0.85,-62,1770628913.75105,-61.35143726059573
0.85,-62,1770628913.85079,-61.355791621352815
0.85,-62,1770628913.95026,-61.36008793467319
0.85,-63,1770628914.05094,-61.3709523564886
0.85,-63,1770628914.15071,-61.38167385245731
0.85,-63,1770628914.25074,-61.39225522504436
0.85,-62,1770628914.35174,-61.39620316111757
0.85,-62,1770628914.45109,-61.400100166112786
0.85,-62,1770628914.55174,-61.403947219472926
0.85,-62,1770628914.65091,-61.40774527568698
0.85,-62,1770628914.75148,-61.41149526507966
0.85,-62,1770628914.85227,-61.41519809457132
0.85,-62,1770628914.95156,-61.41885464840932
0.85,-62,1770628915.05268,-61.422465788872145
0.85,-62,1770628915.15281,-61.42603235694747
0.85,-62,1770628915.25242,-61.42955517298527
0.85,-62,1770628915.35313,-61.433035037326974
0.85,-62,1770628915.45293,-61.436472730911824
0.85,-62,1770628915.55342,-61.439869015861255
0.85,-62,1770628915.65385,-61.44322463604231
0.85,-62,1770628915.75388,-61.44654031761093
0.85,-62,1770628915.85395,-61.44981676953594
0.85,-62,1770628915.953,-61.45305468410456
0.85,-62,1770628916.05389,-61.456254737410156
0.85,-62,1770628916.15403,-61.459417589823026
0.85,-62,1770628916.2529,-61.462543886444784
0.85,-62,1770628916.35505,-61.46563425754713
0.85,-62,1770628916.4543,-61.46868931899557
0.85,-62,1770628916.55578,-61.47170967265868
0.85,-62,1770628916.65651,-61.47469590680349
0.85,-62,1770628916.75584,-61.47764859647755
0.85,-62,1770628916.85591,-61.4805683038782
0.85,-62,1770628916.95512,-61.48345557870952
0.85,-62,1770628917.05536,-61.48631095852742
0.85,-62,1770628917.15534,-61.489134969073426
0.85,-62,1770628917.25607,-61.491928124597436
0.85,-62,1770628917.35615,-61.494690928170016
0.85,-62,1770628917.45603,-61.497423871984545
0.85,-62,1770628917.55691,-61.50012743764959
0.85,-62,1770628917.65682,-61.50280209647194
0.85,-62,1770628917.75719,-61.50544830973059
0.85,-62,1770628917.8571,-61.508066528942024
0.85,-62,1770628917.95767,-61.51065719611712
0.85,-62,1770628918.05786,-61.51322074400999
0.85,-62,1770628918.1571,-61.51575759635904
0.85,-62,1770628918.2578,-61.51826816812052
0.85,-62,1770628918.35761,-61.520752865694924
0.85,-62,1770628918.457,-61.5232120871463
0.85,-62,1770628918.55684,-61.52564622241495
0.85,-62,1770628918.65778,-61.528055653523616
0.85,-62,1770628918.7578,-61.53044075477741
0.85,-62,1770628918.85778,-61.532801892957735
0.85,-62,1770628918.9579,-61.53513942751036
0.85,-62,1770628919.05625,-61.53745371072791
0.85,-62,1770628919.15789,-61.539745087926924
0.85,-62,1770628919.25712,-61.542013897619675
0.85,-62,1770628919.35686,-61.54426047168096
0.85,-62,1770628919.45756,-61.54648513550994
0.85,-62,1770628919.55927,-61.548688208187386
0.85,-62,1770628919.65721,-61.55087000262824
0.85,-62,1770628919.75741,-61.55303082572984
0.85,-62,1770628919.85796,-61.55517097851593
0.85,-62,1770628919.9575,-61.55729075627644
0.85,-62,1770628920.05711,-61.5593904487034
0.85,-62,1770628920.15761,-61.56147034002295
0.85,-62,1770628920.25633,-61.56353070912367
0.85,-62,1770628920.35681,-61.565571829681254
0.85,-62,1770628920.45705,-61.56759397027976
0.85,-62,1770628920.55735,-61.569597394529474
0.85,-62,1770628920.65799,-61.571582361181505
0.85,-62,1770628920.75723,-61.57354912423924
0.85,-62,1770628920.85791,-61.57549793306674
0.85,-62,1770628920.95702,-61.57742903249417
0.9,-61,1770628927.69259,-61.0
0.9,-62,1770628927.69268,-61.0454546323347
0.9,-62,1770628927.69275,-61.086956724385594
0.9,-62,1770628927.69282,-61.125000341145714
0.9,-62,1770628927.6929,-61.160000497599746
0.9,-62,1770628927.69296,-61.192308360576455
0.9,-62,1770628927.69303,-61.222223072427205
0.9,-62,1770628927.69309,-61.250001041070234
0.9,-62,1770628927.69315,-61.27586330796497
0.9,-62,1770628927.69322,-61.30000144249758
0.9,-61,1770628927.69328,-61.29032386758315
0.9,-62,1770628927.69335,-61.31250152206672
0.9,-62,1770628927.69341,-61.333335092419574
0.9,-62,1770628927.69347,-61.3529431738695
0.9,-63,1770628927.69354,-61.4000026942772
0.9,-62,1770628927.6936,-61.416669574063725
0.9,-63,1770628927.69366,-61.459463082601175
0.9,-61,1770628927.69373,-61.447371708538
0.9,-61,1770628927.69379,-61.4359003957113
0.9,-62,1770628927.69386,-61.45000320435731
0.9,-61,1770628927.69392,-61.43902725316457
0.9,-62,1770628927.69398,-61.45238408662881
0.9,-61,1770628927.69406,-61.44186324370534
0.9,-61,1770628927.69413,-61.43182061237581
0.9,-60,1770628927.69419,-61.400001425538576
0.9,-60,1770628927.69425,-61.36956565506815
0.9,-60,1770628927.69432,-61.3404249980243
0.9,-61,1770628927.69438,-61.33333256492614
0.9,-62,1770628927.69444,-61.34693851638196
0.9,-62,1770628927.69451,-61.36000024178982
0.9,-63,1770628927.69458,-61.39215837518227
0.9,-63,1770628927.69464,-61.42307968650815
0.9,-62,1770628927.6947,-61.43396544535402
0.9,-62,1770628927.69477,-61.444448038126936
0.9,-62,1770628927.69483,-61.454549455654195
0.9,-62,1770628927.69489,-61.46429011799317
0.9,-62,1770628927.69496,-61.473689012217875
0.9,-62,1770628927.69502,-61.48276381595171
0.9,-62,1770628927.69508,-61.49153100833764
0.9,-62,1770628927.69515,-61.50000596991137
0.9,-62,1770628927.69521,-61.508203072650936
0.9,-62,1770628927.69528,-61.51613576131181
0.9,-62,1770628927.69534,-61.52381662701588
0.9,-62,1770628927.6954,-61.531257473941444
0.9,-62,1770628927.69547,-61.53846937985718
0.9,-62,1770628927.69553,-61.54546275115313
0.9,-62,1770628927.69561,-61.552247372943455
0.9,-63,1770628927.69578,-61.573539418833086
0.9,-63,1770628927.69585,-61.59421432850383
0.9,-63,1770628927.69592,-61.614298550604005
0.9,-63,1770628927.69601,-61.63381704371983
0.9,-63,1770628927.6962,-61.65279337985178
0.9,-63,1770628927.69636,-61.67124983938604
0.9,-63,1770628927.69644,-61.68920749836562
0.9,-63,1770628927.69653,-61.70668630877973
0.9,-63,1770628927.69661,-61.723705172514606
0.9,-63,1770628927.6967,-61.74028200954188
0.9,-63,1770628927.69678,-61.75643382086174
0.9,-62,1770628927.69687,-61.759517246859346
0.9,-62,1770628927.69695,-61.7625235912833
0.9,-62,1770628927.69702,-61.765455709002325
0.9,-62,1770628927.69708,-61.768316315623466
0.9,-62,1770628927.69714,-61.77110799588134
0.9,-63,1770628927.69721,-61.785739330898224
0.9,-63,1770628927.69727,-61.80002641970486
0.9,-64,1770628927.69734,-61.82561056954793
0.9,-63,1770628927.6974,-61.8391109530483
0.9,-63,1770628927.76001,-61.85230452920596
0.9,-62,1770628927.85903,-61.85396424197257
0.9,-63,1770628927.95919,-61.86669964560845
0.9,-63,1770628928.05891,-61.87915516931992
0.9,-62,1770628928.15905,-61.88046888060515
0.9,-62,1770628928.25759,-61.88175434204262
0.9,-63,1770628928.35976,-61.89365228082854
0.9,-63,1770628928.45813,-61.90529975525902
0.9,-63,1770628928.55912,-61.91670459233498
0.9,-63,1770628928.65826,-61.92787429629482
0.9,-63,1770628928.75947,-61.93881606508187
0.9,-63,1770628928.85894,-61.949536805813864
0.9,-63,1770628928.95854,-61.960043149324136
0.9,-63,1770628929.05895,-61.970341463839084
0.9,-62,1770628929.15901,-61.97063228312817
0.9,-62,1770628929.25903,-61.97091745593211
0.9,-62,1770628929.35905,-61.97119714513009
0.9,-62,1770628929.45834,-61.97147150739639
0.9,-62,1770628929.55996,-61.971740693493025
0.9,-63,1770628929.6589,-61.98135239049677
0.9,-63,1770628929.75892,-61.990786110130216
0.9,-63,1770628929.85887,-62.00004675084744
0.9,-63,1770628929.95894,-62.00913903297708
0.9,-63,1770628930.05834,-62.01806750674605
0.9,-63,1770628930.16,-62.02683655987333
0.9,-63,1770628930.2586,-62.03545042476059
0.9,-63,1770628930.35809,-62.04391318530433
0.9,-63,1770628930.45903,-62.05222878335264
0.9,-63,1770628930.55873,-62.06040102482794
0.9,-63,1770628930.65895,-62.068433585535786
0.9,-63,1770628930.75868,-62.07633001667829
0.9,-63,1770628930.85814,-62.08409375008955
0.9,-63,1770628930.95887,-62.091728103209306
0.9,-63,1770628931.05809,-62.09923628380998
0.9,-63,1770628931.15884,-62.106621394491235
0.9,-63,1770628931.25876,-62.11388643695528
0.9,-63,1770628931.35788,-62.12103431607533
0.9,-63,1770628931.4581,-62.128067843768726
0.9,-63,1770628931.5581,-62.13498974268569
0.9,-63,1770628931.65866,-62.141802649723765
0.9,-63,1770628931.75822,-62.14850911937752
0.9,-63,1770628931.85904,-62.155111626932474
0.9,-63,1770628931.9598,-62.16161257151157
0.9,-63,1770628932.05779,-62.16801427898217
0.9,-63,1770628932.15976,-62.17431900473087
0.9,-63,1770628932.2586,-62.180528936313145
0.9,-63,1770628932.35905,-62.18664619598437
0.9,-63,1770628932.45876,-62.192672843118345
0.9,-63,1770628932.56013,-62.19861087651909
0.9,-63,1770628932.65847,-62.20446223663144
0.9,-63,1770628932.75967,-62.21022880765552
0.9,-63,1770628932.85865,-62.21591241956988
0.9,-63,1770628932.95883,-62.221514850068054
0.9,-63,1770628933.0588,-62.22703782641256
0.9,-63,1770628933.15886,-62.232483027210705
0.9,-62,1770628933.25873,-62.230856724931
0.9,-63,1770628933.35981,-62.2361998197274
0.9,-63,1770628933.45876,-62.24146922936254
0.9,-62,1770628933.55752,-62.239814750419384
0.9,-63,1770628933.65783,-62.24498791766292
0.9,-63,1770628933.75901,-62.250091189790645
0.9,-63,1770628933.85861,-62.25512597408548
0.9,-63,1770628933.96004,-62.26009364030283
0.9,-63,1770628934.05879,-62.2649955219132
0.9,-63,1770628934.15809,-62.26983291729582
0.9,-63,1770628934.2579,-62.27460709088538
0.9,-62,1770628934.35823,-62.27282323146817
0.9,-62,1770628934.45773,-62.27106238505863
0.9,-62,1770628934.5589,-62.26932410909931
0.9,-62,1770628934.65789,-62.26760797230811
0.9,-62,1770628934.75817,-62.265913554321465
0.9,-62,1770628934.85787,-62.26424044535097
0.9,-62,1770628934.95793,-62.26258824585293
0.9,-62,1770628935.05853,-62.2609565662102
0.9,-62,1770628935.15841,-62.259345026425784
0.9,-62,1770628935.25864,-62.25775325582778
0.9,-61,1770628935.35854,-62.25008062826006
0.9,-62,1770628935.45783,-62.24856430780277
0.9,-62,1770628935.5579,-62.247066252138275
0.9,-62,1770628935.65832,-62.245586133156806
0.9,-62,1770628935.75874,-62.244123630560736
0.9,-62,1770628935.85878,-62.242678431633436
0.9,-61,1770628935.95861,-62.23536507423703
0.9,-62,1770628936.05816,-62.23398800643528
0.9,-62,1770628936.15866,-62.232626947164235
0.9,-62,1770628936.25777,-62.23128161881955
0.9,-62,1770628936.35841,-62.2299517501786
0.9,-62,1770628936.45761,-62.22863707621813
0.9,-62,1770628936.559,-62.22733733793812
0.9,-62,1770628936.65839,-62.226052282191674
0.9,-62,1770628936.75861,-62.22478166152058
0.9,-62,1770628936.85796,-62.22352523399641
0.9,-62,1770628936.9591,-62.22228276306693
0.9,-61,1770628937.05845,-62.21552616791348
0.9,-61,1770628937.15862,-62.20884380087818
0.9,-61,1770628937.25914,-62.2022344451077
0.9,-61,1770628937.35891,-62.195696910202045
0.9,-61,1770628937.45887,-62.18923003149957
0.9,-61,1770628937.55872,-62.18283266938511
0.9,-61,1770628937.65888,-62.17650370862027
0.9,-61,1770628937.75879,-62.17024205769513
0.9,-61,1770628937.86434,-62.16404664820048
0.9,-61,1770628937.95875,-62.15791643421994
0.9,-61,1770628938.05936,-62.151850391741114
0.9,-61,1770628938.15979,-62.14584751808518
0.9,-61,1770628938.25939,-62.13990683135423
0.9,-61,1770628938.35965,-62.13402736989565
0.9,-61,1770628938.45921,-62.12820819178302
0.9,-62,1770628938.56097,-62.12755365320741
0.9,-62,1770628938.66103,-62.126905757576374
0.9,-62,1770628938.76143,-62.126264404239336
0.9,-62,1770628938.86261,-62.125629494568834
0.9,-62,1770628938.96197,-62.12500093190996
0.9,-62,1770628939.06281,-62.124378621531285
0.9,-62,1770628939.16238,-62.12376247057725
0.9,-62,1770628939.26257,-62.12315238802195
0.9,-62,1770628939.36305,-62.12254828462432
0.9,-62,1770628939.46271,-62.12195007288457
0.9,-62,1770628939.56377,-62.121357667001945
0.9,-62,1770628939.6618,-62.120770982833655
0.9,-62,1770628939.76236,-62.12018993785506
0.9,-62,1770628939.86251,-62.119614451120924
0.9,-62,1770628939.9633,-62.119044443227835
0.9,-62,1770628940.06269,-62.11847983627765
0.9,-62,1770628940.16339,-62.117920553842005
0.9,-62,1770628940.26251,-62.11736652092782
0.9,-62,1770628940.36373,-62.11681766394373
0.9,-62,1770628940.46274,-62.11627391066753
0.9,-62,1770628940.56315,-62.115735190214465
0.9,-62,1770628940.6617,-62.1152014330064
0.9,-62,1770628940.76298,-62.11467257074185
0.9,-62,1770628940.8628,-62.11414853636688
0.9,-62,1770628940.96382,-62.1136292640467
0.95,-62,1770628952.50826,-62.0
0.95,-62,1770628952.50838,-62.0
0.95,-62,1770628952.50848,-62.0
0.95,-62,1770628952.50858,-62.0
0.95,-62,1770628952.50867,-62.0
0.95,-62,1770628952.50877,-62.0
0.95,-61,1770628952.50886,-61.96296270706466
0.95,-62,1770628952.50902,-61.96428547806147
0.95,-62,1770628952.50913,-61.96551702443549
0.95,-62,1770628952.50921,-61.96666646861146
0.95,-62,1770628952.50936,-61.96774175593171
0.95,-62,1770628952.50944,-61.968749838574645
0.95,-62,1770628952.50953,-61.96969682603351
0.95,-63,1770628952.50961,-62.000000308823054
0.95,-63,1770628952.50969,-62.028572186324816
0.95,-63,1770628952.50978,-62.05555675848437
0.95,-64,1770628952.50987,-62.10811025401085
0.95,-62,1770628952.50995,-62.105265190782035
0.95,-64,1770628952.51003,-62.153849165372655
0.95,-62,1770628952.51012,-62.15000284936197
0.95,-63,1770628952.51022,-62.17073498448686
0.95,-64,1770628952.51031,-62.21429002047035
0.95,-63,1770628952.51039,-62.232562836695244
0.95,-63,1770628952.51048,-62.250005085195085
0.95,-65,1770628952.51056,-62.311117909831985
0.95,-67,1770628952.51066,-62.413053333936524
0.95,-68,1770628952.51074,-62.53192846497942
0.95,-69,1770628952.51083,-62.6666846224369
0.95,-69,1770628952.51091,-62.795940645827294
0.95,-69,1770628952.511,-62.920026542379176
0.95,-68,1770628952.51108,-63.01963781565069
0.95,-68,1770628952.51117,-63.11541797660738
0.95,-68,1770628952.51126,-63.20758388015769
0.95,-68,1770628952.51134,-63.296336317920236
0.95,-68,1770628952.51143,-63.38186147851962
0.95,-68,1770628952.51151,-63.464332251422285
0.95,-68,1770628952.51159,-63.54390939352683
0.95,-67,1770628952.51168,-63.60350029067347
0.95,-66,1770628952.51176,-63.64412114175169
0.95,-65,1770628952.51185,-63.66672039836461
0.95,-66,1770628952.51193,-63.70497312032479
0.95,-64,1770628952.51202,-63.709731906427145
0.95,-65,1770628952.5121,-63.73021363488852
0.95,-66,1770628952.51219,-63.76568134303355
0.95,-67,1770628952.51227,-63.81544342041897
0.95,-67,1770628952.51236,-63.86369761115302
0.95,-65,1770628952.51244,-63.88065855762622
0.95,-65,1770628952.51258,-63.89712067201771
0.95,-64,1770628952.51265,-63.89861178985237
0.95,-63,1770628952.51272,-63.88577347521083
0.95,-63,1770628952.51278,-63.87329678805313
0.95,-64,1770628952.51285,-63.875056700755785
0.95,-64,1770628952.51299,-63.876768398807215
0.95,-64,1770628952.51312,-63.87843383685217
0.95,-65,1770628952.51318,-63.89338940175515
0.95,-65,1770628952.51325,-63.90795141799835
0.95,-65,1770628952.51331,-63.92213521862173
0.95,-65,1770628952.51338,-63.935955350356785
0.95,-65,1770628952.51344,-63.94942562339277
0.95,-66,1770628952.51351,-63.97506044652461
0.95,-66,1770628952.51357,-64.00006234535233
0.95,-66,1770628952.51364,-64.0244544756081
0.95,-66,1770628952.5137,-64.04825887708682
0.95,-66,1770628952.51376,-64.07149654007092
0.95,-65,1770628952.51383,-64.08242138654485
0.95,-65,1770628952.5139,-64.0930921822988
0.95,-65,1770628952.51396,-64.10351768768992
0.95,-66,1770628952.51403,-64.12507132701904
0.95,-66,1770628952.51409,-64.146140646466
0.95,-66,1770628952.51416,-64.16674179000452
0.95,-65,1770628952.51422,-64.17589970419043
0.95,-65,1770628952.51428,-64.1848585471353
0.95,-64,1770628952.51434,-64.18287054154369
0.95,-65,1770628952.51441,-64.19156465647963
0.95,-65,1770628952.51447,-64.2000757509838
0.95,-65,1770628952.51453,-64.20840954443727
0.95,-63,1770628952.51459,-64.19594980651344
0.95,-68,1770628952.51468,-64.234772714618
0.95,-66,1770628952.51474,-64.25260613956623
0.95,-65,1770628952.5148,-64.26008129593404
0.95,-66,1770628952.51487,-64.27731107814402
0.95,-68,1770628952.51495,-64.31381421976423
0.95,-73,1770628952.51503,-64.39816071375014
0.95,-73,1770628952.51509,-64.48088530364632
0.95,-69,1770628952.51518,-64.52393223615806
0.95,-69,1770628952.51525,-64.56616703721792
0.95,-67,1770628952.51533,-64.58891739293846
0.95,-70,1770628952.5154,-64.63902955709831
0.95,-70,1770628952.51546,-64.68822232155159
0.95,-72,1770628952.51553,-64.75470617524975
0.95,-73,1770628952.51564,-64.82900306662184
0.95,-76,1770628952.51571,-64.92876457392148
0.95,-77,1770628952.51577,-65.03561198176187
0.95,-75,1770628952.51583,-65.12303748266717
0.95,-70,1770628952.5159,-65.1654550323786
0.95,-67,1770628952.51596,-65.18127355926501
0.95,-68,1770628952.51602,-65.20537063881947
0.95,-73,1770628952.51609,-65.27144188513778
0.95,-75,1770628952.51615,-65.35321344104364
0.95,-69,1770628952.51621,-65.38361050007252
0.95,-64,1770628952.51628,-65.37217295856954
0.95,-63,1770628952.51634,-65.35272417356717
0.95,-64,1770628952.5164,-65.34172368788
0.95,-63,1770628952.51646,-65.32283405730489
0.95,-64,1770628952.51653,-65.3122486725214
0.95,-64,1770628952.51659,-65.30183128786574
0.95,-64,1770628952.51665,-65.29157793483496
0.95,-65,1770628952.51673,-65.28929936968785
0.95,-64,1770628952.51679,-65.27930207080577
0.95,-64,1770628952.51685,-65.26945855522744
0.95,-63,1770628952.51692,-65.25212956233759
0.95,-63,1770628952.51698,-65.23506309246632
0.95,-65,1770628952.51705,-65.23329518727037
0.95,-65,1770628952.51711,-65.2315536648374
0.95,-64,1770628952.51717,-65.22242831332632
0.95,-64,1770628952.56616,-65.21343713782494
0.95,-65,1770628952.66504,-65.21187872192164
0.95,-63,1770628952.76659,-65.19584559774587
0.95,-64,1770628952.86569,-65.18723965927538
0.95,-63,1770628952.96563,-65.17161148395444
0.95,-64,1770628953.0649,-65.16329946604195
0.95,-64,1770628953.16473,-65.15510449946089
0.95,-64,1770628953.26483,-65.14702412859123
0.95,-64,1770628953.36524,-65.13905596602454
0.95,-64,1770628953.46442,-65.1311976902119
0.95,-65,1770628953.56673,-65.13029876070267
0.95,-65,1770628953.66505,-65.12941205936097
0.95,-65,1770628953.76626,-65.12853733831878
0.95,-64,1770628953.86465,-65.12096049432155
0.95,-65,1770628953.96595,-65.12015379232851
0.95,-64,1770628954.06488,-65.11273277046075
0.95,-64,1770628954.16511,-65.1054093751259
0.95,-64,1770628954.26396,-65.09818169207995
0.95,-64,1770628954.36511,-65.09104785679948
0.95,-64,1770628954.46484,-65.08400605287775
0.95,-64,1770628954.56585,-65.07705451048257
0.95,-64,1770628954.66421,-65.07019150487291
0.95,-64,1770628954.76662,-65.0634153549721
0.95,-64,1770628954.86567,-65.05672442199462
0.95,-64,1770628954.96499,-65.0501171081246
0.95,-64,1770628955.06534,-65.04359185524342
0.95,-64,1770628955.16684,-65.03714714370449
0.95,-64,1770628955.26512,-65.03078149115312
0.95,-64,1770628955.36435,-65.02449345138962
0.95,-64,1770628955.46566,-65.01828161327363
0.95,-64,1770628955.56472,-65.01214459966816
0.95,-65,1770628955.66527,-65.0120718440719
0.95,-64,1770628955.76671,-65.00604480304828
0.95,-64,1770628955.86563,-65.00008907124617
0.95,-64,1770628955.96584,-64.99420339026862
0.95,-64,1770628956.06574,-64.98838653115492
0.95,-64,1770628956.16447,-64.98263729352475
0.95,-64,1770628956.26504,-64.97695450475226
0.95,-64,1770628956.3642,-64.9713370191685
0.95,-64,1770628956.46469,-64.96578371729125
0.95,-64,1770628956.56411,-64.96029350508098
0.95,-64,1770628956.66497,-64.95486531322227
0.95,-64,1770628956.76477,-64.94949809642921
0.95,-64,1770628956.86581,-64.94419083277421
0.95,-64,1770628956.96558,-64.9389425230392
0.95,-64,1770628957.06413,-64.93375219008824
0.95,-64,1770628957.16577,-64.9286188782609
0.95,-65,1770628957.26484,-64.92900915467919
0.95,-64,1770628957.36509,-64.92395736981219
0.95,-65,1770628957.46416,-64.9243686433226
0.95,-64,1770628957.56527,-64.91939608058708
0.95,-64,1770628957.66403,-64.91447668507833
0.95,-64,1770628957.76559,-64.90960960838389
0.95,-64,1770628957.86491,-64.90479402004715
0.95,-64,1770628957.96493,-64.90002910709475
0.95,-65,1770628958.06523,-64.90055283027985
0.95,-65,1770628958.16439,-64.90107109966583
0.95,-64,1770628958.264,-64.8963994648794
0.95,-65,1770628958.36494,-64.89693382026404
0.95,-64,1770628958.46666,-64.8923312702781
0.95,-65,1770628958.56464,-64.89288094917156
0.95,-65,1770628958.66473,-64.89342504934656
0.95,-64,1770628958.76571,-64.8889098788158
0.95,-64,1770628958.86454,-64.88444007212986
0.95,-64,1770628958.96581,-64.8800149488317
0.95,-64,1770628959.06498,-64.8756338420057
0.95,-64,1770628959.16486,-64.87129609794248
0.95,-64,1770628959.26572,-64.86700107581362
0.95,-64,1770628959.36491,-64.86274814735596
0.95,-65,1770628959.46542,-64.86341813363774
0.95,-65,1770628959.56407,-64.864081617465
0.95,-65,1770628959.66505,-64.86473869307615
0.95,-65,1770628959.76578,-64.86538945289728
0.95,-65,1770628959.86566,-64.86603398758558
0.95,-64,1770628959.96492,-64.86190700958265
0.95,-65,1770628960.06594,-64.86256196045686
0.95,-65,1770628960.16427,-64.86321073482995
0.95,-65,1770628960.26529,-64.86385341969482
0.95,-65,1770628960.36574,-64.86449010041834
0.95,-65,1770628960.46644,-64.86512086077911
0.95,-65,1770628960.56607,-64.86574578300434
0.95,-65,1770628960.66751,-64.8663649478055
0.95,-64,1770628960.76881,-64.86238767325031
0.95,-64,1770628960.86841,-64.85844670652733
0.95,-64,1770628960.96803,-64.85454155253025
1.0,-64,1770628976.15005,-64.0
1.0,-64,1770628976.1503,-64.0
1.0,-64,1770628976.15045,-64.0
1.0,-64,1770628976.15061,-64.0
1.0,-64,1770628976.15083,-64.0
1.0,-64,1770628976.151,-64.0
1.0,-64,1770628976.15115,-64.0
1.0,-64,1770628976.15124,-64.0
1.0,-64,1770628976.15131,-64.0
1.0,-64,1770628976.15138,-64.0
1.0,-64,1770628976.15144,-64.0
1.0,-64,1770628976.1515,-64.0
1.0,-64,1770628976.15157,-64.0
1.0,-63,1770628976.15163,-63.97058780021722
1.0,-63,1770628976.1517,-63.942856275920576
1.0,-63,1770628976.15177,-63.91666537130008
1.0,-63,1770628976.15183,-63.89189017166383
1.0,-63,1770628976.15189,-63.86841891119215
1.0,-63,1770628976.15196,-63.84615128719004
1.0,-63,1770628976.15202,-63.82499702720104
1.0,-63,1770628976.15208,-63.80487466581109
1.0,-63,1770628976.15215,-63.78571049619416
1.0,-63,1770628976.15221,-63.76743766795349
1.0,-63,1770628976.15227,-63.74999540798403
1.0,-63,1770628976.15234,-63.73332834521971
1.0,-63,1770628976.1524,-63.71738592345684
1.0,-64,1770628976.15246,-63.723399187479515
1.0,-64,1770628976.15253,-63.72916190399294
1.0,-64,1770628976.15259,-63.73468941260186
1.0,-65,1770628976.15265,-63.75999658484035
1.0,-65,1770628976.15306,-63.784311341615265
1.0,-63,1770628976.15317,-63.76922780677193
1.0,-63,1770628976.15326,-63.75471344801869
1.0,-63,1770628976.15333,-63.74073664453402
1.0,-63,1770628976.1534,-63.727268075187325
1.0,-63,1770628976.15346,-63.714280513209886
1.0,-63,1770628976.15354,-63.70174864247927
1.0,-63,1770628976.1536,-63.6896488928088
1.0,-63,1770628976.15366,-63.67795929198722
1.0,-63,1770628976.15373,-63.66665933261436
1.0,-63,1770628976.15379,-63.655729852034845
1.0,-63,1770628976.15385,-63.64515292389121
1.0,-63,1770628976.15392,-63.634911760005174
1.0,-63,1770628976.15398,-63.624990621457584
1.0,-62,1770628976.15404,-63.599989093274395
1.0,-62,1770628976.15411,-63.57574515948019
1.0,-63,1770628976.15418,-63.567151335399565
1.0,-63,1770628976.15424,-63.558810261079266
1.0,-63,1770628976.1543,-63.550710947418985
1.0,-64,1770628976.15442,-63.557129864116014
1.0,-63,1770628976.15448,-63.54928233287318
1.0,-63,1770628976.15458,-63.541652779209066
1.0,-63,1770628976.15464,-63.534232245156176
1.0,-63,1770628976.1547,-63.527012256960674
1.0,-63,1770628976.15477,-63.519984792801516
1.0,-63,1770628976.15483,-63.513142253058085
1.0,-63,1770628976.1549,-63.50647743289462
1.0,-63,1770628976.15496,-63.499983496953526
1.0,-63,1770628976.15502,-63.49365395597072
1.0,-63,1770628976.15509,-63.48748264514484
1.0,-63,1770628976.15515,-63.48146370410866
1.0,-63,1770628976.15521,-63.47559155836615
1.0,-63,1770628976.15528,-63.46986090207124
1.0,-63,1770628976.15534,-63.46426668203685
1.0,-63,1770628976.15541,-63.4588040828726
1.0,-63,1770628976.15547,-63.453468513159414
1.0,-63,1770628976.15554,-63.44825559257767
1.0,-63,1770628976.1556,-63.443161139912874
1.0,-62,1770628976.15567,-63.426943764015626
1.0,-62,1770628976.15573,-63.411086750241715
1.0,-62,1770628976.15579,-63.39557821853741
1.0,-62,1770628976.15586,-63.38040680537236
1.0,-62,1770628976.15592,-63.36556163596956
1.0,-62,1770628976.15598,-63.35103229830788
1.0,-62,1770628976.15605,-63.33680881876649
1.0,-62,1770628976.15611,-63.32288163929159
1.0,-62,1770628976.15617,-63.309241595975394
1.0,-62,1770628976.15623,-63.29587989894672
1.0,-62,1770628976.1563,-63.28278811348026
1.0,-62,1770628976.15636,-63.269958142239275
1.0,-62,1770628976.15643,-63.257382208573276
1.0,-62,1770628976.15649,-63.24505284079807
1.0,-62,1770628976.15655,-63.232962857391605
1.0,-62,1770628976.15662,-63.2211053530439
1.0,-63,1770628976.15668,-63.21899920884311
1.0,-63,1770628976.15674,-63.216932799551344
1.0,-63,1770628976.1568,-63.214905011107064
1.0,-62,1770628976.15687,-63.20365374702993
1.0,-62,1770628976.15693,-63.19260890806065
1.0,-62,1770628976.157,-63.18176486443001
1.0,-62,1770628976.15706,-63.17111618924316
1.0,-62,1770628976.15712,-63.1606576494227
1.0,-62,1770628976.15719,-63.15038419713272
1.0,-62,1770628976.15725,-63.14029096165416
1.0,-62,1770628976.15731,-63.13037324168408
1.0,-62,1770628976.15738,-63.120626498033296
1.0,-62,1770628976.15744,-63.11104634669839
1.0,-63,1770628976.15751,-63.11010506133567
1.0,-62,1770628976.15757,-63.10077428312449
1.0,-61,1770628976.15764,-63.08326369980458
1.0,-59,1770628976.1577,-63.049509620870026
1.0,-59,1770628976.15776,-63.016308820019134
1.0,-60,1770628976.15783,-62.99177990078265
1.0,-61,1770628976.1579,-62.975713109167806
1.0,-61,1770628976.158,-62.95990335331308
1.0,-62,1770628976.15811,-62.952283088440176
1.0,-63,1770628976.15817,-62.952658911593545
1.0,-63,1770628976.15824,-62.95302886329833
1.0,-63,1770628976.1583,-62.9533930800997
1.0,-63,1770628976.15836,-62.953751694341456
1.0,-64,1770628976.15843,-62.96174057319012
1.0,-63,1770628976.15849,-62.96203050027329
1.0,-63,1770628976.15855,-62.96231606818253
1.0,-62,1770628976.15862,-62.955132486558085
1.0,-63,1770628976.15868,-62.955464938032414
1.0,-63,1770628976.15874,-62.955792501255345
1.0,-62,1770628976.15881,-62.948813761522466
1.0,-62,1770628976.15887,-62.9419361471635
1.0,-62,1770628976.15894,-62.935157475618524
1.0,-62,1770628976.159,-62.92847562668639
1.0,-63,1770628976.15906,-62.92898305758845
1.0,-62,1770628976.15913,-62.92243875379261
1.0,-62,1770628976.15919,-62.91598596338389
1.0,-61,1770628976.15925,-62.902675966452534
1.0,-62,1770628976.15932,-62.8964484614612
1.0,-62,1770628976.15938,-62.8903062498551
1.0,-63,1770628976.15944,-62.89105273120998
1.0,-64,1770628976.15951,-62.898548319453305
1.0,-64,1770628976.15957,-62.905943314080965
1.0,-64,1770628976.15965,-62.91323972696343
1.0,-64,1770628976.15971,-62.92043951667664
1.0,-64,1770628976.15978,-62.927544590255074
1.0,-64,1770628976.15984,-62.93455680487617
1.0,-65,1770628976.1599,-62.94797401228498
1.0,-64,1770628976.15997,-62.954763962588146
1.0,-63,1770628976.16005,-62.95505405343314
1.0,-63,1770628976.16013,-62.95534044960011
1.0,-62,1770628976.16019,-62.949291504095186
1.0,-63,1770628976.16028,-62.9496105583066
1.0,-63,1770628976.16038,-62.949925625177464
1.0,-63,1770628976.16045,-62.950236779005984
1.0,-63,1770628976.16052,-62.95054409225584
1.0,-63,1770628976.16059,-62.95084763561246
1.0,-62,1770628976.16068,-62.94504721351226
1.0,-62,1770628976.16074,-62.939317083862
1.0,-63,1770628976.16081,-62.939682809685884
1.0,-62,1770628976.16087,-62.93405337891118
1.0,-62,1770628976.16093,-62.92849094965686
1.0,-62,1770628976.161,-62.922994332547866
1.0,-62,1770628976.16106,-62.917562366194424
1.0,-62,1770628976.16112,-62.91219391637375
1.0,-62,1770628976.17813,-62.90688787524033
1.0,-62,1770628976.27874,-62.90164316056353
1.0,-63,1770628976.37891,-62.90220871210652
1.0,-63,1770628976.47844,-62.9027678018271
1.0,-63,1770628976.5788,-62.90332053986988
1.0,-63,1770628976.67976,-62.90386703389031
1.0,-63,1770628976.77853,-62.90440738912463
1.0,-63,1770628976.87776,-62.904941708457436
1.0,-63,1770628976.9776,-62.905470092487
1.0,-63,1770628977.07825,-62.90599263958842
1.0,-63,1770628977.17974,-62.90650944597472
1.0,-63,1770628977.2777,-62.907020605755896
1.0,-63,1770628977.37728,-62.90752621099608
1.0,-63,1770628977.47868,-62.90802635176883
1.0,-63,1770628977.57878,-62.90852111621064
1.0,-63,1770628977.67876,-62.90901059057274
1.0,-63,1770628977.77878,-62.90949485927121
1.0,-63,1770628977.87782,-62.90997400493556
1.0,-63,1770628977.97779,-62.91044810845573
1.0,-63,1770628978.07782,-62.910917249027634
1.0,-63,1770628978.17875,-62.911381504197266
1.0,-63,1770628978.27909,-62.91184094990346
1.0,-63,1770628978.37789,-62.912295660519284
1.0,-63,1770628978.47857,-62.912745708892224
1.0,-63,1770628978.57967,-62.91319116638307
1.0,-63,1770628978.67855,-62.91363210290368
1.0,-63,1770628978.77781,-62.914068586953526
1.0,-62,1770628978.87967,-62.90947227187284
1.0,-63,1770628978.97892,-62.909925209693604
1.0,-63,1770628979.07829,-62.91037364216533
1.0,-63,1770628979.17866,-62.91081763619909
1.0,-63,1770628979.27897,-62.9112572573875
1.0,-63,1770628979.38169,-62.91169257003704
1.0,-63,1770628979.47853,-62.91212363719945
1.0,-63,1770628979.57988,-62.91255052070215
1.0,-63,1770628979.67786,-62.91297328117783
1.0,-63,1770628979.77855,-62.91339197809317
1.0,-63,1770628979.87727,-62.91380666977674
1.0,-63,1770628979.97875,-62.914217413446075
1.0,-63,1770628980.07737,-62.914624265234025
1.0,-63,1770628980.17853,-62.91502728021433
1.0,-63,1770628980.27785,-62.91542651242649
1.0,-63,1770628980.37771,-62.91582201489991
1.0,-63,1770628980.47725,-62.916213839677404
1.0,-63,1770628980.57862,-62.91660203783803
1.0,-63,1770628980.67726,-62.9169866595193
1.0,-63,1770628980.77786,-62.91736775393878
1.0,-63,1770628980.87843,-62.91774536941506
1.0,-63,1770628980.9778,-62.91811955338823
1.05,-63,1770629000.95282,-63.0
1.05,-63,1770629000.95292,-63.0
1.05,-63,1770629000.95304,-63.0
1.05,-63,1770629000.9532,-63.0
1.05,-63,1770629000.95332,-63.0
1.05,-63,1770629000.9534,-63.0
1.05,-63,1770629000.95349,-63.0
1.05,-63,1770629000.95358,-63.0
1.05,-62,1770629000.95367,-62.96551692960796
1.05,-63,1770629000.95376,-62.96666637694487
1.05,-63,1770629000.95384,-62.96774166722214
1.05,-62,1770629000.95393,-62.937499364649675
1.05,-63,1770629000.95401,-62.939393349037225
1.05,-62,1770629000.9541,-62.91176372418072
1.05,-62,1770629000.95418,-62.88571291469779
1.05,-63,1770629000.95427,-62.88888761080678
1.05,-62,1770629000.95437,-62.864863175389644
1.05,-64,1770629000.95445,-62.894735790794435
1.05,-65,1770629000.95454,-62.94871806965952
1.05,-64,1770629000.95462,-62.97500071156155
1.05,-63,1770629000.95471,-62.975610464930185
1.05,-63,1770629000.95479,-62.9761911829063
1.05,-63,1770629000.95489,-62.97674489120913
1.05,-62,1770629000.95497,-62.95454551394669
1.05,-62,1770629000.95506,-62.93333275741114
1.05,-63,1770629000.95514,-62.93478209085917
1.05,-62,1770629000.95523,-62.91489245342583
1.05,-63,1770629000.95531,-62.91666558872355
1.05,-64,1770629000.9554,-62.938775256355086
1.05,-64,1770629000.95548,-62.960000556798036
1.05,-66,1770629000.95557,-63.019610753152065
1.05,-66,1770629000.95579,-63.07692830380606
1.05,-65,1770629000.95587,-63.11321424180913
1.05,-65,1770629000.95594,-63.14815629011787
1.05,-65,1770629000.956,-63.18182775164179
1.05,-65,1770629000.95606,-63.21429669337986
1.05,-65,1770629000.95615,-63.24562640570988
1.05,-66,1770629000.95621,-63.29311809856462
1.05,-65,1770629000.95628,-63.32204987571296
1.05,-65,1770629000.95634,-63.35001728977194
1.05,-64,1770629000.95641,-63.36067336711297
1.05,-64,1770629000.95647,-63.37098571119091
1.05,-64,1770629000.95653,-63.38097069022425
1.05,-63,1770629000.9566,-63.37501763778708
1.05,-64,1770629000.95675,-63.38463339429455
1.05,-63,1770629000.95681,-63.37880521297412
1.05,-62,1770629000.95688,-63.35822456327757
1.05,-63,1770629000.95694,-63.35295616749119
1.05,-63,1770629000.957,-63.3478404727591
1.05,-62,1770629000.95707,-63.32858410391186
1.05,-62,1770629000.95713,-63.30987014521801
1.05,-62,1770629000.9572,-63.29167599629337
1.05,-62,1770629000.95726,-63.27398029512888
1.05,-62,1770629000.95732,-63.25676283441674
1.05,-62,1770629000.95739,-63.24000448457046
1.05,-62,1770629000.95747,-63.22368712282227
1.05,-62,1770629000.95754,-63.20779356784535
1.05,-61,1770629000.9576,-63.17948575180148
1.05,-62,1770629000.95766,-63.16455405215509
1.05,-61,1770629000.95772,-63.1374943361461
1.05,-62,1770629000.95779,-63.12344971033956
1.05,-61,1770629000.95785,-63.097551172049734
1.05,-62,1770629000.95792,-63.08432619271095
1.05,-62,1770629000.95798,-63.07141607551598
1.05,-63,1770629000.95804,-63.070575788220935
1.05,-64,1770629000.95811,-63.08138433997579
1.05,-63,1770629000.95818,-63.080448773142415
1.05,-62,1770629000.95824,-63.06816940569525
1.05,-62,1770629000.95831,-63.05616596110753
1.05,-61,1770629000.95837,-63.03331667104513
1.05,-61,1770629000.95844,-63.01096952899139
1.05,-60,1770629000.9585,-62.97823710156816
1.05,-61,1770629000.95857,-62.95696274622785
1.05,-62,1770629000.95863,-62.94678082949604
1.05,-61,1770629000.95869,-62.926285392536776
1.05,-61,1770629000.95876,-62.9062169115355
1.05,-61,1770629000.95882,-62.8865621816858
1.05,-61,1770629000.95889,-62.867308537152255
1.05,-62,1770629000.95895,-62.85854644638222
1.05,-65,1770629000.95901,-62.87996447108801
1.05,-65,1770629000.95908,-62.90095841198605
1.05,-65,1770629000.95914,-62.92154074211418
1.05,-65,1770629000.9592,-62.941723450120975
1.05,-64,1770629000.95927,-62.95190098200365
1.05,-65,1770629000.95933,-62.97141019700016
1.05,-64,1770629000.95939,-62.981115654556646
1.05,-64,1770629000.95946,-62.99063971871856
1.05,-64,1770629000.95952,-62.99998742818543
1.05,-63,1770629000.95958,-62.99998754354557
1.05,-63,1770629000.95965,-62.999987656808464
1.05,-63,1770629000.95971,-62.99998776803079
1.05,-63,1770629000.95977,-62.99998787726721
1.05,-63,1770629000.95984,-62.99998798457044
1.05,-62,1770629000.9599,-62.99121429467696
1.05,-62,1770629000.95996,-62.982593174159895
1.05,-62,1770629000.96003,-62.97412067726384
1.05,-62,1770629000.96011,-62.965792993130876
1.05,-62,1770629000.9602,-62.95760644008456
1.05,-62,1770629000.96029,-62.94955746020217
1.05,-64,1770629000.96037,-62.95831321362302
1.05,-62,1770629000.96043,-62.95039136917829
1.05,-61,1770629000.9605,-62.93440065388386
1.05,-62,1770629000.96056,-62.926802016098
1.05,-62,1770629000.96062,-62.91932592154809
1.05,-61,1770629000.96069,-62.903967378810016
1.05,-62,1770629000.96075,-62.8967911658723
1.05,-63,1770629000.96082,-62.897604048941
1.05,-65,1770629000.96088,-62.914033433908706
1.05,-66,1770629000.96094,-62.93796218996543
1.05,-66,1770629000.96101,-62.96152286228225
1.05,-65,1770629000.96107,-62.977088141385615
1.05,-65,1770629000.96113,-62.99241761659193
1.05,-66,1770629000.9612,-63.01503758839221
1.05,-66,1770629000.96126,-63.03731999833907
1.05,-67,1770629000.96133,-63.06668197335775
1.05,-66,1770629000.96139,-63.08825704397037
1.05,-66,1770629000.96146,-63.109517198483495
1.05,-66,1770629000.96152,-63.130469282892705
1.05,-66,1770629000.96158,-63.15111994618668
1.05,-66,1770629000.96165,-63.17147564738317
1.05,-67,1770629000.96171,-63.198637179540505
1.05,-68,1770629000.96178,-63.23246080708079
1.05,-68,1770629000.96184,-63.2658114561627
1.05,-67,1770629000.9619,-63.291752167112264
1.05,-66,1770629000.96197,-63.31043619939392
1.05,-65,1770629000.96203,-63.322012613244205
1.05,-64,1770629000.96209,-63.32662641250251
1.05,-64,1770629000.96217,-63.33117787431487
1.05,-65,1770629000.96223,-63.34238211583715
1.05,-65,1770629000.96229,-63.353436995022
1.05,-66,1770629000.96236,-63.370970482002846
1.05,-66,1770629000.96244,-63.3882733088975
1.05,-66,1770629000.9625,-63.40534999844865
1.05,-66,1770629000.96256,-63.42220495592522
1.05,-66,1770629000.96263,-63.43884247291187
1.05,-66,1770629000.96269,-63.45526673095273
1.05,-66,1770629000.96275,-63.471481805055824
1.05,-66,1770629000.96282,-63.48749166706451
1.05,-66,1770629000.9629,-63.50330018890164
1.05,-66,1770629000.96297,-63.51891114569205
1.05,-66,1770629000.96304,-63.534328218768735
1.05,-65,1770629000.96311,-63.543379488950016
1.05,-64,1770629000.96317,-63.546182068640675
1.05,-62,1770629000.96323,-63.536749949018166
1.05,-62,1770629000.9633,-63.52743213259376
1.05,-61,1770629000.96336,-63.512199720280286
1.05,-62,1770629000.96343,-63.503140467993134
1.05,-61,1770629000.96349,-63.488233887618605
1.05,-61,1770629000.96355,-63.47350367515621
1.05,-60,1770629000.96362,-63.453061561454476
1.05,-60,1770629000.96368,-63.43285847945882
1.05,-59,1770629000.96374,-63.40707346926695
1.05,-60,1770629000.96381,-63.38736967928689
1.05,-59,1770629000.96387,-63.36214231628883
1.05,-59,1770629000.96393,-63.3372031935787
1.05,-62,1770629000.964,-63.32960156479832
1.05,-60,1770629000.96406,-63.31078053142553
1.05,-61,1770629000.96412,-63.29779183039972
1.05,-62,1770629000.9642,-63.290537762762156
1.05,-63,1770629000.96426,-63.28892280091783
1.05,-64,1770629000.96433,-63.29285352865303
1.05,-68,1770629000.96439,-63.31873111256755
1.05,-70,1770629000.96446,-63.355260962861834
1.05,-77,1770629000.96452,-63.42945860217988
1.05,-77,1770629000.96458,-63.502854330142206
1.05,-76,1770629000.96465,-63.57008166558582
1.05,-77,1770629000.96471,-63.6419408798377
1.05,-76,1770629000.96477,-63.70771360265678
1.05,-74,1770629000.96484,-63.76220226886768
1.05,-75,1770629000.96491,-63.82138383591944
1.05,-78,1770629000.96497,-63.8956621563582
1.05,-78,1770629000.96503,-63.969166978410605
1.05,-78,1770629000.9651,-64.04191032535682
1.05,-77,1770629000.96516,-64.1087461287079
1.05,-74,1770629000.96523,-64.15950237107235
1.05,-74,1770629000.96529,-64.20974085592879
1.05,-75,1770629000.96535,-64.2645488648049
1.05,-76,1770629000.96542,-64.32385721212466
1.05,-76,1770629000.96548,-64.38256968944431
1.05,-75,1770629000.96554,-64.43569192996046
1.05,-71,1770629000.96561,-64.46837198264798
1.05,-71,1770629000.96567,-64.50072857886012
1.05,-71,1770629000.96574,-64.5327664987374
1.05,-67,1770629000.9658,-64.54486909914
1.05,-65,1770629000.96586,-64.54709079199235
1.05,-64,1770629000.96593,-64.54443314861548
1.05,-64,1770629000.96599,-64.54180117391725
1.05,-64,1770629000.96605,-64.53919449767668
1.05,-65,1770629000.96612,-64.54140090079441
1.05,-64,1770629000.96619,-64.53882092167076
1.05,-65,1770629000.96625,-64.54100821328929
1.05,-64,1770629000.96632,-64.53845439146832
1.05,-65,1770629000.96638,-64.5406228977227
1.05,-66,1770629000.96645,-64.5474475808493
1.05,-65,1770629000.96651,-64.549554084714
1.05,-66,1770629000.96657,-64.5562742928514
1.05,-65,1770629000.96664,-64.55832070409554
1.05,-65,1770629000.96672,-64.56034834825358
1.05,-65,1770629000.96678,-64.56235748240864
1.05,-66,1770629000.99087,-64.56889745207859
1.1,-65,1770629013.92772,-65.0
1.1,-65,1770629013.9278,-65.0
1.1,-65,1770629013.92786,-65.0
1.1,-66,1770629013.92794,-65.04166682760412
1.1,-66,1770629013.928,-65.08000034079984
1.1,-66,1770629013.92808,-65.11538515096119
1.1,-65,1770629013.92815,-65.11111159732465
1.1,-66,1770629013.92823,-65.14285786454
1.1,-66,1770629013.92832,-65.17241475713305
1.1,-65,1770629013.92842,-65.16666754027626
1.1,-65,1770629013.92852,-65.16129110743847
1.1,-64,1770629013.92862,-65.12500030976446
1.1,-65,1770629013.92872,-65.12121237010903
1.1,-65,1770629013.92883,-65.11764724766324
1.1,-65,1770629013.92893,-65.11428584387652
1.1,-65,1770629013.92903,-65.11111118225216
1.1,-65,1770629013.92913,-65.10810812158432
1.1,-65,1770629013.92924,-65.1052631144731
1.1,-65,1770629013.92934,-65.10256400299112
1.1,-65,1770629013.92943,-65.09999984499994
1.1,-65,1770629013.92955,-65.09756076588367
1.1,-64,1770629013.92967,-65.07142770246928
1.1,-65,1770629013.92977,-65.0697665484626
1.1,-65,1770629013.92987,-65.06818090010799
1.1,-65,1770629013.92997,-65.06666572370914
1.1,-65,1770629013.93007,-65.06521642328126
1.1,-65,1770629013.93017,-65.0638287939862
1.1,-65,1770629013.93027,-65.0624989813881
1.1,-65,1770629013.93038,-65.06122344569809
1.1,-65,1770629013.93048,-65.05999893030973
1.1,-64,1770629013.93058,-65.03921381322291
1.1,-65,1770629013.93068,-65.03845967021017
1.1,-65,1770629013.93078,-65.03773398472917
1.1,-65,1770629013.93087,-65.03703517580952
1.1,-65,1770629013.93098,-65.03636177746027
1.1,-64,1770629013.93108,-65.01785441645401
1.1,-64,1770629013.93118,-64.99999641846347
1.1,-64,1770629013.93128,-64.98275419581802
1.1,-64,1770629013.93138,-64.9660964379725
1.1,-65,1770629013.93148,-64.96666152923687
1.1,-65,1770629013.93172,-64.9672080935028
1.1,-64,1770629013.93183,-64.95160701864984
1.1,-65,1770629013.93193,-64.95237520931377
1.1,-65,1770629013.93203,-64.95311939484704
1.1,-65,1770629013.93213,-64.95384068317664
1.1,-65,1770629013.93229,-64.95454011508261
1.1,-66,1770629013.93239,-64.97014510660775
1.1,-66,1770629013.93245,-64.9852911455373
1.1,-65,1770629013.93252,-64.98550433350856
1.1,-65,1770629013.93258,-64.98571143064378
1.1,-64,1770629013.93264,-64.971827053326
1.1,-65,1770629013.93271,-64.9722183766868
1.1,-65,1770629013.93277,-64.97259897933438
1.1,-65,1770629013.93284,-64.97296929589155
1.1,-65,1770629013.93295,-64.97332973780122
1.1,-66,1770629013.93305,-64.98683980996053
1.1,-66,1770629013.93312,-64.99999898838163
1.1,-65,1770629013.93318,-64.99999900135236
1.1,-65,1770629013.93324,-64.99999901399474
1.1,-65,1770629013.93331,-64.99999902632108
1.1,-64,1770629013.93337,-64.98765205307885
1.1,-64,1770629013.93343,-64.97560620881461
1.1,-65,1770629013.9335,-64.97590014261255
1.1,-65,1770629013.93356,-64.9761870783938
1.1,-65,1770629013.93362,-64.97646726314687
1.1,-65,1770629013.93369,-64.97674093237238
1.1,-65,1770629013.93375,-64.97700831074339
1.1,-65,1770629013.93381,-64.97726961272052
1.1,-65,1770629013.93388,-64.97752504312577
1.1,-65,1770629013.93394,-64.97777479767791
1.1,-64,1770629013.93401,-64.96702857569909
1.1,-64,1770629013.93407,-64.95651595098951
1.1,-65,1770629013.93413,-64.95698358710328
1.1,-65,1770629013.9342,-64.95744127423472
1.1,-65,1770629013.93426,-64.95788932656181
1.1,-64,1770629013.93432,-64.94790981686616
1.1,-65,1770629013.93438,-64.94844691129184
1.1,-65,1770629013.93445,-64.94897304547084
1.1,-64,1770629013.93451,-64.93938592899896
1.1,-65,1770629013.93459,-64.93999216847028
1.1,-65,1770629013.93465,-64.94058640420425
1.1,-65,1770629013.93471,-64.94116898925152
1.1,-65,1770629013.93478,-64.94174026295207
1.1,-64,1770629013.93484,-64.93268347004431
1.1,-64,1770629013.9349,-64.92379917188251
1.1,-67,1770629013.93497,-64.94338956540697
1.1,-66,1770629013.93503,-64.95326627576985
1.1,-64,1770629013.9351,-64.94443805421635
1.1,-64,1770629013.93517,-64.93577180260452
1.1,-64,1770629013.93523,-64.92726310357739
1.1,-65,1770629013.93529,-64.92791852294837
1.1,-65,1770629013.93538,-64.92856223960517
1.1,-66,1770629013.93545,-64.9380459704181
1.1,-67,1770629013.93551,-64.95613713302136
1.1,-66,1770629013.93557,-64.96521616631198
1.1,-67,1770629013.93564,-64.98276127060176
1.1,-67,1770629013.9357,-65.0000064922168
1.1,-68,1770629013.93576,-65.02543596433425
1.1,-66,1770629013.93583,-65.0336274780802
1.1,-66,1770629013.9359,-65.04168248270354
1.1,-65,1770629013.93596,-65.04133791671055
1.1,-64,1770629013.93602,-65.0328002773349
1.1,-64,1770629013.93608,-65.02440144415773
1.1,-64,1770629013.93615,-65.01613805896805
1.1,-64,1770629013.93621,-65.00800687101751
1.1,-64,1770629013.93627,-65.00000473275604
1.1,-65,1770629013.93634,-65.00000469548038
1.1,-65,1770629013.9364,-65.00000465878708
1.1,-64,1770629013.93646,-64.99225056715218
1.1,-64,1770629013.93653,-64.9846157527184
1.1,-64,1770629013.9366,-64.97709748394949
1.1,-64,1770629013.93667,-64.96969311208298
1.1,-64,1770629013.93676,-64.96240006801834
1.1,-64,1770629013.93683,-64.95521585934453
1.1,-63,1770629013.93691,-64.94072844194163
1.1,-64,1770629013.93698,-64.9338092185987
1.1,-64,1770629013.93707,-64.92699099028219
1.1,-64,1770629013.93714,-64.92027156145018
1.1,-64,1770629013.93722,-64.91364879974171
1.1,-64,1770629013.9373,-64.90712063372041
1.1,-64,1770629013.93736,-64.90068505071399
1.1,-63,1770629013.93742,-64.88729550578046
1.1,-63,1770629013.93752,-64.87409319582973
1.1,-64,1770629013.93759,-64.86802103351928
1.1,-64,1770629013.93765,-64.8620326107411
1.1,-64,1770629013.93771,-64.85612620682146
1.1,-63,1770629013.93778,-64.8434950076522
1.1,-64,1770629013.93784,-64.83779366238484
1.1,-64,1770629013.9379,-64.83216883131703
1.1,-64,1770629013.99763,-64.82661898416619
1.1,-65,1770629014.09789,-64.82776763385944
1.1,-65,1770629014.19886,-64.82890117260314
1.1,-64,1770629014.29988,-64.82348142939595
1.1,-64,1770629014.39865,-64.81813205878068
1.1,-65,1770629014.49751,-64.81930586465339
1.1,-65,1770629014.5988,-64.82046462473511
1.1,-64,1770629014.6979,-64.81523661327675
1.1,-65,1770629014.79824,-64.81640648278041
1.1,-65,1770629014.8979,-64.81756163999445
1.1,-64,1770629014.99736,-64.81244972410504
1.1,-65,1770629015.09775,-64.81361513029515
1.1,-65,1770629015.19848,-64.81476615185059
1.1,-65,1770629015.29793,-64.81590305351901
1.1,-64,1770629015.39687,-64.8109258290658
1.1,-65,1770629015.4996,-64.81207224746424
1.1,-65,1770629015.59771,-64.81320485671411
1.1,-65,1770629015.70018,-64.81432390488371
1.1,-65,1770629015.79902,-64.81542963413497
1.1,-65,1770629015.9001,-64.8165222808982
1.1,-65,1770629016.001,-64.81760207604061
1.1,-65,1770629016.10043,-64.81866924502906
1.1,-65,1770629016.2008,-64.81972400808695
1.1,-65,1770629016.30192,-64.82076658034585
1.1,-65,1770629016.40302,-64.82179717199176
1.1,-65,1770629016.51173,-64.82281598840643
1.1,-64,1770629016.60766,-64.81813850802912
1.1,-65,1770629016.70445,-64.81916650526632
1.1,-64,1770629016.80694,-64.81456203994279
1.1,-65,1770629016.90398,-64.81559855402256
1.1,-65,1770629017.00384,-64.8166235543408
1.1,-65,1770629017.10498,-64.81763723173316
1.1,-65,1770629017.20464,-64.81863977284112
1.1,-65,1770629017.30318,-64.81963136022655
1.1,-65,1770629017.40411,-64.8206121724826
1.1,-64,1770629017.50463,-64.8161739245153
1.1,-65,1770629017.60497,-64.81716280130095
1.1,-64,1770629017.70393,-64.81279042349826
1.1,-64,1770629017.80382,-64.80846454686059
1.1,-65,1770629017.90396,-64.80947855977966
1.1,-65,1770629018.00451,-64.8104819020411
1.1,-65,1770629018.10372,-64.81147474124673
1.1,-64,1770629018.20601,-64.80724573687115
1.1,-65,1770629018.30553,-64.80824507812314
1.1,-64,1770629018.40665,-64.80407627620424
1.1,-64,1770629018.50667,-64.79995021788186
1.1,-64,1770629018.60775,-64.79586624891785
1.1,-64,1770629018.70601,-64.7918237283581
1.1,-64,1770629018.80905,-64.78782202819707
1.1,-65,1770629018.9067,-64.7888889468348
1.1,-64,1770629019.00841,-64.7849418949448
1.1,-64,1770629019.10812,-64.78103410417542
1.1,-64,1770629019.2079,-64.77716499144127
1.1,-64,1770629019.30757,-64.77333398514628
1.1,-64,1770629019.40708,-64.76954052490217
1.1,-64,1770629019.50868,-64.76578406125505
1.1,-64,1770629019.60914,-64.76206405542003
1.1,-64,1770629019.70969,-64.75837997902352
1.1,-64,1770629019.81089,-64.75473131385294
1.1,-64,1770629019.90882,-64.75111755161369
1.1,-64,1770629020.00989,-64.74753819369292
1.1,-64,1770629020.10982,-64.74399275093018
1.1,-65,1770629020.20953,-64.7452012296241
1.1,-65,1770629020.3105,-64.74639836532847
1.1,-65,1770629020.40986,-64.747584317057
1.1,-65,1770629020.50967,-64.74875924086501
1.1,-65,1770629020.60967,-64.74992328991792
1.1,-65,1770629020.71069,-64.7510766145578
1.1,-65,1770629020.81064,-64.7522193623682
1.1,-65,1770629020.91168,-64.75335167823702
1.1,-65,1770629021.00982,-64.75447370441789
1.15,-65,1770629025.97692,-65.0
1.15,-65,1770629025.97704,-65.0
1.15,-65,1770629025.97715,-65.0
1.15,-65,1770629025.97725,-65.0
1.15,-65,1770629025.97735,-65.0
1.15,-65,1770629025.97745,-65.0
1.15,-65,1770629025.97755,-65.0
1.15,-64,1770629025.97765,-64.9642854298472
1.15,-64,1770629025.97775,-64.93103390749175
1.15,-65,1770629025.97785,-64.93333280055637
1.15,-64,1770629025.97796,-64.90322495166643
1.15,-64,1770629025.97806,-64.87499882148677
1.15,-65,1770629025.97816,-64.87878678746827
1.15,-65,1770629025.97828,-64.88235193469157
1.15,-64,1770629025.97838,-64.85714147551455
1.15,-65,1770629025.97849,-64.86110983642446
1.15,-65,1770629025.97859,-64.86486369430743
1.15,-65,1770629025.97869,-64.8684199835579
1.15,-65,1770629025.97879,-64.87179390171487
1.15,-65,1770629025.9789,-64.8749991265681
1.15,-66,1770629025.97899,-64.90243883046135
1.15,-66,1770629025.9791,-64.92857190348681
1.15,-66,1770629025.9792,-64.95348950567572
1.15,-65,1770629025.9793,-64.95454659235153
1.15,-65,1770629025.9794,-64.95555669826693
1.15,-65,1770629025.97951,-64.95652288737632
1.15,-64,1770629025.97961,-64.93617066452926
1.15,-62,1770629025.97971,-64.87499832370881
1.15,-61,1770629025.9798,-64.79591385623677
1.15,-61,1770629025.9799,-64.71999269765404
1.15,-62,1770629025.98,-64.66665739223112
1.15,-62,1770629025.98011,-64.61537339625049
1.15,-62,1770629025.98021,-64.56602459812765
1.15,-62,1770629025.98032,-64.51850348711653
1.15,-61,1770629025.98042,-64.45452770225089
1.15,-61,1770629025.98052,-64.392836705263
1.15,-62,1770629025.98061,-64.3508549911951
1.15,-62,1770629025.9807,-64.31032088085534
1.15,-62,1770629025.9808,-64.27116076742871
1.15,-62,1770629025.98089,-64.23330595121111
1.15,-62,1770629025.98099,-64.19669223738795
1.15,-61,1770629025.98108,-64.145129564151
1.15,-62,1770629025.98127,-64.11107775626219
1.15,-62,1770629025.98143,-64.07809003068526
1.15,-61,1770629025.98156,-64.03073163142045
1.15,-61,1770629025.98163,-63.984808282737
1.15,-60,1770629025.98169,-63.92532929135863
1.15,-60,1770629025.98175,-63.86759961445006
1.15,-60,1770629025.98182,-63.81154319499685
1.15,-60,1770629026.01477,-63.75708832209204
1.15,-61,1770629026.11591,-63.7182529658485
1.15,-61,1770629026.2152,-63.680496322981234
1.15,-61,1770629026.31612,-63.64377406287877
1.15,-61,1770629026.416,-63.6080442511749
1.15,-61,1770629026.51638,-63.57326718999928
1.15,-61,1770629026.61572,-63.539405270839744
1.15,-61,1770629026.71681,-63.506422838869966
1.15,-61,1770629026.81658,-63.47428606771335
1.15,-61,1770629026.91688,-63.44296284371856
1.15,-61,1770629027.01818,-63.412422658914345
1.15,-61,1770629027.1154,-63.38263651189364
1.15,-61,1770629027.21677,-63.35357681595003
1.15,-61,1770629027.31629,-63.325217313854964
1.15,-61,1770629027.41714,-63.29753299872227
1.15,-61,1770629027.51651,-63.27050004045871
1.15,-61,1770629027.62094,-63.24409571734588
1.15,-61,1770629027.71579,-63.21829835234061
1.15,-60,1770629027.81652,-63.181722191577286
1.15,-60,1770629027.91619,-63.14596791344828
1.15,-60,1770629028.01749,-63.111008121903694
1.15,-60,1770629028.11622,-63.07681662511398
1.15,-61,1770629028.21656,-63.054239429032
1.15,-61,1770629028.31621,-63.03214772954226
1.15,-61,1770629028.41618,-63.010526032093225
1.15,-61,1770629028.51625,-62.98935949453471
1.15,-61,1770629028.61682,-62.968633893138644
1.15,-61,1770629028.7167,-62.94833559072171
1.15,-61,1770629028.8166,-62.928451506719625
1.15,-61,1770629028.91637,-62.90896908907507
1.15,-61,1770629029.0155,-62.889876287812434
1.15,-61,1770629029.11574,-62.871161530182256
1.15,-61,1770629029.21673,-62.852813697267855
1.15,-61,1770629029.31655,-62.834822101954614
1.15,-61,1770629029.41531,-62.81717646817031
1.15,-61,1770629029.51539,-62.79986691131167
1.15,-61,1770629029.61702,-62.78288391977889
1.15,-61,1770629029.71668,-62.76621833754558
1.15,-61,1770629029.81667,-62.749861347697056
1.15,-61,1770629029.91561,-62.73380445687477
1.15,-60,1770629030.01616,-62.708946773347826
1.15,-60,1770629030.11533,-62.6845369307843
1.15,-60,1770629030.21661,-62.66056293345766
1.15,-60,1770629030.31731,-62.637013210268435
1.15,-60,1770629030.41697,-62.613876596120164
1.15,-61,1770629030.51611,-62.59983984875933
1.15,-61,1770629030.61617,-62.586045087601555
1.15,-61,1770629030.71609,-62.57248610787916
1.15,-61,1770629030.8163,-62.559156915155356
1.15,-61,1770629030.91678,-62.54605171648682
1.15,-61,1770629031.01588,-62.533164912028155
1.15,-61,1770629031.11583,-62.52049108705262
1.15,-61,1770629031.21582,-62.508025004365315
1.15,-60,1770629031.31602,-62.48762949898243
1.15,-60,1770629031.41586,-62.467562911926606
1.15,-61,1770629031.51643,-62.45581939955563
1.15,-61,1770629031.61678,-62.444262267899155
1.15,-61,1770629031.71635,-62.43288711426763
1.15,-61,1770629031.81662,-62.42168967355542
1.15,-61,1770629031.91634,-62.4106658129081
1.15,-61,1770629032.01613,-62.39981152663589
1.15,-61,1770629032.11623,-62.389122931360006
1.15,-60,1770629032.21581,-62.371018335954545
1.15,-61,1770629032.31657,-62.36070693226098
1.15,-61,1770629032.4167,-62.35054940747465
1.15,-60,1770629032.51745,-62.33313271650957
1.15,-60,1770629032.61615,-62.31597211453934
1.15,-61,1770629032.71631,-62.306363515527494
1.15,-61,1770629032.81726,-62.29689414984503
1.15,-61,1770629032.91585,-62.28756101245894
1.15,-61,1770629033.01669,-62.27836118419422
1.15,-61,1770629033.11641,-62.26929182868928
1.15,-61,1770629033.21614,-62.26035018947998
1.15,-61,1770629033.31685,-62.251533587205984
1.15,-61,1770629033.41588,-62.24283941693358
1.15,-61,1770629033.51631,-62.234265145589234
1.15,-61,1770629033.61669,-62.22580830949864
1.15,-61,1770629033.71671,-62.217466512026185
1.15,-61,1770629033.81649,-62.20923742131014
1.15,-61,1770629033.91556,-62.201118768089046
1.15,-61,1770629034.016,-62.193108343615016
1.15,-61,1770629034.1158,-62.185203997650014
1.15,-61,1770629034.21585,-62.177403636541165
1.15,-61,1770629034.31622,-62.16970522137157
1.15,-61,1770629034.4168,-62.162106766183186
1.15,-61,1770629034.51663,-62.15460633626843
1.15,-61,1770629034.61671,-62.147202046527596
1.15,-61,1770629034.71635,-62.13989205988894
1.15,-61,1770629034.81556,-62.13267458578885
1.15,-61,1770629034.91531,-62.125547878709284
1.15,-61,1770629035.01672,-62.11851023677013
1.15,-61,1770629035.1164,-62.11156000037397
1.15,-61,1770629035.21578,-62.10469555090109
1.15,-61,1770629035.31579,-62.09791530945246
1.15,-61,1770629035.41618,-62.09121773563876
1.15,-61,1770629035.51607,-62.08460132641341
1.15,-61,1770629035.61556,-62.078064614947806
1.15,-61,1770629035.71669,-62.071606169546925
1.15,-61,1770629035.81545,-62.065224592603705
1.15,-61,1770629035.91567,-62.05891851959051
1.15,-61,1770629036.01767,-62.05268661808623
1.15,-61,1770629036.11779,-62.046527586837456
1.15,-61,1770629036.21732,-62.04044015485249
1.15,-61,1770629036.31618,-62.03442308052669
1.15,-61,1770629036.41984,-62.028475150798045
1.15,-60,1770629036.51969,-62.016878007231384
1.15,-60,1770629036.6193,-62.005412615898244
1.15,-61,1770629036.71912,-61.999729382025066
1.15,-61,1770629036.81971,-61.994109988113244
1.15,-60,1770629036.91976,-61.98296381783257
1.15,-61,1770629037.01951,-61.97749998743386
1.15,-61,1770629037.1195,-61.972096514622855
1.15,-60,1770629037.21851,-61.96125489468277
1.15,-60,1770629037.31975,-61.95053172983208
1.15,-60,1770629037.42033,-61.93992508873953
1.15,-60,1770629037.51918,-61.92943308183232
1.15,-61,1770629037.61953,-61.92443327537928
1.15,-61,1770629037.71841,-61.91948692744604
1.15,-61,1770629037.82055,-61.914593184971864
1.15,-60,1770629037.91969,-61.90445708644545
1.15,-60,1770629038.01984,-61.89442765207981
1.15,-60,1770629038.11988,-61.88450320652315
1.15,-60,1770629038.21929,-61.87468210932679
1.15,-60,1770629038.31919,-61.86496275404099
1.15,-61,1770629038.41884,-61.86050141120523
1.15,-61,1770629038.51924,-61.85608581144908
1.15,-61,1770629038.61987,-61.851715254624
1.15,-61,1770629038.71883,-61.847389054797645
1.15,-61,1770629038.82071,-61.8431065398949
1.15,-61,1770629038.92081,-61.83886705134967
1.15,-61,1770629039.02118,-61.834669943767196
1.15,-61,1770629039.12099,-61.830514584596365
1.15,-61,1770629039.22025,-61.826400353811835
1.15,-61,1770629039.321,-61.82232664360551
1.15,-61,1770629039.4217,-61.818292858087084
1.15,-61,1770629039.52084,-61.814298412993374
1.15,-60,1770629039.62139,-61.805484961494074
1.15,-60,1770629039.72136,-61.796756634152565
1.15,-60,1770629039.82172,-61.788112203217736
1.15,-60,1770629039.9217,-61.77955046443608
1.15,-60,1770629040.02081,-61.77107023649225
1.15,-60,1770629040.12192,-61.76267036046549
1.15,-60,1770629040.22118,-61.75434969930147
1.15,-60,1770629040.32179,-61.74610713729897
1.15,-60,1770629040.42224,-61.73794157961099
1.15,-60,1770629040.5218,-61.72985195175978
1.15,-60,1770629040.62074,-61.72183719916529
1.15,-60,1770629040.72069,-61.71389628668676
1.15,-60,1770629040.82223,-61.7060281981768
1.15,-60,1770629040.92266,-61.698231936047804
1.15,-61,1770629041.02266,-61.69505561395906
1.2,-61,1770629048.04598,-61.0
1.2,-61,1770629048.04609,-61.0
1.2,-61,1770629048.04617,-61.0
1.2,-61,1770629048.04626,-61.0
1.2,-60,1770629048.04635,-60.959999805600084
1.2,-60,1770629048.04643,-60.923076519231024
1.2,-60,1770629048.04652,-60.888888263786534
1.2,-60,1770629048.0466,-60.85714200153153
1.2,-60,1770629048.04669,-60.82758511355674
1.2,-59,1770629048.04677,-60.76666499194702
1.2,-60,1770629048.04686,-60.741933584550864
1.2,-60,1770629048.04694,-60.718747872172614
1.2,-60,1770629048.04703,-60.696967337609266
1.2,-60,1770629048.04711,-60.67646799503343
1.2,-60,1770629048.04719,-60.65714002837655
1.2,-60,1770629048.04728,-60.63888582331362
1.2,-60,1770629048.04736,-60.62161831838441
1.2,-61,1770629048.04745,-60.63157592896144
1.2,-62,1770629048.04754,-60.66666447009822
1.2,-69,1770629048.04763,-60.87500256405836
1.2,-68,1770629048.04772,-61.04878715791918
1.2,-69,1770629048.0478,-61.238106561347486
1.2,-69,1770629048.04789,-61.418620562769014
1.2,-71,1770629048.04807,-61.636385363727825
1.2,-73,1770629048.04815,-61.88891768106744
1.2,-73,1770629048.04824,-62.13047054306322
1.2,-73,1770629048.04832,-62.36174476417161
1.2,-72,1770629048.04841,-62.56254870289467
1.2,-70,1770629048.0485,-62.71433892989478
1.2,-70,1770629048.04858,-62.86005768180341
1.2,-70,1770629048.04867,-63.00006210334892
1.2,-71,1770629048.04875,-63.15391343203193
1.2,-70,1770629048.0489,-63.283090452972225
1.2,-69,1770629048.04898,-63.38896390929959
1.2,-68,1770629048.04906,-63.472804853049276
1.2,-68,1770629048.04915,-63.553651558082834
1.2,-68,1770629048.04923,-63.631661615569904
1.2,-69,1770629048.04932,-63.72422403274606
1.2,-67,1770629048.0494,-63.77974868280697
1.2,-68,1770629048.04949,-63.850090175270005
1.2,-68,1770629048.04958,-63.918125461985724
1.2,-68,1770629048.04967,-63.98396613333224
1.2,-68,1770629048.04975,-64.04771669459817
1.2,-68,1770629048.04984,-64.10947511950418
1.2,-67,1770629048.04992,-64.15394770802848
1.2,-68,1770629048.05001,-64.21222525349899
1.2,-68,1770629048.05009,-64.26876323613327
1.2,-68,1770629048.05016,-64.32363840121091
1.2,-69,1770629048.05024,-64.39141689780533
1.2,-68,1770629048.0503,-64.44297211419496
1.2,-67,1770629048.05037,-64.4789894909595
1.2,-67,1770629048.05043,-64.51400642817997
1.2,-67,1770629048.05049,-64.54806403974047
1.2,-67,1770629048.05056,-64.58120121715669
1.2,-67,1770629048.05062,-64.61345477773358
1.2,-67,1770629048.0507,-64.64485960102633
1.2,-66,1770629048.05077,-64.66246050409283
1.2,-67,1770629048.05083,-64.69243189227385
1.2,-68,1770629048.05089,-64.73430405009272
1.2,-68,1770629048.05096,-64.77512945932111
1.2,-68,1770629048.05102,-64.81494688836592
1.2,-69,1770629048.05109,-64.86598965981884
1.2,-67,1770629048.05115,-64.89170348836402
1.2,-67,1770629048.05121,-64.91680511850994
1.2,-68,1770629048.05128,-64.95308223774876
1.2,-67,1770629048.05134,-64.9768864557698
1.2,-68,1770629048.05141,-65.01163914610741
1.2,-69,1770629048.05147,-65.0569671150535
1.2,-69,1770629048.05153,-65.10127654433472
1.2,-69,1770629048.05161,-65.14460138522627
1.2,-69,1770629048.12788,-65.18697409664158
1.2,-68,1770629048.22603,-65.21755466723013
1.2,-67,1770629048.32684,-65.23672343893801
1.2,-68,1770629048.42688,-65.26612421965032
1.2,-67,1770629048.52732,-65.28437822195656
1.2,-68,1770629048.62672,-65.31267018963199
1.2,-67,1770629048.72671,-65.33006800589804
1.2,-67,1770629048.82707,-65.34711079267801
1.2,-67,1770629048.9268,-65.36380930842756
1.2,-67,1770629049.02684,-65.38017388126468
1.2,-68,1770629049.12676,-65.40611706662635
1.2,-67,1770629049.22694,-65.4217460207679
1.2,-67,1770629049.32679,-65.43707152647725
1.2,-67,1770629049.42695,-65.45210233706399
1.2,-67,1770629049.52613,-65.46684687237868
1.2,-67,1770629049.62752,-65.48131323454203
1.2,-68,1770629049.72656,-65.50485676474274
1.2,-68,1770629049.82838,-65.5279643453301
1.2,-67,1770629049.9274,-65.54147188169843
1.2,-68,1770629050.02742,-65.56382655807374
1.2,-68,1770629050.12731,-65.5857784881596
1.2,-68,1770629050.22743,-65.60733845979085
1.2,-68,1770629050.32731,-65.62851687893247
1.2,-68,1770629050.42872,-65.64932378642828
1.2,-68,1770629050.52731,-65.6697688738757
1.2,-68,1770629050.62855,-65.6898614986795
1.2,-68,1770629050.72797,-65.70961069833353
1.2,-68,1770629050.82738,-65.7290252039762
1.2,-68,1770629050.92715,-65.74811345326262
1.2,-68,1770629051.02758,-65.76688360259297
1.2,-68,1770629051.12865,-65.78534353873468
1.2,-69,1770629051.22754,-65.8116996111896
1.2,-68,1770629051.32795,-65.82949508463251
1.2,-68,1770629051.42785,-65.84700357046496
1.2,-68,1770629051.5286,-65.86423195638248
1.2,-67,1770629051.62793,-65.87324833630936
1.2,-67,1770629051.72854,-65.88212274476268
1.2,-68,1770629051.82767,-65.89867310994157
1.2,-68,1770629051.92742,-65.9149669152926
1.2,-68,1770629052.02867,-65.93101008142122
1.2,-68,1770629052.12841,-65.94680834815125
1.2,-68,1770629052.22702,-65.9623672813726
1.2,-68,1770629052.32794,-65.97769227958011
1.2,-68,1770629052.42773,-65.99278858011972
1.2,-68,1770629052.52794,-66.00766126515688
1.2,-69,1770629052.62811,-66.02967044347125
1.2,-68,1770629052.72699,-66.04405684757565
1.2,-68,1770629052.82742,-66.05823478560306
1.2,-68,1770629052.92752,-66.07220875681703
1.2,-68,1770629053.02792,-66.08598313193083
1.2,-68,1770629053.12704,-66.09956215766596
1.2,-68,1770629053.22712,-66.11294996111806
1.2,-68,1770629053.32761,-66.12615055393967
1.2,-68,1770629053.43019,-66.13916783634858
1.2,-68,1770629053.52771,-66.15200560097048
1.2,-68,1770629053.62806,-66.16466753652361
1.2,-68,1770629053.72754,-66.17715723135298
1.2,-68,1770629053.82852,-66.18947817682138
1.2,-68,1770629053.92794,-66.20163377056383
1.2,-68,1770629054.02701,-66.21362731961183
1.2,-68,1770629054.12761,-66.22546204339343
1.2,-68,1770629054.22673,-66.237141076615
1.2,-68,1770629054.32719,-66.24866747202984
1.2,-68,1770629054.42742,-66.26004420309901
1.2,-69,1770629054.52771,-66.27772833249418
1.2,-69,1770629054.62803,-66.29518578751268
1.2,-68,1770629054.72781,-66.3060488862601
1.2,-68,1770629054.82788,-66.31677450557132
1.2,-68,1770629054.92682,-66.32736523939563
1.2,-68,1770629055.02747,-66.33782361683366
1.2,-68,1770629055.12736,-66.34815210415128
1.2,-68,1770629055.22781,-66.35835310671895
1.2,-68,1770629055.32706,-66.36842897087968
1.2,-68,1770629055.42822,-66.37838198574863
1.2,-68,1770629055.5268,-66.38821438494732
1.2,-68,1770629055.62776,-66.39792834827507
1.2,-68,1770629055.72813,-66.40752600332051
1.2,-68,1770629055.82965,-66.41700942701542
1.2,-68,1770629055.92645,-66.42638064713346
1.2,-68,1770629056.02755,-66.435641643736
1.2,-68,1770629056.12758,-66.44479435056724
1.2,-68,1770629056.22764,-66.45384065640057
1.2,-69,1770629056.32818,-66.4685656071287
1.2,-69,1770629056.42762,-66.48312134758436
1.2,-68,1770629056.52695,-66.49179360541228
1.2,-68,1770629056.62746,-66.5003673398985
1.2,-68,1770629056.72716,-66.50884422092868
1.2,-68,1770629056.82689,-66.51722588086301
1.2,-68,1770629056.92774,-66.52551391558436
1.2,-68,1770629057.02716,-66.53370988551157
1.2,-68,1770629057.12762,-66.54181531657913
1.2,-68,1770629057.22679,-66.54983170118449
1.2,-68,1770629057.32675,-66.55776049910443
1.2,-67,1770629057.42764,-66.56016531805263
1.2,-68,1770629057.52723,-66.5679526060855
1.2,-67,1770629057.62764,-66.57027676840588
1.2,-67,1770629057.72738,-66.57257608050884
1.2,-67,1770629057.82699,-66.57485093894005
1.2,-67,1770629057.92686,-66.57710173185268
1.2,-67,1770629058.02682,-66.57932883922827
1.2,-67,1770629058.12711,-66.58153263309063
1.2,-67,1770629058.22661,-66.58371347771308
1.2,-67,1770629058.32684,-66.58587172981922
1.2,-67,1770629058.42672,-66.58800773877755
1.2,-67,1770629058.52675,-66.59012184679004
1.2,-67,1770629058.62647,-66.59221438907494
1.2,-67,1770629058.72763,-66.59428569404405
1.2,-67,1770629058.82672,-66.59633608347458
1.2,-68,1770629058.92664,-66.60339428645827
1.2,-68,1770629059.0271,-66.61038193059163
1.2,-68,1770629059.12671,-66.61730006899087
1.2,-68,1770629059.22691,-66.62414973391841
1.2,-68,1770629059.32652,-66.63093193729655
1.2,-68,1770629059.42682,-66.63764767120597
1.2,-69,1770629059.52656,-66.64917934544228
1.2,-69,1770629059.62671,-66.66059910068988
1.2,-68,1770629059.72642,-66.66707421941976
1.2,-68,1770629059.82695,-66.67348709951295
1.2,-69,1770629059.9265,-66.68462677838225
1.2,-68,1770629060.02738,-66.69089502700652
1.2,-67,1770629060.12643,-66.6923610577708
1.2,-67,1770629060.22768,-66.6938132631613
1.2,-67,1770629060.32728,-66.69525183790141
1.2,-67,1770629060.42753,-66.69667697307483
1.2,-68,1770629060.52751,-66.70274357415131
1.2,-68,1770629060.62777,-66.70875402452205
1.2,-68,1770629060.72776,-66.71470910046332
1.2,-67,1770629060.82788,-66.71601880284501
1.2,-67,1770629060.92792,-66.71731654918653
1.2,-67,1770629061.02789,-66.71860250252465
1.25,-67,1770629074.83815,-67.0
1.25,-68,1770629074.83823,-67.0454546323347
1.25,-68,1770629074.83829,-67.08695672438559
1.25,-68,1770629074.83836,-67.12500034114571
1.25,-68,1770629074.83842,-67.16000049759974
1.25,-68,1770629074.83849,-67.19230836057645
1.25,-68,1770629074.83858,-67.2222230724272
1.25,-68,1770629074.83864,-67.25000104107022
1.25,-68,1770629074.8387,-67.27586330796495
1.25,-68,1770629074.83877,-67.30000144249757
1.25,-67,1770629074.83884,-67.29032386758314
1.25,-68,1770629074.8389,-67.31250152206671
1.25,-68,1770629074.83897,-67.33333509241957
1.25,-68,1770629074.83903,-67.3529431738695
1.25,-68,1770629074.83909,-67.3714308079518
1.25,-68,1770629074.83916,-67.38889136496007
1.25,-68,1770629074.83928,-67.40540812113586
1.25,-68,1770629074.83936,-67.42105558682901
1.25,-68,1770629074.83942,-67.43590063032642
1.25,-68,1770629074.83948,-67.45000343310691
1.25,-67,1770629074.83955,-67.43902747633479
1.25,-67,1770629074.83961,-67.42857417549136
1.25,-68,1770629074.83967,-67.44186350533245
1.25,-68,1770629074.83975,-67.45454878551213
1.25,-68,1770629074.83982,-67.46667028589728
1.25,-68,1770629074.83988,-67.47826477463663
1.25,-68,1770629074.83996,-67.48936589068299
1.25,-68,1770629074.84003,-67.5000044697503
1.25,-69,1770629074.84009,-67.53061773401791
1.25,-69,1770629074.84016,-67.5600064947378
1.25,-69,1770629074.84023,-67.58824278135593
1.25,-68,1770629074.84029,-67.59616151722634
1.25,-67,1770629074.84036,-67.58491270112826
1.25,-68,1770629074.84042,-67.59259984864173
1.25,-68,1770629074.84048,-67.60000747081205
1.25,-68,1770629074.84055,-67.60715054217813
1.25,-68,1770629074.84061,-67.61404298643633
1.25,-67,1770629074.84068,-67.60345548263078
1.25,-67,1770629074.84074,-67.59322686662182
1.25,-68,1770629074.8408,-67.60000680154634
1.25,-68,1770629074.84087,-67.6065644505292
1.25,-68,1770629074.84094,-67.61291056932033
1.25,-68,1770629074.841,-67.61905523076624
1.25,-68,1770629074.84106,-67.62500787816171
1.25,-68,1770629074.84112,-67.63077737367684
1.25,-67,1770629074.84119,-67.62121948046958
1.25,-66,1770629074.84125,-67.59702044938469
1.25,-67,1770629074.84131,-67.58824009107776
1.25,-67,1770629074.84138,-67.57971422579392
1.25,-67,1770629074.84144,-67.5714319467086
1.25,-66,1770629074.8415,-67.54929732048937
1.25,-67,1770629074.84156,-67.54166755864667
1.25,-67,1770629074.84163,-67.53424682211845
1.25,-67,1770629074.84169,-67.52702663691969
1.25,-69,1770629074.84177,-67.54666805394504
1.25,-69,1770629074.84183,-67.56579261631484
1.25,-69,1770629074.8419,-67.58442046119102
1.25,-70,1770629074.84197,-67.61539246066589
1.25,-70,1770629074.84203,-67.64558039934803
1.25,-70,1770629074.84209,-67.67501367947158
1.25,-70,1770629074.84215,-67.70372025131067
1.25,-70,1770629074.84222,-67.73172670171353
1.25,-69,1770629074.84228,-67.74700880298855
1.25,-68,1770629074.84235,-67.75002094640504
1.25,-67,1770629074.84243,-67.7411961395569
1.25,-67,1770629074.84251,-67.732576548273
1.25,-67,1770629074.84258,-67.7241550961647
1.25,-67,1770629074.84265,-67.7159250284969
1.25,-68,1770629074.84271,-67.71911729197217
1.25,-69,1770629074.84277,-67.73335119190303
1.25,-70,1770629074.84284,-67.7582627679609
1.25,-70,1770629074.8429,-67.78263282569252
1.25,-70,1770629074.84296,-67.80647883340755
1.25,-69,1770629074.84303,-67.8191776904778
1.25,-67,1770629074.84309,-67.81055350204362
1.25,-64,1770629074.84315,-67.77085428568846
1.25,-66,1770629074.84322,-67.75259526050733
1.25,-62,1770629074.84328,-67.6938861305532
1.25,-73,1770629074.84334,-67.74749179609049
1.25,-67,1770629074.84341,-67.74001566020652
1.25,-66,1770629074.84347,-67.72278491787515
1.25,-66,1770629074.84353,-67.70589200440361
1.25,-67,1770629074.8436,-67.69903749804023
1.25,-65,1770629074.84366,-67.67308063431497
1.25,-65,1770629074.84372,-67.64761814234576
1.25,-65,1770629074.8438,-67.62263603049577
1.25,-64,1770629074.84386,-67.5887732882287
1.25,-64,1770629074.84392,-67.55553757382332
1.25,-64,1770629074.84399,-67.52291162965206
1.25,-64,1770629074.84405,-67.49087882563673
1.25,-64,1770629074.84412,-67.4594231309806
1.25,-64,1770629074.84418,-67.42852908741473
1.25,-65,1770629074.84425,-67.40703319004413
1.25,-65,1770629074.84431,-67.38591437351971
1.25,-65,1770629074.84437,-67.3651628009607
1.25,-64,1770629074.84444,-67.33614638589123
1.25,-65,1770629074.8445,-67.31617484679535
1.25,-66,1770629074.84456,-67.30501827879563
1.25,-66,1770629074.84463,-67.29404919438633
1.25,-66,1770629074.84469,-67.28326290648269
1.25,-65,1770629074.84475,-67.26438843693093
1.25,-65,1770629074.84481,-67.24582334718373
1.25,-65,1770629074.84488,-67.2275600914001
1.25,-65,1770629074.84494,-67.209591367153
1.25,-65,1770629074.845,-67.19191010569287
1.25,-65,1770629074.84507,-67.17450946267466
1.25,-65,1770629074.84513,-67.15738280932304
1.25,-65,1770629074.8452,-67.14052372401171
1.25,-65,1770629074.84526,-67.12392598423439
1.25,-65,1770629074.84533,-67.10758355894633
1.25,-67,1770629074.84539,-67.10676207898418
1.25,-67,1770629074.84545,-67.1059530439114
1.25,-66,1770629074.84552,-67.0976351914051
1.25,-65,1770629074.84558,-67.08197657973479
1.25,-65,1770629074.84564,-67.06654991285832
1.25,-66,1770629074.84588,-67.05870525044095
1.25,-66,1770629074.84599,-67.05097509103192
1.25,-65,1770629074.84606,-67.03610830019478
1.25,-65,1770629074.84613,-67.02145538615322
1.25,-64,1770629074.84619,-66.99986660675314
1.25,-63,1770629074.84625,-66.9714894840139
1.25,-64,1770629074.84632,-66.95055656198625
1.25,-65,1770629074.84638,-66.93691171822495
1.25,-65,1770629074.84644,-66.92345635397983
1.25,-65,1770629074.84651,-66.91018654898868
1.25,-64,1770629074.84657,-66.8902467728994
1.25,-65,1770629074.84663,-66.87738337849238
1.25,-65,1770629074.8467,-66.86469378253405
1.25,-66,1770629074.84676,-66.85888834777069
1.25,-66,1770629074.84682,-66.85316030452948
1.25,-65,1770629074.84689,-66.84088311255945
1.25,-66,1770629074.84695,-66.83534888221489
1.25,-66,1770629074.84701,-66.82988698086929
1.25,-66,1770629074.84708,-66.82449599951745
1.25,-66,1770629074.84714,-66.81917456551558
1.25,-66,1770629074.8472,-66.81392134141583
1.25,-66,1770629074.84727,-66.80873502384547
1.25,-66,1770629074.84733,-66.80361434242849
1.25,-67,1770629074.92873,-66.80484998687015
1.25,-67,1770629075.02776,-66.8060701889982
1.25,-67,1770629075.12875,-66.80727523655737
1.25,-66,1770629075.2277,-66.80228990056995
1.25,-66,1770629075.32796,-66.79736572102271
1.25,-66,1770629075.4288,-66.79250157920131
1.25,-65,1770629075.52878,-66.78163305718437
1.25,-66,1770629075.62868,-66.77692228499336
1.25,-65,1770629075.72876,-66.76627713868199
1.25,-66,1770629075.82875,-66.76171384233366
1.25,-65,1770629075.92796,-66.75128458995323
1.25,-65,1770629076.02874,-66.7409780055762
1.25,-66,1770629076.12963,-66.73664271090009
1.25,-65,1770629076.22826,-66.7265410236462
1.25,-65,1770629076.32783,-66.71655609023378
1.25,-65,1770629076.42765,-66.70668589766731
1.25,-65,1770629076.52778,-66.6969284789626
1.25,-65,1770629076.62755,-66.6872819118396
1.25,-65,1770629076.72781,-66.67774431745961
1.25,-65,1770629076.8287,-66.66831385920497
1.25,-64,1770629076.92788,-66.65339919511209
1.25,-64,1770629077.02785,-66.63865020545535
1.25,-65,1770629077.12786,-66.62959199374615
1.25,-65,1770629077.22863,-66.62063329577036
1.25,-65,1770629077.32791,-66.61177248015676
1.25,-65,1770629077.42832,-66.60300795099867
1.25,-65,1770629077.52837,-66.59433814689551
1.25,-65,1770629077.62869,-66.58576154002516
1.25,-65,1770629077.72766,-66.57727663524618
1.25,-65,1770629077.82779,-66.56888196922861
1.25,-66,1770629077.92762,-66.56587023611723
1.25,-65,1770629078.02871,-66.55762390026119
1.25,-66,1770629078.12751,-66.55470264431713
1.25,-65,1770629078.22868,-66.5466003042795
1.25,-66,1770629078.32869,-66.54376643579043
1.25,-66,1770629078.4287,-66.54096177341474
1.25,-66,1770629078.52869,-66.53818586782798
1.25,-66,1770629078.62967,-66.53543827887563
1.25,-66,1770629078.7295,-66.53271857534031
1.25,-66,1770629078.83067,-66.53002633471607
1.25,-65,1770629078.93054,-66.52233272920718
1.25,-65,1770629079.03089,-66.51471603448717
1.25,-65,1770629079.13162,-66.50717510263486
1.25,-65,1770629079.23185,-66.49970880846021
1.25,-65,1770629079.33167,-66.49231604894436
1.25,-66,1770629079.43195,-66.48990107508432
1.25,-67,1770629079.53291,-66.4923910908871
1.25,-66,1770629079.63201,-66.48999916629127
1.25,-66,1770629079.73197,-66.48763034394621
1.25,-66,1770629079.83178,-66.4852842906467
1.25,-66,1770629079.93265,-66.48296067956464
1.25,-66,1770629080.03265,-66.48065919009724
1.25,-66,1770629080.13193,-66.47837950771947
1.25,-65,1770629080.2318,-66.47140083761106
1.25,-66,1770629080.36173,-66.46918602796758
1.25,-66,1770629080.43267,-66.46699190969389
1.25,-66,1770629080.5327,-66.46481819407349
1.25,-67,1770629080.63274,-66.46729779919993
1.25,-66,1770629080.73254,-66.46514267621463
1.25,-67,1770629080.83278,-66.46759807844428
1.25,-67,1770629080.93376,-66.4700310657436
1.25,-67,1770629081.03474,-66.47244194377039
1.3,-67,1770629088.39242,-67.0
1.3,-67,1770629088.39249,-67.0
1.3,-67,1770629088.39256,-67.0
1.3,-67,1770629088.39263,-67.0
1.3,-67,1770629088.39271,-67.0
1.3,-66,1770629088.39277,-66.96153823557705
1.3,-65,1770629088.39284,-66.88888816934212
1.3,-65,1770629088.39291,-66.82142734030737
1.3,-65,1770629088.39297,-66.75861893311755
1.3,-65,1770629088.39305,-66.6999977075035
1.3,-65,1770629088.39312,-66.64515845395937
1.3,-65,1770629088.39319,-66.59374661397204
1.3,-65,1770629088.39325,-66.54545060565704
1.3,-65,1770629088.39332,-66.49999550368904
1.3,-65,1770629088.39338,-66.457137802669
1.3,-66,1770629088.39344,-66.4444393109753
1.3,-66,1770629088.39351,-66.43242721474002
1.3,-66,1770629088.39357,-66.42104732502415
1.3,-66,1770629088.39363,-66.41025101071098
1.3,-65,1770629088.3937,-66.3749939390951
1.3,-66,1770629088.39376,-66.36584752606242
1.3,-65,1770629088.39382,-66.3333265202808
1.3,-65,1770629088.39389,-66.30231809337059
1.3,-65,1770629088.39395,-66.27271911524372
1.3,-65,1770629088.39401,-66.2444356229059
1.3,-64,1770629088.39408,-66.19564201012216
1.3,-65,1770629088.39414,-66.1702019783608
1.3,-65,1770629088.3942,-66.14582192609959
1.3,-65,1770629088.39427,-66.12243695679807
1.3,-66,1770629088.39433,-66.11998812472086
1.3,-66,1770629088.39439,-66.11763532308113
1.3,-65,1770629088.39446,-66.09614144629603
1.3,-65,1770629088.39452,-66.07545863938789
1.3,-65,1770629088.39458,-66.05554184302221
1.3,-66,1770629088.39465,-66.05453194406567
1.3,-66,1770629088.39472,-66.0535581119569
1.3,-68,1770629088.39478,-66.08770794199496
1.3,-69,1770629088.39485,-66.13792250991298
1.3,-68,1770629088.39492,-66.16948486401074
1.3,-69,1770629088.39498,-66.21666277929118
1.3,-70,1770629088.39504,-66.27868832765836
1.3,-70,1770629088.39511,-66.33871311688566
1.3,-69,1770629088.39517,-66.3809584111538
1.3,-68,1770629088.39524,-66.40625757385497
1.3,-66,1770629088.3953,-66.4000070392068
1.3,-64,1770629088.39536,-66.36364078395623
1.3,-63,1770629088.39543,-66.31343361036257
1.3,-62,1770629088.39549,-66.2499960971733
1.3,-61,1770629088.39555,-66.1739034266054
1.3,-62,1770629088.39562,-66.11427157436479
1.3,-61,1770629088.39568,-66.04223378111558
1.3,-61,1770629088.39574,-65.97219695138756
1.3,-62,1770629088.39581,-65.91777865266562
1.3,-62,1770629088.39587,-65.8648310519146
1.3,-62,1770629088.39593,-65.81329532131289
1.3,-62,1770629088.396,-65.76311572923495
1.3,-62,1770629088.39606,-65.71423943919999
1.3,-62,1770629088.39612,-65.66661632428604
1.3,-62,1770629088.3962,-65.6201987956392
1.3,-62,1770629088.39629,-65.57494164384455
1.3,-62,1770629088.39638,-65.53080189204752
1.3,-62,1770629088.39644,-65.48773865982227
1.3,-62,1770629088.39651,-65.44571303688107
1.3,-62,1770629088.39658,-65.4046879658043
1.3,-61,1770629088.39664,-65.35286205252696
1.3,-62,1770629088.39671,-65.31387061830097
1.3,-63,1770629088.39678,-65.28727114464489
1.3,-62,1770629088.39685,-65.24991110381097
1.3,-63,1770629088.39691,-65.22462795760036
1.3,-63,1770629088.39698,-65.1999066216549
1.3,-63,1770629088.39704,-65.17572857478244
1.3,-63,1770629088.3971,-65.15207610105895
1.3,-63,1770629088.39717,-65.12893224653462
1.3,-63,1770629088.43716,-65.10628077870338
1.3,-63,1770629088.53803,-65.0841061485322
1.3,-62,1770629088.63786,-65.05197522655796
1.3,-62,1770629088.7389,-65.02050674664731
1.3,-62,1770629088.83774,-64.98968042998747
1.3,-62,1770629088.93763,-64.95947681711061
1.3,-62,1770629089.03776,-64.92987722692665
1.3,-62,1770629089.1377,-64.90086371818975
1.3,-62,1770629089.23768,-64.87241905323151
1.3,-62,1770629089.33763,-64.84452666380672
1.3,-62,1770629089.43878,-64.81717061890964
1.3,-62,1770629089.53702,-64.79033559442927
1.3,-62,1770629089.63873,-64.76400684452227
1.3,-62,1770629089.73682,-64.73817017459116
1.3,-62,1770629089.83762,-64.71281191576368
1.3,-62,1770629089.93693,-64.68791890077702
1.3,-62,1770629090.03881,-64.66347844117736
1.3,-62,1770629090.13673,-64.63947830575198
1.3,-62,1770629090.23973,-64.6159067001167
1.3,-62,1770629090.33769,-64.5927522473872
1.3,-62,1770629090.43875,-64.57000396986767
1.3,-62,1770629090.53715,-64.54765127169478
1.3,-61,1770629090.63748,-64.51706133358186
1.3,-61,1770629090.73787,-64.48699424174617
1.3,-62,1770629090.8377,-64.46591321254972
1.3,-62,1770629090.93759,-64.44518644525921
1.3,-62,1770629091.03768,-64.42480508333644
1.3,-62,1770629091.13767,-64.40476056302104
1.3,-61,1770629091.23778,-64.37684588001467
1.3,-61,1770629091.33751,-64.34938503803616
1.3,-61,1770629091.43776,-64.32236705707207
1.3,-61,1770629091.53796,-64.29578130846902
1.3,-62,1770629091.63758,-64.27755607610534
1.3,-62,1770629091.73769,-64.25961781735141
1.3,-62,1770629091.83762,-64.24195980627007
1.3,-61,1770629091.93786,-64.21682146996976
1.3,-62,1770629092.03731,-64.19976426575508
1.3,-62,1770629092.13777,-64.18296744025993
1.3,-62,1770629092.23769,-64.16642507579202
1.3,-62,1770629092.33771,-64.15013143263458
1.3,-62,1770629092.43738,-64.13408094240553
1.3,-62,1770629092.53787,-64.11826820171174
1.3,-62,1770629092.63782,-64.10268796608325
1.3,-62,1770629092.73756,-64.08733514417318
1.3,-62,1770629092.83764,-64.0722047922098
1.3,-62,1770629092.93761,-64.05729210868807
1.3,-62,1770629093.03772,-64.04259242928869
1.3,-62,1770629093.13769,-64.02810122201335
1.3,-62,1770629093.23712,-64.01381408252556
1.3,-62,1770629093.3387,-63.999726729686955
1.3,-62,1770629093.43782,-63.985835001279575
1.3,-62,1770629093.53778,-63.972134849905174
1.3,-62,1770629093.63768,-63.958622339053036
1.3,-62,1770629093.73749,-63.94529363932829
1.3,-62,1770629093.83864,-63.93214502483315
1.3,-62,1770629093.93865,-63.91917286969384
1.3,-62,1770629094.03743,-63.90637364472648
1.3,-62,1770629094.13785,-63.893743914235436
1.3,-62,1770629094.23796,-63.88128033293803
1.3,-62,1770629094.33782,-63.86897964300991
1.3,-62,1770629094.43741,-63.85683867124544
1.3,-62,1770629094.53865,-63.84485432632813
1.3,-62,1770629094.63764,-63.83302359620594
1.3,-62,1770629094.73708,-63.82134354556695
1.3,-62,1770629094.8374,-63.809811313410876
1.3,-62,1770629094.93723,-63.79842411071225
1.3,-62,1770629095.03783,-63.787179218171154
1.3,-62,1770629095.13733,-63.776073984047905
1.3,-62,1770629095.23746,-63.7651058220778
1.3,-62,1770629095.33777,-63.75427220946271
1.3,-62,1770629095.43782,-63.743570684936145
1.3,-62,1770629095.53716,-63.73299884689861
1.3,-62,1770629095.63783,-63.72255435162045
1.3,-62,1770629095.73792,-63.71223491150922
1.3,-62,1770629095.83774,-63.7020382934389
1.3,-62,1770629095.9376,-63.691962317138504
1.3,-62,1770629096.04759,-63.682004853637494
1.3,-62,1770629096.13778,-63.672163823765786
1.3,-62,1770629096.23775,-63.66243719670605
1.3,-62,1770629096.33703,-63.65282298859624
1.3,-62,1770629096.43767,-63.64331926118032
1.3,-62,1770629096.53775,-63.63392412050518
1.3,-62,1770629096.63733,-63.62463571566211
1.3,-62,1770629096.73692,-63.6154522375708
1.3,-62,1770629096.83769,-63.60637191780441
1.3,-62,1770629096.93695,-63.59739302745399
1.3,-62,1770629097.03716,-63.58851387603077
1.3,-62,1770629097.13767,-63.579732810404806
1.3,-62,1770629097.23716,-63.571048213778674
1.3,-62,1770629097.33689,-63.56245850469476
1.3,-62,1770629097.43778,-63.553962136074944
1.3,-62,1770629097.53784,-63.54555759429141
1.3,-62,1770629097.63783,-63.53724339826748
1.3,-62,1770629097.73682,-63.52901809860722
1.3,-62,1770629097.83765,-63.5208802767529
1.3,-62,1770629097.93774,-63.51282854416915
1.3,-62,1770629098.03766,-63.50486154155293
1.3,-62,1770629098.13772,-63.49697793806822
1.3,-62,1770629098.23773,-63.48917643060478
1.3,-62,1770629098.33748,-63.48145574305979
1.3,-62,1770629098.43774,-63.47381462564182
1.3,-62,1770629098.53745,-63.46625185419619
1.3,-62,1770629098.6378,-63.458766229550925
1.3,-62,1770629098.73737,-63.45135657688273
1.3,-62,1770629098.83881,-63.44402174510209
1.3,-62,1770629098.93778,-63.436760606256954
1.3,-62,1770629099.0379,-63.429572054954306
1.3,-62,1770629099.1388,-63.42245500779899
1.3,-62,1770629099.2381,-63.415408402849195
1.3,-62,1770629099.33781,-63.40843119908808
1.3,-62,1770629099.43886,-63.401522375910865
1.3,-62,1770629099.53968,-63.39468093262702
1.3,-61,1770629099.63903,-63.383048114064835
1.3,-61,1770629099.74065,-63.37152765033696
1.3,-61,1770629099.84067,-63.3601179209425
1.3,-62,1770629099.94042,-63.35360548043099
1.3,-62,1770629100.04008,-63.347155040699455
1.3,-62,1770629100.14043,-63.340765720221064
1.3,-62,1770629100.24039,-63.33443665410155
1.3,-62,1770629100.34033,-63.3281669936888
1.3,-62,1770629100.44004,-63.321955906193324
1.3,-62,1770629100.54027,-63.31580257431941
1.3,-61,1770629100.64059,-63.305072994442966
1.3,-62,1770629100.74028,-63.29905414990181
1.3,-62,1770629100.83999,-63.29309050256209
1.3,-61,1770629100.94034,-63.28261146437116
1.3,-62,1770629101.04092,-63.2767767453971
1.35,-62,1770629106.70483,-62.0
1.35,-62,1770629106.70495,-62.0
1.35,-62,1770629106.70506,-62.0
1.35,-62,1770629106.70516,-62.0
1.35,-61,1770629106.70525,-61.959999805600084
1.35,-61,1770629106.70534,-61.923076519231024
1.35,-61,1770629106.70543,-61.888888263786534
1.35,-62,1770629106.7055,-61.89285657168433
1.35,-62,1770629106.70557,-61.896551206064984
1.35,-61,1770629106.70563,-61.866665862779094
1.35,-61,1770629106.70571,-61.83870858449736
1.35,-61,1770629106.70585,-61.81249861582328
1.35,-62,1770629106.70592,-61.81818055317134
1.35,-63,1770629106.70598,-61.85294046284864
1.35,-61,1770629106.70605,-61.828570344901784
1.35,-62,1770629106.70611,-61.833332362041055
1.35,-61,1770629106.70617,-61.810809447704685
1.35,-62,1770629106.70624,-61.81578824540062
1.35,-62,1770629106.7063,-61.82051172393767
1.35,-62,1770629106.70636,-61.82499903219363
1.35,-60,1770629106.70643,-61.78048579293178
1.35,-62,1770629106.70649,-61.78571245451808
1.35,-62,1770629106.70655,-61.79069601975193
1.35,-62,1770629106.70662,-61.7954530633381
1.35,-63,1770629106.70668,-61.82222157309455
1.35,-66,1770629106.70674,-61.913045698669045
1.35,-70,1770629106.7068,-62.08511423802848
1.35,-72,1770629106.70687,-62.29168151232021
1.35,-75,1770629106.70693,-62.55104436001851
1.35,-76,1770629106.707,-62.82003368184876
1.35,-77,1770629106.70707,-63.09808326452508
1.35,-77,1770629106.70713,-63.36543888510918
1.35,-77,1770629106.7072,-63.62270586079873
1.35,-77,1770629106.70726,-63.87044467058301
1.35,-76,1770629106.70732,-64.09099236226848
1.35,-76,1770629106.70739,-64.30366356297397
1.35,-76,1770629106.70745,-64.50887282395736
1.35,-75,1770629106.70752,-64.68976382239617
1.35,-75,1770629106.70758,-64.86452310432799
1.35,-75,1770629106.70764,-65.0334572549464
1.35,-75,1770629106.70771,-65.19685275553859
1.35,-75,1770629106.70777,-65.35497760476485
1.35,-74,1770629106.70783,-65.49220877565386
1.35,-74,1770629106.7079,-65.62515162029426
1.35,-74,1770629106.70796,-65.75400406105932
1.35,-74,1770629106.70802,-65.87895202504939
1.35,-73,1770629106.70809,-65.98524390186111
1.35,-72,1770629106.70815,-66.07370270377457
1.35,-72,1770629106.70821,-66.15959758436159
1.35,-72,1770629106.70828,-66.24303842577041
1.35,-71,1770629106.70834,-66.31004327864065
1.35,-71,1770629106.7084,-66.37518696586037
1.35,-72,1770629106.70847,-66.45224577228234
1.35,-71,1770629106.70853,-66.51370730355059
1.35,-71,1770629106.70859,-66.57352993711439
1.35,-71,1770629106.70866,-66.63177836619865
1.35,-71,1770629106.7462,-66.68851392334668
1.35,-71,1770629106.84574,-66.74379479584815
1.35,-69,1770629106.94811,-66.77235722519293
1.35,-70,1770629107.04589,-66.81270692067768
1.35,-70,1770629107.14572,-66.85206038136086
1.35,-70,1770629107.24594,-66.89045405480196
1.35,-70,1770629107.34767,-66.92792263205422
1.35,-71,1770629107.44575,-66.97640527168846
1.35,-70,1770629107.54537,-67.01198113072589
1.35,-70,1770629107.6451,-67.04672969460418
1.35,-70,1770629107.74516,-67.08067949070184
1.35,-70,1770629107.84505,-67.11385774970014
1.35,-70,1770629107.94627,-67.14629047843123
1.35,-70,1770629108.0463,-67.17800252786961
1.35,-70,1770629108.14689,-67.20901765664075
1.35,-70,1770629108.24758,-67.2393585903878
1.35,-70,1770629108.3468,-67.26904707730816
1.35,-70,1770629108.44777,-67.29810394014524
1.35,-70,1770629108.54612,-67.3265491248965
1.35,-69,1770629108.64695,-67.34398351817161
1.35,-69,1770629108.74622,-67.36105846718714
1.35,-69,1770629108.84661,-67.37778497532473
1.35,-69,1770629108.94688,-67.39417360138552
1.35,-68,1770629109.04853,-67.40023285247271
1.35,-68,1770629109.14669,-67.4061721284311
1.35,-68,1770629109.24947,-67.41199495793657
1.35,-68,1770629109.34859,-67.41770473262928
1.35,-68,1770629109.44911,-67.42330471370178
1.35,-68,1770629109.54775,-67.42879803811091
1.35,-68,1770629109.64967,-67.43418772443789
1.35,-68,1770629109.74842,-67.43947667841991
1.35,-68,1770629109.84945,-67.4446676981744
1.35,-69,1770629109.94916,-67.45893957234068
1.35,-69,1770629110.048,-67.4729519836199
1.35,-68,1770629110.14965,-67.47770112052795
1.35,-69,1770629110.24749,-67.49129586338594
1.35,-69,1770629110.34763,-67.50465001650328
1.35,-69,1770629110.44907,-67.51776991118187
1.35,-69,1770629110.54716,-67.53066165850467
1.35,-69,1770629110.64862,-67.54333115882785
1.35,-69,1770629110.7498,-67.55578411078622
1.35,-69,1770629110.84802,-67.56802601984072
1.35,-69,1770629110.94764,-67.58006220639497
1.35,-69,1770629111.04871,-67.591897813506
1.35,-69,1770629111.14947,-67.60353781421257
1.35,-68,1770629111.25003,-67.60678829718645
1.35,-69,1770629111.34882,-67.61811803143343
1.35,-69,1770629111.45021,-67.62926505104967
1.35,-69,1770629111.54939,-67.6402337411818
1.35,-69,1770629111.6494,-67.65102834776555
1.35,-69,1770629111.74895,-67.66165298300653
1.35,-69,1770629111.85061,-67.67211163060405
1.35,-69,1770629111.95247,-67.68240815073197
1.35,-69,1770629112.05226,-67.69254628478969
1.35,-69,1770629112.15063,-67.7025296599355
1.35,-69,1770629112.25062,-67.7123617934139
1.35,-69,1770629112.35241,-67.72204609668773
1.35,-69,1770629112.45307,-67.73158587938518
1.35,-69,1770629112.55187,-67.74098435307148
1.35,-69,1770629112.65277,-67.75024463485414
1.35,-69,1770629112.75174,-67.75936975083033
1.35,-69,1770629112.85243,-67.7683626393843
1.35,-69,1770629112.95202,-67.7772261543426
1.35,-69,1770629113.05329,-67.7859630679939
1.35,-69,1770629113.15279,-67.7945760739805
1.35,-69,1770629113.2536,-67.80306779006746
1.35,-69,1770629113.35173,-67.81144076079575
1.35,-69,1770629113.45361,-67.81969746002468
1.35,-69,1770629113.55258,-67.82784029336926
1.35,-69,1770629113.6522,-67.83587160053726
1.35,-69,1770629113.75176,-67.84379365757097
1.35,-69,1770629113.85201,-67.85160867899812
1.35,-69,1770629113.95224,-67.85931881989603
1.35,-69,1770629114.05321,-67.86692617787338
1.35,-69,1770629114.1529,-67.87443279497307
1.35,-69,1770629114.25346,-67.8818406595001
1.35,-69,1770629114.35152,-67.88915170777766
1.35,-69,1770629114.45347,-67.89636782583486
1.35,-69,1770629114.55258,-67.90349085102916
1.35,-69,1770629114.65353,-67.91052257360631
1.35,-69,1770629114.75303,-67.91746473820074
1.35,-69,1770629114.85349,-67.92431904527893
1.35,-69,1770629114.95449,-67.9310871525284
1.35,-69,1770629115.05367,-67.93777067619449
1.35,-69,1770629115.1539,-67.94437119236741
1.35,-69,1770629115.25358,-67.95089023822159
1.35,-69,1770629115.3536,-67.95732931320941
1.35,-69,1770629115.45293,-67.96368988021129
1.35,-68,1770629115.55313,-67.96391004031655
1.35,-69,1770629115.65326,-67.97015438185839
1.35,-68,1770629115.75324,-67.97033318032052
1.35,-69,1770629115.85333,-67.97646500208714
1.35,-69,1770629115.95386,-67.98252427491393
1.35,-70,1770629116.05363,-67.99439743585447
1.35,-71,1770629116.15377,-68.01198253648737
1.35,-70,1770629116.25382,-68.0235464180766
1.35,-70,1770629116.35465,-68.03497664599357
1.35,-70,1770629116.45402,-68.04627552460988
1.35,-70,1770629116.5529,-68.05744530562588
1.35,-70,1770629116.65444,-68.06848818956688
1.35,-70,1770629116.75386,-68.07940632722888
1.35,-70,1770629116.85444,-68.09020182107541
1.35,-70,1770629116.95368,-68.1008767265876
1.35,-70,1770629117.05459,-68.11143305356924
1.35,-69,1770629117.15352,-68.11634491791453
1.35,-70,1770629117.25399,-68.12670033021142
1.35,-70,1770629117.35446,-68.13694259970343
1.35,-70,1770629117.45354,-68.14707357110858
1.35,-70,1770629117.5536,-68.15709504925911
1.35,-70,1770629117.65567,-68.16700880017369
1.35,-70,1770629117.75374,-68.1768165520952
1.35,-70,1770629117.85382,-68.18651999649545
1.35,-70,1770629117.95382,-68.19612078904788
1.35,-70,1770629118.05447,-68.2056205505697
1.35,-70,1770629118.1538,-68.21502086793433
1.35,-70,1770629118.25361,-68.22432329495531
1.35,-70,1770629118.35397,-68.23352935324284
1.35,-70,1770629118.45423,-68.24264053303374
1.35,-70,1770629118.55307,-68.25165829399583
1.35,-70,1770629118.6536,-68.26058406600788
1.35,-70,1770629118.75448,-68.26941924991557
1.35,-70,1770629118.85322,-68.27816521826468
1.35,-70,1770629118.95449,-68.28682331601215
1.35,-70,1770629119.05818,-68.29539486121578
1.35,-70,1770629119.15382,-68.30388114570343
1.35,-70,1770629119.25367,-68.31228343572216
1.35,-69,1770629119.35388,-68.31567350927916
1.35,-69,1770629119.45381,-68.3190303581781
1.35,-70,1770629119.5537,-68.32723590570559
1.35,-70,1770629119.65351,-68.33536181548385
1.35,-70,1770629119.7542,-68.34340924168208
1.35,-70,1770629119.85307,-68.3513793162739
1.35,-70,1770629119.95367,-68.35927314956842
1.35,-70,1770629120.05444,-68.36709183072598
1.35,-70,1770629120.15353,-68.37483642825936
1.35,-70,1770629120.25339,-68.38250799052072
1.35,-70,1770629120.35365,-68.39010754617487
1.35,-70,1770629120.45349,-68.39763610465926
1.35,-70,1770629120.55406,-68.40509465663108
1.35,-70,1770629120.65287,-68.41248417440208
1.35,-70,1770629120.75408,-68.41980561236117
1.35,-70,1770629120.85261,-68.4270599073856
1.35,-70,1770629120.95446,-68.43424797924065
1.35,-69,1770629121.05391,-68.43682163785968
1.4,-69,1770629127.43282,-69.0
1.4,-69,1770629127.43291,-69.0
1.4,-69,1770629127.43297,-69.0
1.4,-69,1770629127.43306,-69.0
1.4,-69,1770629127.43313,-69.0
1.4,-69,1770629127.43319,-69.0
1.4,-69,1770629127.43326,-69.0
1.4,-68,1770629127.43332,-68.9642854298472
1.4,-69,1770629127.43338,-68.9655169778838
1.4,-70,1770629127.43348,-69.00000009499995
1.4,-70,1770629127.43354,-69.0322585198745
1.4,-70,1770629127.43361,-69.06250081660014
1.4,-70,1770629127.4337,-69.09091026886804
1.4,-70,1770629127.43379,-69.11764859766058
1.4,-71,1770629127.43386,-69.1714309279527
1.4,-71,1770629127.43392,-69.22222539088527
1.4,-71,1770629127.43399,-69.27027424516521
1.4,-71,1770629127.43405,-69.31579424866582
1.4,-70,1770629127.43414,-69.33333835809785
1.4,-71,1770629127.43423,-69.37500584028484
1.4,-71,1770629127.43429,-69.41464079490922
1.4,-71,1770629127.43436,-69.45238840208418
1.4,-70,1770629127.43442,-69.46512389781675
1.4,-70,1770629127.43449,-69.47728051771607
1.4,-71,1770629127.43455,-69.51111973981463
1.4,-70,1770629127.43461,-69.52174790569725
1.4,-70,1770629127.43467,-69.53192381819112
1.4,-70,1770629127.43474,-69.54167574306028
1.4,-70,1770629127.4348,-69.5510296386653
1.4,-70,1770629127.43486,-69.560009386703
1.4,-69,1770629127.43493,-69.54902837498732
1.4,-70,1770629127.43499,-69.55770126527757
1.4,-70,1770629127.43506,-69.56604688468362
1.4,-70,1770629127.43513,-69.57408341487962
1.4,-70,1770629127.43519,-69.58182771523919
1.4,-70,1770629127.43525,-69.58929544089754
1.4,-70,1770629127.43532,-69.59650114838635
1.4,-70,1770629127.43538,-69.60345839034068
1.4,-70,1770629127.43544,-69.61017980057478
1.4,-70,1770629127.43551,-69.61667717065038
1.4,-70,1770629127.43557,-69.62296151891358
1.4,-70,1770629127.43564,-69.62904315285088
1.4,-70,1770629127.4357,-69.63493172550648
1.4,-70,1770629127.43577,-69.64063628661044
1.4,-70,1770629127.43584,-69.64616532898748
1.4,-70,1770629127.4359,-69.65152683074658
1.4,-70,1770629127.43596,-69.6567282936926
1.4,-70,1770629127.43604,-69.66177677834855
1.4,-70,1770629127.43623,-69.66667893593251
1.4,-70,1770629127.43633,-69.67144103759362
1.4,-70,1770629127.4364,-69.67606900117745
1.4,-70,1770629127.43648,-69.68056841576096
1.4,-70,1770629127.43655,-69.68494456417079
1.4,-70,1770629127.43662,-69.6892024436759
1.4,-70,1770629127.4367,-69.69334678502464
1.4,-70,1770629127.43677,-69.69738206997907
1.4,-70,1770629127.43684,-69.70131254748274
1.4,-71,1770629127.43695,-69.71796401618877
1.4,-71,1770629127.43706,-69.73419395047742
1.4,-71,1770629127.43713,-69.75001815786482
1.4,-71,1770629127.43722,-69.76545166525021
1.4,-71,1770629127.43731,-69.78050876651447
1.4,-70,1770629127.43738,-69.78315353342995
1.4,-70,1770629127.45287,-69.7857353333676
1.4,-70,1770629127.55344,-69.78825638868808
1.4,-70,1770629127.65285,-69.79071881838662
1.4,-71,1770629127.75259,-69.8046203056516
1.4,-70,1770629127.85458,-69.806840808019
1.4,-70,1770629127.95371,-69.80901141470854
1.4,-71,1770629128.05385,-69.82224635982536
1.4,-71,1770629128.15453,-69.83519044683162
1.4,-70,1770629128.25445,-69.83698210120932
1.4,-70,1770629128.35441,-69.83873522812365
1.4,-70,1770629128.45387,-69.8404510571729
1.4,-70,1770629128.55454,-69.8421307661828
1.4,-70,1770629128.65374,-69.84377548390314
1.4,-69,1770629128.75502,-69.83507543560877
1.4,-70,1770629128.85468,-69.83675860246564
1.4,-70,1770629128.95611,-69.8384077686866
1.4,-70,1770629129.05727,-69.84002395428945
1.4,-69,1770629129.15612,-69.83170550254239
1.4,-69,1770629129.25637,-69.82355014377272
1.4,-69,1770629129.35577,-69.81555312770534
1.4,-70,1770629129.45541,-69.81732696831784
1.4,-69,1770629129.55633,-69.80954150120553
1.4,-69,1770629129.65532,-69.80190291616682
1.4,-69,1770629129.75612,-69.79440709501759
1.4,-69,1770629129.8557,-69.78705007209886
1.4,-69,1770629129.95455,-69.77982802728029
1.4,-70,1770629130.05508,-69.78182998656659
1.4,-69,1770629130.15475,-69.77478505417025
1.4,-69,1770629130.25661,-69.76786591120582
1.4,-68,1770629130.35527,-69.75221781195546
1.4,-69,1770629130.45525,-69.74561800684151
1.4,-69,1770629130.55525,-69.73913296850904
1.4,-68,1770629130.65559,-69.72413714005734
1.4,-70,1770629130.75482,-69.72649547082193
1.4,-69,1770629130.85589,-69.72033732538901
1.4,-69,1770629130.95461,-69.71428266619094
1.4,-69,1770629131.05641,-69.7083289060746
1.4,-70,1770629131.15556,-69.71073998942632
1.4,-69,1770629131.25601,-69.70491283032436
1.4,-70,1770629131.35479,-69.7073125081374
1.4,-70,1770629131.45631,-69.70967348634498
1.4,-70,1770629131.55634,-69.71199669373665
1.4,-70,1770629131.6575,-69.71428302961664
1.4,-69,1770629131.7558,-69.70865726525315
1.4,-69,1770629131.85429,-69.70311939165938
1.4,-70,1770629131.95518,-69.70542142037642
1.4,-70,1770629132.05553,-69.7076880381704
1.4,-70,1770629132.15713,-69.70992005597769
1.4,-69,1770629132.25515,-69.70454033473564
1.4,-69,1770629132.35519,-69.69924149983363
1.4,-69,1770629132.45517,-69.69402174038522
1.4,-70,1770629132.55623,-69.69628892471788
1.4,-69,1770629132.65517,-69.69116759706738
1.4,-68,1770629132.75553,-69.67881950008073
1.4,-68,1770629132.85556,-69.6666503330976
1.4,-70,1770629132.95517,-69.66904929390654
1.4,-71,1770629133.05538,-69.67855914843489
1.4,-70,1770629133.15501,-69.6808396161092
1.4,-70,1770629133.25603,-69.68308796982751
1.4,-69,1770629133.35555,-69.67830952412378
1.4,-69,1770629133.45694,-69.67359743444403
1.4,-69,1770629133.55647,-69.6689503279063
1.4,-69,1770629133.65682,-69.66436686924179
1.4,-69,1770629133.75707,-69.65984575951552
1.4,-69,1770629133.85653,-69.65538573489881
1.4,-69,1770629133.95864,-69.65098556549128
1.4,-69,1770629134.05832,-69.64664405418982
1.4,-70,1770629134.15831,-69.64898503827514
1.4,-69,1770629134.25841,-69.64471377555343
1.4,-69,1770629134.35764,-69.64049833561785
1.4,-69,1770629134.45851,-69.63633763101252
1.4,-69,1770629134.55823,-69.63223060234492
1.4,-70,1770629134.6563,-69.63458904356641
1.4,-69,1770629134.758,-69.63054543377375
1.4,-70,1770629134.85737,-69.63288471558536
1.4,-70,1770629134.95847,-69.63519457856744
1.4,-70,1770629135.05643,-69.63747557432254
1.4,-69,1770629135.15759,-69.63351440723379
1.4,-69,1770629135.2568,-69.62960213291902
1.4,-69,1770629135.35793,-69.625737851512
1.4,-70,1770629135.45757,-69.62802094961947
1.4,-70,1770629135.55809,-69.63027637998886
1.4,-69,1770629135.65789,-69.62647780927053
1.4,-69,1770629135.75854,-69.6227247200123
1.4,-69,1770629135.85789,-69.61901630004596
1.4,-69,1770629135.9575,-69.6153517564262
1.4,-69,1770629136.05821,-69.61173031486521
1.4,-68,1770629136.15807,-69.60230044542136
1.4,-68,1770629136.25781,-69.59298019901442
1.4,-69,1770629136.35695,-69.58955087545885
1.4,-69,1770629136.45751,-69.58616095962586
1.4,-69,1770629136.55714,-69.58280977595507
1.4,-69,1770629136.65753,-69.57949666423977
1.4,-69,1770629136.75827,-69.57622097919312
1.4,-68,1770629136.85726,-69.56736117499669
1.4,-68,1770629136.9582,-69.55860033700282
1.4,-68,1770629137.05758,-69.54993681577623
1.4,-69,1770629137.15783,-69.54689684782737
1.4,-69,1770629137.25854,-69.54389027704008
1.4,-70,1770629137.35862,-69.5463840578141
1.4,-70,1770629137.45791,-69.548850739806
1.4,-70,1770629137.55811,-69.55129076245512
1.4,-69,1770629137.65766,-69.54832514054485
1.4,-69,1770629137.75819,-69.54539122741352
1.4,-69,1770629137.8576,-69.54248851707042
1.4,-69,1770629137.95851,-69.53961651423367
1.4,-69,1770629138.05768,-69.53677473404832
1.4,-69,1770629138.15856,-69.53396270181346
1.4,-69,1770629138.2573,-69.53117995271779
1.4,-70,1770629138.35796,-69.53361056673069
1.4,-69,1770629138.45761,-69.53085828674193
1.4,-69,1770629138.55784,-69.52813422645457
1.4,-69,1770629138.65893,-69.52543795393478
1.4,-69,1770629138.75731,-69.522769046019
1.4,-69,1770629138.85773,-69.52012708809235
1.4,-69,1770629138.9577,-69.517511673874
1.4,-69,1770629139.05767,-69.51492240520867
1.4,-69,1770629139.15753,-69.51235889186458
1.4,-69,1770629139.25985,-69.50982075133733
1.4,-69,1770629139.35814,-69.50730760865952
1.4,-69,1770629139.45811,-69.50481909621605
1.4,-69,1770629139.55707,-69.50235485356482
1.4,-69,1770629139.6576,-69.49991452726259
1.4,-69,1770629139.75765,-69.49749777069592
1.4,-69,1770629139.85847,-69.49510424391701
1.4,-69,1770629139.9591,-69.49273361348428
1.4,-70,1770629140.05749,-69.49515092879612
1.4,-70,1770629140.15833,-69.49754533954447
1.4,-70,1770629140.25813,-69.49991716985019
1.4,-70,1770629140.35795,-69.50226673774736
1.4,-70,1770629140.45854,-69.50459435532554
1.4,-70,1770629140.55842,-69.50690032886793
1.4,-70,1770629140.65845,-69.50918495898586
1.4,-70,1770629140.75772,-69.51144854074941
1.4,-70,1770629140.85955,-69.51369136381456
1.4,-70,1770629140.95763,-69.51591371254675
1.4,-70,1770629141.05786,-69.51811586614114